Alarms up. TZ: America/Santiago
{"level":50,"time":1769655300178,"pid":508584,"hostname":"TS-SURAGRA","job":"HEARTBEAT","err":"sendEmail: lista \"to\" vacía o inválida","msg":"Heartbeat failed"}
{"level":50,"time":1769741700665,"pid":508584,"hostname":"TS-SURAGRA","job":"HEARTBEAT","err":"sendEmail: lista \"to\" vacía o inválida","msg":"Heartbeat failed"}
{"level":30,"time":1769767200363,"pid":508584,"hostname":"TS-SURAGRA","msg":"Inicializando conexión MSSQL..."}
{"level":30,"time":1769767201508,"pid":508584,"hostname":"TS-SURAGRA","subject":"Resumen Neto Vencido","msg":"Template cargado"}
{"level":30,"time":1769767233207,"pid":508584,"hostname":"TS-SURAGRA","to":["jadcve@gmail.com"],"codIdtSap":"C77995010","msg":"Enviando NETO"}
{"level":30,"time":1769767234069,"pid":508584,"hostname":"TS-SURAGRA","to":["jadcve@gmail.com"],"cc":["aracelli@suragra.com","marcoantonio@suragra.com","cinthia@suragra.com","jadcve@gmail.com","tesoreria@suragra.com"],"subject":"Resumen Neto Vencido SURAGRA","id":"0101019c0e58ecd2-316ac47e-c126-4aa9-b4bb-9b77b87eb98e-000000","msg":"📎 Correo con logo inline enviado por SES"}
{"level":30,"time":1769767250393,"pid":508584,"hostname":"TS-SURAGRA","to":["jadcve@gmail.com"],"codIdtSap":"C96761800","msg":"Enviando NETO"}
{"level":30,"time":1769767250685,"pid":508584,"hostname":"TS-SURAGRA","to":["jadcve@gmail.com"],"cc":["aracelli@suragra.com","marcoantonio@suragra.com","cinthia@suragra.com","jadcve@gmail.com","tesoreria@suragra.com"],"subject":"Resumen Neto Vencido SURAGRA","id":"0101019c0e592dc0-a2fecbf3-345e-491a-8f20-5b3505445589-000000","msg":"📎 Correo con logo inline enviado por SES"}
{"level":30,"time":1769767266634,"pid":508584,"hostname":"TS-SURAGRA","to":["jadcve@gmail.com"],"codIdtSap":"C79650240","msg":"Enviando NETO"}
{"level":30,"time":1769767266924,"pid":508584,"hostname":"TS-SURAGRA","to":["jadcve@gmail.com"],"cc":["aracelli@suragra.com","marcoantonio@suragra.com","cinthia@suragra.com","jadcve@gmail.com","tesoreria@suragra.com"],"subject":"Resumen Neto Vencido SURAGRA","id":"0101019c0e596d2f-46a3c225-8f51-422b-8fc4-3149d298bbcc-000000","msg":"📎 Correo con logo inline enviado por SES"}
{"level":30,"time":1769767283090,"pid":508584,"hostname":"TS-SURAGRA","to":["jadcve@gmail.com"],"codIdtSap":"C77802578","msg":"Enviando NETO"}
{"level":30,"time":1769767283371,"pid":508584,"hostname":"TS-SURAGRA","to":["jadcve@gmail.com"],"cc":["aracelli@suragra.com","marcoantonio@suragra.com","cinthia@suragra.com","jadcve@gmail.com","tesoreria@suragra.com"],"subject":"Resumen Neto Vencido SURAGRA","id":"0101019c0e59ad76-cf42d8f9-1cfa-4977-9945-889554677d8a-000000","msg":"📎 Correo con logo inline enviado por SES"}
{"level":30,"time":1769767299105,"pid":508584,"hostname":"TS-SURAGRA","to":["jadcve@gmail.com"],"codIdtSap":"C76573605","msg":"Enviando NETO"}
{"level":30,"time":1769767299395,"pid":508584,"hostname":"TS-SURAGRA","to":["jadcve@gmail.com"],"cc":["aracelli@suragra.com","marcoantonio@suragra.com","cinthia@suragra.com","jadcve@gmail.com","tesoreria@suragra.com"],"subject":"Resumen Neto Vencido SURAGRA","id":"0101019c0e59ec04-54759cc2-6eb5-49a8-8f10-60f9351856c9-000000","msg":"📎 Correo con logo inline enviado por SES"}
{"level":30,"time":1769767315147,"pid":508584,"hostname":"TS-SURAGRA","to":["jadcve@gmail.com"],"codIdtSap":"C89255800","msg":"Enviando NETO"}
{"level":30,"time":1769767315464,"pid":508584,"hostname":"TS-SURAGRA","to":["jadcve@gmail.com"],"cc":["aracelli@suragra.com","marcoantonio@suragra.com","cinthia@suragra.com","jadcve@gmail.com","tesoreria@suragra.com"],"subject":"Resumen Neto Vencido SURAGRA","id":"0101019c0e5a2ab1-1ad569dc-5811-42ad-ba51-44090121c0d1-000000","msg":"📎 Correo con logo inline enviado por SES"}
{"level":30,"time":1769767331136,"pid":508584,"hostname":"TS-SURAGRA","to":["jadcve@gmail.com"],"codIdtSap":"C77739754","msg":"Enviando NETO"}
{"level":30,"time":1769767331435,"pid":508584,"hostname":"TS-SURAGRA","to":["jadcve@gmail.com"],"cc":["aracelli@suragra.com","marcoantonio@suragra.com","cinthia@suragra.com","jadcve@gmail.com","tesoreria@suragra.com"],"subject":"Resumen Neto Vencido SURAGRA","id":"0101019c0e5a6928-0bf1e9c5-f9e7-4f34-8517-59284c44b526-000000","msg":"📎 Correo con logo inline enviado por SES"}
{"level":30,"time":1769767347321,"pid":508584,"hostname":"TS-SURAGRA","to":["jadcve@gmail.com"],"codIdtSap":"C96681790","msg":"Enviando NETO"}
{"level":30,"time":1769767347659,"pid":508584,"hostname":"TS-SURAGRA","to":["jadcve@gmail.com"],"cc":["aracelli@suragra.com","marcoantonio@suragra.com","cinthia@suragra.com","jadcve@gmail.com","tesoreria@suragra.com"],"subject":"Resumen Neto Vencido SURAGRA","id":"0101019c0e5aa85d-ddfcd355-ce89-46f5-ac7b-fee3f7c736fb-000000","msg":"📎 Correo con logo inline enviado por SES"}
{"level":30,"time":1769767363365,"pid":508584,"hostname":"TS-SURAGRA","to":["jadcve@gmail.com"],"codIdtSap":"C11867026","msg":"Enviando NETO"}
{"level":30,"time":1769767363643,"pid":508584,"hostname":"TS-SURAGRA","to":["jadcve@gmail.com"],"cc":["aracelli@suragra.com","marcoantonio@suragra.com","cinthia@suragra.com","jadcve@gmail.com","tesoreria@suragra.com"],"subject":"Resumen Neto Vencido SURAGRA","id":"0101019c0e5ae707-83d6b0db-5811-4ba2-927d-6aade9f39086-000000","msg":"📎 Correo con logo inline enviado por SES"}
{"level":30,"time":1769767379405,"pid":508584,"hostname":"TS-SURAGRA","to":["jadcve@gmail.com"],"codIdtSap":"C76446121","msg":"Enviando NETO"}
{"level":30,"time":1769767379695,"pid":508584,"hostname":"TS-SURAGRA","to":["jadcve@gmail.com"],"cc":["aracelli@suragra.com","marcoantonio@suragra.com","cinthia@suragra.com","jadcve@gmail.com","tesoreria@suragra.com"],"subject":"Resumen Neto Vencido SURAGRA","id":"0101019c0e5b25af-ba93162c-b358-4ddc-b310-26e5483a8b1c-000000","msg":"📎 Correo con logo inline enviado por SES"}
{"level":30,"time":1769767395693,"pid":508584,"hostname":"TS-SURAGRA","to":["jadcve@gmail.com"],"codIdtSap":"C76056441","msg":"Enviando NETO"}
{"level":30,"time":1769767395989,"pid":508584,"hostname":"TS-SURAGRA","to":["jadcve@gmail.com"],"cc":["aracelli@suragra.com","marcoantonio@suragra.com","cinthia@suragra.com","jadcve@gmail.com","tesoreria@suragra.com"],"subject":"Resumen Neto Vencido SURAGRA","id":"0101019c0e5b655a-6a3a36e8-968a-42fa-8e6c-7dcbff30bded-000000","msg":"📎 Correo con logo inline enviado por SES"}
{"level":30,"time":1769767412070,"pid":508584,"hostname":"TS-SURAGRA","to":["jadcve@gmail.com"],"codIdtSap":"C76213723","msg":"Enviando NETO"}
{"level":30,"time":1769767412367,"pid":508584,"hostname":"TS-SURAGRA","to":["jadcve@gmail.com"],"cc":["aracelli@suragra.com","marcoantonio@suragra.com","cinthia@suragra.com","jadcve@gmail.com","tesoreria@suragra.com"],"subject":"Resumen Neto Vencido SURAGRA","id":"0101019c0e5ba551-690925d5-d56b-49b9-aa72-6eb9ff93bf75-000000","msg":"📎 Correo con logo inline enviado por SES"}
{"level":30,"time":1769767428226,"pid":508584,"hostname":"TS-SURAGRA","to":["jadcve@gmail.com"],"codIdtSap":"C76768906","msg":"Enviando NETO"}
{"level":30,"time":1769767428514,"pid":508584,"hostname":"TS-SURAGRA","to":["jadcve@gmail.com"],"cc":["aracelli@suragra.com","marcoantonio@suragra.com","cinthia@suragra.com","jadcve@gmail.com","tesoreria@suragra.com"],"subject":"Resumen Neto Vencido SURAGRA","id":"0101019c0e5be467-de214508-85d0-4727-b538-d91c581fdeaf-000000","msg":"📎 Correo con logo inline enviado por SES"}
{"level":30,"time":1769767444271,"pid":508584,"hostname":"TS-SURAGRA","to":["jadcve@gmail.com"],"codIdtSap":"C76067861","msg":"Enviando NETO"}
{"level":30,"time":1769767444550,"pid":508584,"hostname":"TS-SURAGRA","to":["jadcve@gmail.com"],"cc":["aracelli@suragra.com","marcoantonio@suragra.com","cinthia@suragra.com","jadcve@gmail.com","tesoreria@suragra.com"],"subject":"Resumen Neto Vencido SURAGRA","id":"0101019c0e5c2312-0a6a2a96-998c-448c-bb3d-d77f15947cb6-000000","msg":"📎 Correo con logo inline enviado por SES"}
{"level":30,"time":1769767460404,"pid":508584,"hostname":"TS-SURAGRA","to":["jadcve@gmail.com"],"codIdtSap":"C77350529","msg":"Enviando NETO"}
{"level":30,"time":1769767460696,"pid":508584,"hostname":"TS-SURAGRA","to":["jadcve@gmail.com"],"cc":["aracelli@suragra.com","marcoantonio@suragra.com","cinthia@suragra.com","jadcve@gmail.com","tesoreria@suragra.com"],"subject":"Resumen Neto Vencido SURAGRA","id":"0101019c0e5c6216-7df95eeb-b23c-405b-9cb5-5d90bd52dd07-000000","msg":"📎 Correo con logo inline enviado por SES"}
{"level":30,"time":1769767476474,"pid":508584,"hostname":"TS-SURAGRA","to":["jadcve@gmail.com"],"codIdtSap":"C76389543-2","msg":"Enviando NETO"}
{"level":30,"time":1769767476723,"pid":508584,"hostname":"TS-SURAGRA","to":["jadcve@gmail.com"],"cc":["aracelli@suragra.com","marcoantonio@suragra.com","cinthia@suragra.com","jadcve@gmail.com","tesoreria@suragra.com"],"subject":"Resumen Neto Vencido SURAGRA","id":"0101019c0e5ca0c9-ec32531b-6244-44ca-bbcc-7bbcac3089e6-000000","msg":"📎 Correo con logo inline enviado por SES"}
{"level":30,"time":1769767492565,"pid":508584,"hostname":"TS-SURAGRA","to":["jadcve@gmail.com"],"codIdtSap":"C93329000","msg":"Enviando NETO"}
{"level":30,"time":1769767492817,"pid":508584,"hostname":"TS-SURAGRA","to":["jadcve@gmail.com"],"cc":["aracelli@suragra.com","marcoantonio@suragra.com","cinthia@suragra.com","jadcve@gmail.com","tesoreria@suragra.com"],"subject":"Resumen Neto Vencido SURAGRA","id":"0101019c0e5cdfa1-e5e6ca78-16bd-4459-a6af-8c7f59329d0f-000000","msg":"📎 Correo con logo inline enviado por SES"}
{"level":30,"time":1769767508836,"pid":508584,"hostname":"TS-SURAGRA","to":["jadcve@gmail.com"],"codIdtSap":"C76087419","msg":"Enviando NETO"}
{"level":30,"time":1769767509129,"pid":508584,"hostname":"TS-SURAGRA","to":["jadcve@gmail.com"],"cc":["aracelli@suragra.com","marcoantonio@suragra.com","cinthia@suragra.com","jadcve@gmail.com","tesoreria@suragra.com"],"subject":"Resumen Neto Vencido SURAGRA","id":"0101019c0e5d1f41-fa40752f-ab84-4755-bf0e-b15a819ac876-000000","msg":"📎 Correo con logo inline enviado por SES"}
{"level":30,"time":1769767525585,"pid":508584,"hostname":"TS-SURAGRA","to":["jadcve@gmail.com"],"codIdtSap":"C76885621","msg":"Enviando NETO"}
{"level":30,"time":1769767525842,"pid":508584,"hostname":"TS-SURAGRA","to":["jadcve@gmail.com"],"cc":["aracelli@suragra.com","marcoantonio@suragra.com","cinthia@suragra.com","jadcve@gmail.com","tesoreria@suragra.com"],"subject":"Resumen Neto Vencido SURAGRA","id":"0101019c0e5d60a1-22fb8650-1c79-4880-9971-45e9bc535356-000000","msg":"📎 Correo con logo inline enviado por SES"}
{"level":30,"time":1769767542176,"pid":508584,"hostname":"TS-SURAGRA","to":["jadcve@gmail.com"],"codIdtSap":"C76304361","msg":"Enviando NETO"}
{"level":30,"time":1769767542477,"pid":508584,"hostname":"TS-SURAGRA","to":["jadcve@gmail.com"],"cc":["aracelli@suragra.com","marcoantonio@suragra.com","cinthia@suragra.com","jadcve@gmail.com","tesoreria@suragra.com"],"subject":"Resumen Neto Vencido SURAGRA","id":"0101019c0e5da187-dbb169cf-56ca-4108-864f-ad58495c2eba-000000","msg":"📎 Correo con logo inline enviado por SES"}
{"level":30,"time":1769767565824,"pid":508584,"hostname":"TS-SURAGRA","to":["jadcve@gmail.com"],"codIdtSap":"C96609410","msg":"Enviando NETO"}
{"level":30,"time":1769767566125,"pid":508584,"hostname":"TS-SURAGRA","to":["jadcve@gmail.com"],"cc":["aracelli@suragra.com","marcoantonio@suragra.com","cinthia@suragra.com","jadcve@gmail.com","tesoreria@suragra.com"],"subject":"Resumen Neto Vencido SURAGRA","id":"0101019c0e5dfde1-b96fae1e-b0d2-4ecb-a85d-e24809868e96-000000","msg":"📎 Correo con logo inline enviado por SES"}
{"level":30,"time":1769767583900,"pid":508584,"hostname":"TS-SURAGRA","to":["jadcve@gmail.com"],"codIdtSap":"C77757654","msg":"Enviando NETO"}
{"level":30,"time":1769767584184,"pid":508584,"hostname":"TS-SURAGRA","to":["jadcve@gmail.com"],"cc":["aracelli@suragra.com","marcoantonio@suragra.com","cinthia@suragra.com","jadcve@gmail.com","tesoreria@suragra.com"],"subject":"Resumen Neto Vencido SURAGRA","id":"0101019c0e5e447d-10ccf787-fafb-4345-a1d3-1859daab46de-000000","msg":"📎 Correo con logo inline enviado por SES"}
{"level":30,"time":1769767609425,"pid":508584,"hostname":"TS-SURAGRA","to":["jadcve@gmail.com"],"codIdtSap":"C76536565","msg":"Enviando NETO"}
{"level":30,"time":1769767609719,"pid":508584,"hostname":"TS-SURAGRA","to":["jadcve@gmail.com"],"cc":["aracelli@suragra.com","marcoantonio@suragra.com","cinthia@suragra.com","jadcve@gmail.com","tesoreria@suragra.com"],"subject":"Resumen Neto Vencido SURAGRA","id":"0101019c0e5ea836-2a1dd538-9193-49b2-bb22-8795afb23a5d-000000","msg":"📎 Correo con logo inline enviado por SES"}
{"level":30,"time":1769767628877,"pid":508584,"hostname":"TS-SURAGRA","to":["jadcve@gmail.com"],"codIdtSap":"C76001496","msg":"Enviando NETO"}
{"level":30,"time":1769767629176,"pid":508584,"hostname":"TS-SURAGRA","to":["jadcve@gmail.com"],"cc":["aracelli@suragra.com","marcoantonio@suragra.com","cinthia@suragra.com","jadcve@gmail.com","tesoreria@suragra.com"],"subject":"Resumen Neto Vencido SURAGRA","id":"0101019c0e5ef42e-350ee826-4a19-48eb-a92d-6b6697b5faa7-000000","msg":"📎 Correo con logo inline enviado por SES"}
{"level":30,"time":1769767646605,"pid":508584,"hostname":"TS-SURAGRA","to":["jadcve@gmail.com"],"codIdtSap":"C99578700","msg":"Enviando NETO"}
{"level":30,"time":1769767646881,"pid":508584,"hostname":"TS-SURAGRA","to":["jadcve@gmail.com"],"cc":["aracelli@suragra.com","marcoantonio@suragra.com","cinthia@suragra.com","jadcve@gmail.com","tesoreria@suragra.com"],"subject":"Resumen Neto Vencido SURAGRA","id":"0101019c0e5f3969-2ad2e9b3-3a88-4da0-a981-008dbb2dfaf0-000000","msg":"📎 Correo con logo inline enviado por SES"}
{"level":30,"time":1769767662972,"pid":508584,"hostname":"TS-SURAGRA","to":["jadcve@gmail.com"],"codIdtSap":"C76036883","msg":"Enviando NETO"}
{"level":30,"time":1769767663253,"pid":508584,"hostname":"TS-SURAGRA","to":["jadcve@gmail.com"],"cc":["aracelli@suragra.com","marcoantonio@suragra.com","cinthia@suragra.com","jadcve@gmail.com","tesoreria@suragra.com"],"subject":"Resumen Neto Vencido SURAGRA","id":"0101019c0e5f7959-44b48303-b8fd-4a8c-96a2-960578f22bb1-000000","msg":"📎 Correo con logo inline enviado por SES"}
{"level":30,"time":1769767679499,"pid":508584,"hostname":"TS-SURAGRA","to":["jadcve@gmail.com"],"codIdtSap":"C76954536","msg":"Enviando NETO"}
{"level":30,"time":1769767679777,"pid":508584,"hostname":"TS-SURAGRA","to":["jadcve@gmail.com"],"cc":["aracelli@suragra.com","marcoantonio@suragra.com","cinthia@suragra.com","jadcve@gmail.com","tesoreria@suragra.com"],"subject":"Resumen Neto Vencido SURAGRA","id":"0101019c0e5fb9ed-e4632ee7-a393-4546-9253-150fb8d5b0d8-000000","msg":"📎 Correo con logo inline enviado por SES"}
{"level":30,"time":1769767695717,"pid":508584,"hostname":"TS-SURAGRA","to":["jadcve@gmail.com"],"codIdtSap":"C76109640","msg":"Enviando NETO"}
{"level":30,"time":1769767695998,"pid":508584,"hostname":"TS-SURAGRA","to":["jadcve@gmail.com"],"cc":["aracelli@suragra.com","marcoantonio@suragra.com","cinthia@suragra.com","jadcve@gmail.com","tesoreria@suragra.com"],"subject":"Resumen Neto Vencido SURAGRA","id":"0101019c0e5ff948-a95f2c1b-dcad-4ede-985e-d7e50eab99fb-000000","msg":"📎 Correo con logo inline enviado por SES"}
{"level":30,"time":1769767712543,"pid":508584,"hostname":"TS-SURAGRA","to":["jadcve@gmail.com"],"codIdtSap":"C77404196","msg":"Enviando NETO"}
{"level":30,"time":1769767712831,"pid":508584,"hostname":"TS-SURAGRA","to":["jadcve@gmail.com"],"cc":["aracelli@suragra.com","marcoantonio@suragra.com","cinthia@suragra.com","jadcve@gmail.com","tesoreria@suragra.com"],"subject":"Resumen Neto Vencido SURAGRA","id":"0101019c0e603b02-396338fd-5efc-4a11-92c9-2921afd61392-000000","msg":"📎 Correo con logo inline enviado por SES"}
{"level":30,"time":1769767728755,"pid":508584,"hostname":"TS-SURAGRA","to":["jadcve@gmail.com"],"codIdtSap":"C76200382","msg":"Enviando NETO"}
{"level":30,"time":1769767729002,"pid":508584,"hostname":"TS-SURAGRA","to":["jadcve@gmail.com"],"cc":["aracelli@suragra.com","marcoantonio@suragra.com","cinthia@suragra.com","jadcve@gmail.com","tesoreria@suragra.com"],"subject":"Resumen Neto Vencido SURAGRA","id":"0101019c0e607a3d-4cf1af82-a411-4ed6-80ab-35a78c9c0fa5-000000","msg":"📎 Correo con logo inline enviado por SES"}
{"level":30,"time":1769767745119,"pid":508584,"hostname":"TS-SURAGRA","to":["jadcve@gmail.com"],"codIdtSap":"C76193074","msg":"Enviando NETO"}
{"level":30,"time":1769767745408,"pid":508584,"hostname":"TS-SURAGRA","to":["jadcve@gmail.com"],"cc":["aracelli@suragra.com","marcoantonio@suragra.com","cinthia@suragra.com","jadcve@gmail.com","tesoreria@suragra.com"],"subject":"Resumen Neto Vencido SURAGRA","id":"0101019c0e60ba43-fd141bb7-74f8-4867-b676-32854ca37c0c-000000","msg":"📎 Correo con logo inline enviado por SES"}
{"level":30,"time":1769767761305,"pid":508584,"hostname":"TS-SURAGRA","to":["jadcve@gmail.com"],"codIdtSap":"C77360658","msg":"Enviando NETO"}
{"level":30,"time":1769767761587,"pid":508584,"hostname":"TS-SURAGRA","to":["jadcve@gmail.com"],"cc":["aracelli@suragra.com","marcoantonio@suragra.com","cinthia@suragra.com","jadcve@gmail.com","tesoreria@suragra.com"],"subject":"Resumen Neto Vencido SURAGRA","id":"0101019c0e60f977-b12c507a-cc96-4859-b6cd-3c80b8c7b80c-000000","msg":"📎 Correo con logo inline enviado por SES"}
{"level":30,"time":1769767777510,"pid":508584,"hostname":"TS-SURAGRA","to":["jadcve@gmail.com"],"codIdtSap":"C76181799","msg":"Enviando NETO"}
{"level":30,"time":1769767777822,"pid":508584,"hostname":"TS-SURAGRA","to":["jadcve@gmail.com"],"cc":["aracelli@suragra.com","marcoantonio@suragra.com","cinthia@suragra.com","jadcve@gmail.com","tesoreria@suragra.com"],"subject":"Resumen Neto Vencido SURAGRA","id":"0101019c0e6138db-5dc94815-1899-4f15-ab55-cfaa7ab297fb-000000","msg":"📎 Correo con logo inline enviado por SES"}
{"level":30,"time":1769767793765,"pid":508584,"hostname":"TS-SURAGRA","to":["jadcve@gmail.com"],"codIdtSap":"C76154796","msg":"Enviando NETO"}
{"level":30,"time":1769767794020,"pid":508584,"hostname":"TS-SURAGRA","to":["jadcve@gmail.com"],"cc":["aracelli@suragra.com","marcoantonio@suragra.com","cinthia@suragra.com","jadcve@gmail.com","tesoreria@suragra.com"],"subject":"Resumen Neto Vencido SURAGRA","id":"0101019c0e617834-e7686925-935d-45ae-8614-984b89d7a187-000000","msg":"📎 Correo con logo inline enviado por SES"}
{"level":30,"time":1769767810522,"pid":508584,"hostname":"TS-SURAGRA","to":["jadcve@gmail.com"],"codIdtSap":"C78029510","msg":"Enviando NETO"}
{"level":30,"time":1769767810860,"pid":508584,"hostname":"TS-SURAGRA","to":["jadcve@gmail.com"],"cc":["aracelli@suragra.com","marcoantonio@suragra.com","cinthia@suragra.com","jadcve@gmail.com","tesoreria@suragra.com"],"subject":"Resumen Neto Vencido SURAGRA","id":"0101019c0e61b9aa-99e37dab-ea03-4ea8-9d87-0f4c7f936c60-000000","msg":"📎 Correo con logo inline enviado por SES"}
{"level":30,"time":1769767827548,"pid":508584,"hostname":"TS-SURAGRA","to":["jadcve@gmail.com"],"codIdtSap":"C76730300","msg":"Enviando NETO"}
{"level":30,"time":1769767827843,"pid":508584,"hostname":"TS-SURAGRA","to":["jadcve@gmail.com"],"cc":["aracelli@suragra.com","marcoantonio@suragra.com","cinthia@suragra.com","jadcve@gmail.com","tesoreria@suragra.com"],"subject":"Resumen Neto Vencido SURAGRA","id":"0101019c0e61fc3a-92cf4f43-dc41-4b98-88cc-0cd37ae89ec5-000000","msg":"📎 Correo con logo inline enviado por SES"}
{"level":30,"time":1769767843810,"pid":508584,"hostname":"TS-SURAGRA","to":["jadcve@gmail.com"],"codIdtSap":"C761625829","msg":"Enviando NETO"}
{"level":30,"time":1769767844094,"pid":508584,"hostname":"TS-SURAGRA","to":["jadcve@gmail.com"],"cc":["aracelli@suragra.com","marcoantonio@suragra.com","cinthia@suragra.com","jadcve@gmail.com","tesoreria@suragra.com"],"subject":"Resumen Neto Vencido SURAGRA","id":"0101019c0e623bae-7daffa39-4bbe-42cd-8152-deb61c1ecff8-000000","msg":"📎 Correo con logo inline enviado por SES"}
{"level":50,"time":1769767844097,"pid":508584,"hostname":"TS-SURAGRA","job":"NETO","err":"Cannot read properties of undefined (reading 'to')","msg":"job failed"}
{"level":50,"time":1769828100668,"pid":508584,"hostname":"TS-SURAGRA","job":"HEARTBEAT","err":"sendEmail: lista \"to\" vacía o inválida","msg":"Heartbeat failed"}
{"level":50,"time":1769914500670,"pid":508584,"hostname":"TS-SURAGRA","job":"HEARTBEAT","err":"sendEmail: lista \"to\" vacía o inválida","msg":"Heartbeat failed"}
{"level":50,"time":1770000900664,"pid":508584,"hostname":"TS-SURAGRA","job":"HEARTBEAT","err":"sendEmail: lista \"to\" vacía o inválida","msg":"Heartbeat failed"}
{"level":50,"time":1770087300676,"pid":508584,"hostname":"TS-SURAGRA","job":"HEARTBEAT","err":"sendEmail: lista \"to\" vacía o inválida","msg":"Heartbeat failed"}
{"level":50,"time":1770173700669,"pid":508584,"hostname":"TS-SURAGRA","job":"HEARTBEAT","err":"sendEmail: lista \"to\" vacía o inválida","msg":"Heartbeat failed"}
{"level":30,"time":1770202800599,"pid":508584,"hostname":"TS-SURAGRA","subject":"Resumen de Facturacion","msg":"Template RFAC cargado"}
{"level":30,"time":1770202829885,"pid":508584,"hostname":"TS-SURAGRA","to":["jadcve@gmail.com"],"codIdtSap":"C76011359","msg":"Enviando RFAC"}
{"level":30,"time":1770202830616,"pid":508584,"hostname":"TS-SURAGRA","to":["jadcve@gmail.com"],"cc":["aracelli@suragra.com","marcoantonio@suragra.com","cinthia@suragra.com","jadcve@gmail.com","tesoreria@suragra.com"],"subject":"Resumen de Facturacion SURAGRA","id":"0101019c284f99db-05b5a4fb-b017-43c5-b51a-f8bfa9189d50-000000","msg":"✉️ Correo enviado por SES"}
{"level":30,"time":1770202849891,"pid":508584,"hostname":"TS-SURAGRA","to":["jadcve@gmail.com"],"codIdtSap":"C76055435","msg":"Enviando RFAC"}
{"level":30,"time":1770202850180,"pid":508584,"hostname":"TS-SURAGRA","to":["jadcve@gmail.com"],"cc":["aracelli@suragra.com","marcoantonio@suragra.com","cinthia@suragra.com","jadcve@gmail.com","tesoreria@suragra.com"],"subject":"Resumen de Facturacion SURAGRA","id":"0101019c284fe64e-12494517-90fb-47a5-96c6-f9bf124f467f-000000","msg":"✉️ Correo enviado por SES"}
{"level":30,"time":1770202868858,"pid":508584,"hostname":"TS-SURAGRA","to":["jadcve@gmail.com"],"codIdtSap":"C76056132","msg":"Enviando RFAC"}
{"level":30,"time":1770202869177,"pid":508584,"hostname":"TS-SURAGRA","to":["jadcve@gmail.com"],"cc":["aracelli@suragra.com","marcoantonio@suragra.com","cinthia@suragra.com","jadcve@gmail.com","tesoreria@suragra.com"],"subject":"Resumen de Facturacion SURAGRA","id":"0101019c28503068-96a57d63-13a9-4a82-ba49-2b389b83eb9a-000000","msg":"✉️ Correo enviado por SES"}
{"level":30,"time":1770202889402,"pid":508584,"hostname":"TS-SURAGRA","to":["jadcve@gmail.com"],"codIdtSap":"C76073818","msg":"Enviando RFAC"}
{"level":30,"time":1770202889689,"pid":508584,"hostname":"TS-SURAGRA","to":["jadcve@gmail.com"],"cc":["aracelli@suragra.com","marcoantonio@suragra.com","cinthia@suragra.com","jadcve@gmail.com","tesoreria@suragra.com"],"subject":"Resumen de Facturacion SURAGRA","id":"0101019c2850809f-5c25eef0-251c-437e-b34e-c1572677d1d0-000000","msg":"✉️ Correo enviado por SES"}
{"level":30,"time":1770202914813,"pid":508584,"hostname":"TS-SURAGRA","to":["jadcve@gmail.com"],"codIdtSap":"C76101146","msg":"Enviando RFAC"}
{"level":30,"time":1770202915120,"pid":508584,"hostname":"TS-SURAGRA","to":["jadcve@gmail.com"],"cc":["aracelli@suragra.com","marcoantonio@suragra.com","cinthia@suragra.com","jadcve@gmail.com","tesoreria@suragra.com"],"subject":"Resumen de Facturacion SURAGRA","id":"0101019c2850e3e5-d71898ed-925b-4a14-8c07-7d4896b9738f-000000","msg":"✉️ Correo enviado por SES"}
{"level":30,"time":1770202934714,"pid":508584,"hostname":"TS-SURAGRA","to":["jadcve@gmail.com"],"codIdtSap":"C76113439","msg":"Enviando RFAC"}
{"level":30,"time":1770202934997,"pid":508584,"hostname":"TS-SURAGRA","to":["jadcve@gmail.com"],"cc":["aracelli@suragra.com","marcoantonio@suragra.com","cinthia@suragra.com","jadcve@gmail.com","tesoreria@suragra.com"],"subject":"Resumen de Facturacion SURAGRA","id":"0101019c285131a2-8521d4db-fdf0-42ee-9796-3d1fb1a12f19-000000","msg":"✉️ Correo enviado por SES"}
{"level":30,"time":1770202953240,"pid":508584,"hostname":"TS-SURAGRA","to":["jadcve@gmail.com"],"codIdtSap":"C76143653","msg":"Enviando RFAC"}
{"level":30,"time":1770202953509,"pid":508584,"hostname":"TS-SURAGRA","to":["jadcve@gmail.com"],"cc":["aracelli@suragra.com","marcoantonio@suragra.com","cinthia@suragra.com","jadcve@gmail.com","tesoreria@suragra.com"],"subject":"Resumen de Facturacion SURAGRA","id":"0101019c285179f4-3bbf3703-19db-4642-9206-f7662b333f87-000000","msg":"✉️ Correo enviado por SES"}
{"level":30,"time":1770202971623,"pid":508584,"hostname":"TS-SURAGRA","to":["jadcve@gmail.com"],"codIdtSap":"C76154796","msg":"Enviando RFAC"}
{"level":30,"time":1770202971933,"pid":508584,"hostname":"TS-SURAGRA","to":["jadcve@gmail.com"],"cc":["aracelli@suragra.com","marcoantonio@suragra.com","cinthia@suragra.com","jadcve@gmail.com","tesoreria@suragra.com"],"subject":"Resumen de Facturacion SURAGRA","id":"0101019c2851c1d0-8f65c7ad-87a1-4baf-906c-68fd881c16ad-000000","msg":"✉️ Correo enviado por SES"}
{"level":30,"time":1770202990273,"pid":508584,"hostname":"TS-SURAGRA","to":["jadcve@gmail.com"],"codIdtSap":"C76175910","msg":"Enviando RFAC"}
{"level":30,"time":1770202990548,"pid":508584,"hostname":"TS-SURAGRA","to":["jadcve@gmail.com"],"cc":["aracelli@suragra.com","marcoantonio@suragra.com","cinthia@suragra.com","jadcve@gmail.com","tesoreria@suragra.com"],"subject":"Resumen de Facturacion SURAGRA","id":"0101019c28520aa8-b1eaec62-f6e4-44be-839b-d3f543354d07-000000","msg":"✉️ Correo enviado por SES"}
{"level":30,"time":1770203008980,"pid":508584,"hostname":"TS-SURAGRA","to":["jadcve@gmail.com"],"codIdtSap":"C76180781","msg":"Enviando RFAC"}
{"level":30,"time":1770203009269,"pid":508584,"hostname":"TS-SURAGRA","to":["jadcve@gmail.com"],"cc":["aracelli@suragra.com","marcoantonio@suragra.com","cinthia@suragra.com","jadcve@gmail.com","tesoreria@suragra.com"],"subject":"Resumen de Facturacion SURAGRA","id":"0101019c285253bd-f8293cc7-9670-408a-a072-c776c79e70e1-000000","msg":"✉️ Correo enviado por SES"}
{"level":30,"time":1770203027455,"pid":508584,"hostname":"TS-SURAGRA","to":["jadcve@gmail.com"],"codIdtSap":"C76213723","msg":"Enviando RFAC"}
{"level":30,"time":1770203027781,"pid":508584,"hostname":"TS-SURAGRA","to":["jadcve@gmail.com"],"cc":["aracelli@suragra.com","marcoantonio@suragra.com","cinthia@suragra.com","jadcve@gmail.com","tesoreria@suragra.com"],"subject":"Resumen de Facturacion SURAGRA","id":"0101019c28529be1-2b435619-4647-4b2b-ad78-67e9951a4ef4-000000","msg":"✉️ Correo enviado por SES"}
{"level":30,"time":1770203046084,"pid":508584,"hostname":"TS-SURAGRA","to":["jadcve@gmail.com"],"codIdtSap":"C76384094","msg":"Enviando RFAC"}
{"level":30,"time":1770203046372,"pid":508584,"hostname":"TS-SURAGRA","to":["jadcve@gmail.com"],"cc":["aracelli@suragra.com","marcoantonio@suragra.com","cinthia@suragra.com","jadcve@gmail.com","tesoreria@suragra.com"],"subject":"Resumen de Facturacion SURAGRA","id":"0101019c2852e4b0-03d8f3f2-e896-4032-adb7-115d81ccdd7a-000000","msg":"✉️ Correo enviado por SES"}
{"level":30,"time":1770203064547,"pid":508584,"hostname":"TS-SURAGRA","to":["jadcve@gmail.com"],"codIdtSap":"C76411436","msg":"Enviando RFAC"}
{"level":30,"time":1770203064861,"pid":508584,"hostname":"TS-SURAGRA","to":["jadcve@gmail.com"],"cc":["aracelli@suragra.com","marcoantonio@suragra.com","cinthia@suragra.com","jadcve@gmail.com","tesoreria@suragra.com"],"subject":"Resumen de Facturacion SURAGRA","id":"0101019c28532cce-7b1fdf3a-fad1-4c6e-bab8-59e8b6c9c4d4-000000","msg":"✉️ Correo enviado por SES"}
{"level":30,"time":1770203082828,"pid":508584,"hostname":"TS-SURAGRA","to":["jadcve@gmail.com"],"codIdtSap":"C76435920","msg":"Enviando RFAC"}
{"level":30,"time":1770203083128,"pid":508584,"hostname":"TS-SURAGRA","to":["jadcve@gmail.com"],"cc":["aracelli@suragra.com","marcoantonio@suragra.com","cinthia@suragra.com","jadcve@gmail.com","tesoreria@suragra.com"],"subject":"Resumen de Facturacion SURAGRA","id":"0101019c28537437-de2dbab4-5da8-41b3-928a-7c4878cef6fc-000000","msg":"✉️ Correo enviado por SES"}
{"level":30,"time":1770203101229,"pid":508584,"hostname":"TS-SURAGRA","to":["jadcve@gmail.com"],"codIdtSap":"C76439030","msg":"Enviando RFAC"}
{"level":30,"time":1770203101558,"pid":508584,"hostname":"TS-SURAGRA","to":["jadcve@gmail.com"],"cc":["aracelli@suragra.com","marcoantonio@suragra.com","cinthia@suragra.com","jadcve@gmail.com","tesoreria@suragra.com"],"subject":"Resumen de Facturacion SURAGRA","id":"0101019c2853bc18-d576faa9-e265-44e6-aef5-38e91063e654-000000","msg":"✉️ Correo enviado por SES"}
{"level":30,"time":1770203120444,"pid":508584,"hostname":"TS-SURAGRA","to":["jadcve@gmail.com"],"codIdtSap":"C76446121","msg":"Enviando RFAC"}
{"level":30,"time":1770203120732,"pid":508584,"hostname":"TS-SURAGRA","to":["jadcve@gmail.com"],"cc":["aracelli@suragra.com","marcoantonio@suragra.com","cinthia@suragra.com","jadcve@gmail.com","tesoreria@suragra.com"],"subject":"Resumen de Facturacion SURAGRA","id":"0101019c28540724-9039707b-c058-4e9f-a379-59a365a56c9e-000000","msg":"✉️ Correo enviado por SES"}
{"level":30,"time":1770203139819,"pid":508584,"hostname":"TS-SURAGRA","to":["jadcve@gmail.com"],"codIdtSap":"C76453978","msg":"Enviando RFAC"}
{"level":30,"time":1770203140117,"pid":508584,"hostname":"TS-SURAGRA","to":["jadcve@gmail.com"],"cc":["aracelli@suragra.com","marcoantonio@suragra.com","cinthia@suragra.com","jadcve@gmail.com","tesoreria@suragra.com"],"subject":"Resumen de Facturacion SURAGRA","id":"0101019c285452cf-92864f9a-43e0-4101-9d97-4631ab2247db-000000","msg":"✉️ Correo enviado por SES"}
{"level":30,"time":1770203169379,"pid":508584,"hostname":"TS-SURAGRA","to":["jadcve@gmail.com"],"codIdtSap":"C76502024","msg":"Enviando RFAC"}
{"level":30,"time":1770203169660,"pid":508584,"hostname":"TS-SURAGRA","to":["jadcve@gmail.com"],"cc":["aracelli@suragra.com","marcoantonio@suragra.com","cinthia@suragra.com","jadcve@gmail.com","tesoreria@suragra.com"],"subject":"Resumen de Facturacion SURAGRA","id":"0101019c2854c649-d2edd3c8-8528-4c8f-9d2a-40324a694612-000000","msg":"✉️ Correo enviado por SES"}
{"level":30,"time":1770203195014,"pid":508584,"hostname":"TS-SURAGRA","to":["jadcve@gmail.com"],"codIdtSap":"C76522630","msg":"Enviando RFAC"}
{"level":30,"time":1770203195293,"pid":508584,"hostname":"TS-SURAGRA","to":["jadcve@gmail.com"],"cc":["aracelli@suragra.com","marcoantonio@suragra.com","cinthia@suragra.com","jadcve@gmail.com","tesoreria@suragra.com"],"subject":"Resumen de Facturacion SURAGRA","id":"0101019c28552a6d-8b385be5-729a-4f66-ba17-a74c0b8bd3e2-000000","msg":"✉️ Correo enviado por SES"}
{"level":30,"time":1770203214594,"pid":508584,"hostname":"TS-SURAGRA","to":["jadcve@gmail.com"],"codIdtSap":"C76592089","msg":"Enviando RFAC"}
{"level":30,"time":1770203214932,"pid":508584,"hostname":"TS-SURAGRA","to":["jadcve@gmail.com"],"cc":["aracelli@suragra.com","marcoantonio@suragra.com","cinthia@suragra.com","jadcve@gmail.com","tesoreria@suragra.com"],"subject":"Resumen de Facturacion SURAGRA","id":"0101019c285576eb-a65a9174-4783-4984-83a6-25fc0700aa84-000000","msg":"✉️ Correo enviado por SES"}
{"level":30,"time":1770203233254,"pid":508584,"hostname":"TS-SURAGRA","to":["jadcve@gmail.com"],"codIdtSap":"C76625630-9","msg":"Enviando RFAC"}
{"level":30,"time":1770203233543,"pid":508584,"hostname":"TS-SURAGRA","to":["jadcve@gmail.com"],"cc":["aracelli@suragra.com","marcoantonio@suragra.com","cinthia@suragra.com","jadcve@gmail.com","tesoreria@suragra.com"],"subject":"Resumen de Facturacion SURAGRA","id":"0101019c2855bfcf-109a74e8-613f-4017-b81f-946dcb6acc9d-000000","msg":"✉️ Correo enviado por SES"}
{"level":30,"time":1770203251718,"pid":508584,"hostname":"TS-SURAGRA","to":["jadcve@gmail.com"],"codIdtSap":"C76633540","msg":"Enviando RFAC"}
{"level":30,"time":1770203252042,"pid":508584,"hostname":"TS-SURAGRA","to":["jadcve@gmail.com"],"cc":["aracelli@suragra.com","marcoantonio@suragra.com","cinthia@suragra.com","jadcve@gmail.com","tesoreria@suragra.com"],"subject":"Resumen de Facturacion SURAGRA","id":"0101019c285607ee-312f71f1-32d1-4a6a-8820-3dd15d7d2e0b-000000","msg":"✉️ Correo enviado por SES"}
{"level":30,"time":1770203270264,"pid":508584,"hostname":"TS-SURAGRA","to":["jadcve@gmail.com"],"codIdtSap":"C76681878","msg":"Enviando RFAC"}
{"level":30,"time":1770203270512,"pid":508584,"hostname":"TS-SURAGRA","to":["jadcve@gmail.com"],"cc":["aracelli@suragra.com","marcoantonio@suragra.com","cinthia@suragra.com","jadcve@gmail.com","tesoreria@suragra.com"],"subject":"Resumen de Facturacion SURAGRA","id":"0101019c28565049-20f87716-0482-47cd-88dd-d490e42cf884-000000","msg":"✉️ Correo enviado por SES"}
{"level":30,"time":1770203288675,"pid":508584,"hostname":"TS-SURAGRA","to":["jadcve@gmail.com"],"codIdtSap":"C76769209","msg":"Enviando RFAC"}
{"level":30,"time":1770203288971,"pid":508584,"hostname":"TS-SURAGRA","to":["jadcve@gmail.com"],"cc":["aracelli@suragra.com","marcoantonio@suragra.com","cinthia@suragra.com","jadcve@gmail.com","tesoreria@suragra.com"],"subject":"Resumen de Facturacion SURAGRA","id":"0101019c2856984f-1d44ff4b-c980-4c1e-b444-afd3a7efdf6a-000000","msg":"✉️ Correo enviado por SES"}
{"level":30,"time":1770203307414,"pid":508584,"hostname":"TS-SURAGRA","to":["jadcve@gmail.com"],"codIdtSap":"C76797545","msg":"Enviando RFAC"}
{"level":30,"time":1770203307721,"pid":508584,"hostname":"TS-SURAGRA","to":["jadcve@gmail.com"],"cc":["aracelli@suragra.com","marcoantonio@suragra.com","cinthia@suragra.com","jadcve@gmail.com","tesoreria@suragra.com"],"subject":"Resumen de Facturacion SURAGRA","id":"0101019c2856e181-cfa95905-4a99-4885-afcd-723c29e0438e-000000","msg":"✉️ Correo enviado por SES"}
{"level":30,"time":1770203326105,"pid":508584,"hostname":"TS-SURAGRA","to":["jadcve@gmail.com"],"codIdtSap":"C76970321","msg":"Enviando RFAC"}
{"level":30,"time":1770203326452,"pid":508584,"hostname":"TS-SURAGRA","to":["jadcve@gmail.com"],"cc":["aracelli@suragra.com","marcoantonio@suragra.com","cinthia@suragra.com","jadcve@gmail.com","tesoreria@suragra.com"],"subject":"Resumen de Facturacion SURAGRA","id":"0101019c28572a85-262841ef-5786-4c59-bbff-c9f3ae215e2e-000000","msg":"✉️ Correo enviado por SES"}
{"level":30,"time":1770203344872,"pid":508584,"hostname":"TS-SURAGRA","to":["jadcve@gmail.com"],"codIdtSap":"C76979390","msg":"Enviando RFAC"}
{"level":30,"time":1770203345156,"pid":508584,"hostname":"TS-SURAGRA","to":["jadcve@gmail.com"],"cc":["aracelli@suragra.com","marcoantonio@suragra.com","cinthia@suragra.com","jadcve@gmail.com","tesoreria@suragra.com"],"subject":"Resumen de Facturacion SURAGRA","id":"0101019c285773cb-c828b148-f3c1-4d48-8798-9d819144aed5-000000","msg":"✉️ Correo enviado por SES"}
{"level":30,"time":1770203363500,"pid":508584,"hostname":"TS-SURAGRA","to":["jadcve@gmail.com"],"codIdtSap":"C77032639","msg":"Enviando RFAC"}
{"level":30,"time":1770203363795,"pid":508584,"hostname":"TS-SURAGRA","to":["jadcve@gmail.com"],"cc":["aracelli@suragra.com","marcoantonio@suragra.com","cinthia@suragra.com","jadcve@gmail.com","tesoreria@suragra.com"],"subject":"Resumen de Facturacion SURAGRA","id":"0101019c2857bc96-006564c9-0705-4d79-b2ed-81485d520454-000000","msg":"✉️ Correo enviado por SES"}
{"level":30,"time":1770203382103,"pid":508584,"hostname":"TS-SURAGRA","to":["jadcve@gmail.com"],"codIdtSap":"C77076859","msg":"Enviando RFAC"}
{"level":30,"time":1770203382389,"pid":508584,"hostname":"TS-SURAGRA","to":["jadcve@gmail.com"],"cc":["aracelli@suragra.com","marcoantonio@suragra.com","cinthia@suragra.com","jadcve@gmail.com","tesoreria@suragra.com"],"subject":"Resumen de Facturacion SURAGRA","id":"0101019c2858053f-b9bf97a7-397e-4189-b756-ea21b52719fc-000000","msg":"✉️ Correo enviado por SES"}
{"level":30,"time":1770203400737,"pid":508584,"hostname":"TS-SURAGRA","to":["jadcve@gmail.com"],"codIdtSap":"C77223122","msg":"Enviando RFAC"}
{"level":30,"time":1770203401227,"pid":508584,"hostname":"TS-SURAGRA","to":["jadcve@gmail.com"],"cc":["aracelli@suragra.com","marcoantonio@suragra.com","cinthia@suragra.com","jadcve@gmail.com","tesoreria@suragra.com"],"subject":"Resumen de Facturacion SURAGRA","id":"0101019c28584e13-4a991203-433b-43a5-8010-d79ab4867738-000000","msg":"✉️ Correo enviado por SES"}
{"level":30,"time":1770203420562,"pid":508584,"hostname":"TS-SURAGRA","to":["jadcve@gmail.com"],"codIdtSap":"C77341510","msg":"Enviando RFAC"}
{"level":30,"time":1770203420838,"pid":508584,"hostname":"TS-SURAGRA","to":["jadcve@gmail.com"],"cc":["aracelli@suragra.com","marcoantonio@suragra.com","cinthia@suragra.com","jadcve@gmail.com","tesoreria@suragra.com"],"subject":"Resumen de Facturacion SURAGRA","id":"0101019c28589b79-163f337d-916f-44d0-a812-51e71489aebf-000000","msg":"✉️ Correo enviado por SES"}
{"level":30,"time":1770203439297,"pid":508584,"hostname":"TS-SURAGRA","to":["jadcve@gmail.com"],"codIdtSap":"C77346494","msg":"Enviando RFAC"}
{"level":30,"time":1770203439588,"pid":508584,"hostname":"TS-SURAGRA","to":["jadcve@gmail.com"],"cc":["aracelli@suragra.com","marcoantonio@suragra.com","cinthia@suragra.com","jadcve@gmail.com","tesoreria@suragra.com"],"subject":"Resumen de Facturacion SURAGRA","id":"0101019c2858e4a8-705ee4b4-2576-4381-9d78-8d4d14a4f776-000000","msg":"✉️ Correo enviado por SES"}
{"level":30,"time":1770203457821,"pid":508584,"hostname":"TS-SURAGRA","to":["jadcve@gmail.com"],"codIdtSap":"C77360658","msg":"Enviando RFAC"}
{"level":30,"time":1770203458116,"pid":508584,"hostname":"TS-SURAGRA","to":["jadcve@gmail.com"],"cc":["aracelli@suragra.com","marcoantonio@suragra.com","cinthia@suragra.com","jadcve@gmail.com","tesoreria@suragra.com"],"subject":"Resumen de Facturacion SURAGRA","id":"0101019c28592d07-d9f022ec-c1f5-457c-9491-51be5c94b045-000000","msg":"✉️ Correo enviado por SES"}
{"level":30,"time":1770203476539,"pid":508584,"hostname":"TS-SURAGRA","to":["jadcve@gmail.com"],"codIdtSap":"C77469059","msg":"Enviando RFAC"}
{"level":30,"time":1770203476829,"pid":508584,"hostname":"TS-SURAGRA","to":["jadcve@gmail.com"],"cc":["aracelli@suragra.com","marcoantonio@suragra.com","cinthia@suragra.com","jadcve@gmail.com","tesoreria@suragra.com"],"subject":"Resumen de Facturacion SURAGRA","id":"0101019c28597629-247e0a42-42de-41b9-b2c8-0ffb128b8b02-000000","msg":"✉️ Correo enviado por SES"}
{"level":30,"time":1770203495182,"pid":508584,"hostname":"TS-SURAGRA","to":["jadcve@gmail.com"],"codIdtSap":"C77618380","msg":"Enviando RFAC"}
{"level":30,"time":1770203495471,"pid":508584,"hostname":"TS-SURAGRA","to":["jadcve@gmail.com"],"cc":["aracelli@suragra.com","marcoantonio@suragra.com","cinthia@suragra.com","jadcve@gmail.com","tesoreria@suragra.com"],"subject":"Resumen de Facturacion SURAGRA","id":"0101019c2859bef5-4a7a6b6f-4e9c-47c2-ab6f-fc02728f2f9c-000000","msg":"✉️ Correo enviado por SES"}
{"level":30,"time":1770203514006,"pid":508584,"hostname":"TS-SURAGRA","to":["jadcve@gmail.com"],"codIdtSap":"C77757654","msg":"Enviando RFAC"}
{"level":30,"time":1770203514267,"pid":508584,"hostname":"TS-SURAGRA","to":["jadcve@gmail.com"],"cc":["aracelli@suragra.com","marcoantonio@suragra.com","cinthia@suragra.com","jadcve@gmail.com","tesoreria@suragra.com"],"subject":"Resumen de Facturacion SURAGRA","id":"0101019c285a086c-5d17263c-0278-4de3-b663-e6c8da652a33-000000","msg":"✉️ Correo enviado por SES"}
{"level":30,"time":1770203532964,"pid":508584,"hostname":"TS-SURAGRA","to":["jadcve@gmail.com"],"codIdtSap":"C77772750","msg":"Enviando RFAC"}
{"level":30,"time":1770203533259,"pid":508584,"hostname":"TS-SURAGRA","to":["jadcve@gmail.com"],"cc":["aracelli@suragra.com","marcoantonio@suragra.com","cinthia@suragra.com","jadcve@gmail.com","tesoreria@suragra.com"],"subject":"Resumen de Facturacion SURAGRA","id":"0101019c285a528c-c78ff8a5-d11d-4941-a27c-82c68e88f280-000000","msg":"✉️ Correo enviado por SES"}
{"level":30,"time":1770203562096,"pid":508584,"hostname":"TS-SURAGRA","to":["jadcve@gmail.com"],"codIdtSap":"C78029510","msg":"Enviando RFAC"}
{"level":30,"time":1770203562385,"pid":508584,"hostname":"TS-SURAGRA","to":["jadcve@gmail.com"],"cc":["aracelli@suragra.com","marcoantonio@suragra.com","cinthia@suragra.com","jadcve@gmail.com","tesoreria@suragra.com"],"subject":"Resumen de Facturacion SURAGRA","id":"0101019c285ac455-1e2664ec-b91d-402a-a7fa-6cfb8aeaa5ea-000000","msg":"✉️ Correo enviado por SES"}
{"level":30,"time":1770203582499,"pid":508584,"hostname":"TS-SURAGRA","to":["jadcve@gmail.com"],"codIdtSap":"C78101430","msg":"Enviando RFAC"}
{"level":30,"time":1770203582790,"pid":508584,"hostname":"TS-SURAGRA","to":["jadcve@gmail.com"],"cc":["aracelli@suragra.com","marcoantonio@suragra.com","cinthia@suragra.com","jadcve@gmail.com","tesoreria@suragra.com"],"subject":"Resumen de Facturacion SURAGRA","id":"0101019c285b140c-07070b58-7462-428a-86a0-d4d2ad5f599f-000000","msg":"✉️ Correo enviado por SES"}
{"level":30,"time":1770203601712,"pid":508584,"hostname":"TS-SURAGRA","to":["jadcve@gmail.com"],"codIdtSap":"C78295150","msg":"Enviando RFAC"}
{"level":30,"time":1770203602074,"pid":508584,"hostname":"TS-SURAGRA","to":["jadcve@gmail.com"],"cc":["aracelli@suragra.com","marcoantonio@suragra.com","cinthia@suragra.com","jadcve@gmail.com","tesoreria@suragra.com"],"subject":"Resumen de Facturacion SURAGRA","id":"0101019c285b5f34-d3942afc-56e9-487d-9598-3a1e1dede735-000000","msg":"✉️ Correo enviado por SES"}
{"level":30,"time":1770203620184,"pid":508584,"hostname":"TS-SURAGRA","to":["jadcve@gmail.com"],"codIdtSap":"C78557210","msg":"Enviando RFAC"}
{"level":30,"time":1770203620483,"pid":508584,"hostname":"TS-SURAGRA","to":["jadcve@gmail.com"],"cc":["aracelli@suragra.com","marcoantonio@suragra.com","cinthia@suragra.com","jadcve@gmail.com","tesoreria@suragra.com"],"subject":"Resumen de Facturacion SURAGRA","id":"0101019c285ba741-61d52436-7da7-4625-8ebf-cae424e907bc-000000","msg":"✉️ Correo enviado por SES"}
{"level":30,"time":1770203638639,"pid":508584,"hostname":"TS-SURAGRA","to":["jadcve@gmail.com"],"codIdtSap":"C78808520","msg":"Enviando RFAC"}
{"level":30,"time":1770203638930,"pid":508584,"hostname":"TS-SURAGRA","to":["jadcve@gmail.com"],"cc":["aracelli@suragra.com","marcoantonio@suragra.com","cinthia@suragra.com","jadcve@gmail.com","tesoreria@suragra.com"],"subject":"Resumen de Facturacion SURAGRA","id":"0101019c285bef5a-abe78b82-a2c2-4911-a8c0-14ccd526d0b4-000000","msg":"✉️ Correo enviado por SES"}
{"level":30,"time":1770203657011,"pid":508584,"hostname":"TS-SURAGRA","to":["jadcve@gmail.com"],"codIdtSap":"C79660760","msg":"Enviando RFAC"}
{"level":30,"time":1770203657297,"pid":508584,"hostname":"TS-SURAGRA","to":["jadcve@gmail.com"],"cc":["aracelli@suragra.com","marcoantonio@suragra.com","cinthia@suragra.com","jadcve@gmail.com","tesoreria@suragra.com"],"subject":"Resumen de Facturacion SURAGRA","id":"0101019c285c371e-d888301a-ad0e-4d1e-a4da-5ee36ed06740-000000","msg":"✉️ Correo enviado por SES"}
{"level":30,"time":1770203675586,"pid":508584,"hostname":"TS-SURAGRA","to":["jadcve@gmail.com"],"codIdtSap":"C85040600","msg":"Enviando RFAC"}
{"level":30,"time":1770203675880,"pid":508584,"hostname":"TS-SURAGRA","to":["jadcve@gmail.com"],"cc":["aracelli@suragra.com","marcoantonio@suragra.com","cinthia@suragra.com","jadcve@gmail.com","tesoreria@suragra.com"],"subject":"Resumen de Facturacion SURAGRA","id":"0101019c285c7fb0-4888c2a8-d28f-49b1-97b1-3aafddeea4a9-000000","msg":"✉️ Correo enviado por SES"}
{"level":30,"time":1770203693871,"pid":508584,"hostname":"TS-SURAGRA","to":["jadcve@gmail.com"],"codIdtSap":"C86381300","msg":"Enviando RFAC"}
{"level":30,"time":1770203694156,"pid":508584,"hostname":"TS-SURAGRA","to":["jadcve@gmail.com"],"cc":["aracelli@suragra.com","marcoantonio@suragra.com","cinthia@suragra.com","jadcve@gmail.com","tesoreria@suragra.com"],"subject":"Resumen de Facturacion SURAGRA","id":"0101019c285cc71b-98d4e46b-d168-4425-9dfb-88d67378f929-000000","msg":"✉️ Correo enviado por SES"}
{"level":30,"time":1770203712887,"pid":508584,"hostname":"TS-SURAGRA","to":["jadcve@gmail.com"],"codIdtSap":"C93329000","msg":"Enviando RFAC"}
{"level":30,"time":1770203713250,"pid":508584,"hostname":"TS-SURAGRA","to":["jadcve@gmail.com"],"cc":["aracelli@suragra.com","marcoantonio@suragra.com","cinthia@suragra.com","jadcve@gmail.com","tesoreria@suragra.com"],"subject":"Resumen de Facturacion SURAGRA","id":"0101019c285d1166-bff9d00c-7e86-4d8d-b129-c989d44773d4-000000","msg":"✉️ Correo enviado por SES"}
{"level":30,"time":1770203731808,"pid":508584,"hostname":"TS-SURAGRA","to":["jadcve@gmail.com"],"codIdtSap":"C96525040","msg":"Enviando RFAC"}
{"level":30,"time":1770203732106,"pid":508584,"hostname":"TS-SURAGRA","to":["jadcve@gmail.com"],"cc":["aracelli@suragra.com","marcoantonio@suragra.com","cinthia@suragra.com","jadcve@gmail.com","tesoreria@suragra.com"],"subject":"Resumen de Facturacion SURAGRA","id":"0101019c285d5b4a-d812d75c-93fb-4961-82ab-3d23c924cde1-000000","msg":"✉️ Correo enviado por SES"}
{"level":30,"time":1770203750411,"pid":508584,"hostname":"TS-SURAGRA","to":["jadcve@gmail.com"],"codIdtSap":"C96567890","msg":"Enviando RFAC"}
{"level":30,"time":1770203750689,"pid":508584,"hostname":"TS-SURAGRA","to":["jadcve@gmail.com"],"cc":["aracelli@suragra.com","marcoantonio@suragra.com","cinthia@suragra.com","jadcve@gmail.com","tesoreria@suragra.com"],"subject":"Resumen de Facturacion SURAGRA","id":"0101019c285da3f0-676e7d3d-593a-4a11-bb7d-4cd427311b3b-000000","msg":"✉️ Correo enviado por SES"}
{"level":30,"time":1770203768705,"pid":508584,"hostname":"TS-SURAGRA","to":["jadcve@gmail.com"],"codIdtSap":"C96609410","msg":"Enviando RFAC"}
{"level":30,"time":1770203768945,"pid":508584,"hostname":"TS-SURAGRA","to":["jadcve@gmail.com"],"cc":["aracelli@suragra.com","marcoantonio@suragra.com","cinthia@suragra.com","jadcve@gmail.com","tesoreria@suragra.com"],"subject":"Resumen de Facturacion SURAGRA","id":"0101019c285deb59-688ba803-0246-47fd-b653-2f72df3bb69a-000000","msg":"✉️ Correo enviado por SES"}
{"level":30,"time":1770203787016,"pid":508584,"hostname":"TS-SURAGRA","to":["jadcve@gmail.com"],"codIdtSap":"C96690500","msg":"Enviando RFAC"}
{"level":30,"time":1770203787317,"pid":508584,"hostname":"TS-SURAGRA","to":["jadcve@gmail.com"],"cc":["aracelli@suragra.com","marcoantonio@suragra.com","cinthia@suragra.com","jadcve@gmail.com","tesoreria@suragra.com"],"subject":"Resumen de Facturacion SURAGRA","id":"0101019c285e32ea-2c5a1b0c-b8c6-430a-aa6b-cb86a046d87f-000000","msg":"✉️ Correo enviado por SES"}
{"level":30,"time":1770203805593,"pid":508584,"hostname":"TS-SURAGRA","to":["jadcve@gmail.com"],"codIdtSap":"C96717910","msg":"Enviando RFAC"}
{"level":30,"time":1770203805854,"pid":508584,"hostname":"TS-SURAGRA","to":["jadcve@gmail.com"],"cc":["aracelli@suragra.com","marcoantonio@suragra.com","cinthia@suragra.com","jadcve@gmail.com","tesoreria@suragra.com"],"subject":"Resumen de Facturacion SURAGRA","id":"0101019c285e7b73-0412e2db-9ea9-41be-9b43-619c7ec6098d-000000","msg":"✉️ Correo enviado por SES"}
{"level":30,"time":1770203823895,"pid":508584,"hostname":"TS-SURAGRA","to":["jadcve@gmail.com"],"codIdtSap":"C96834030","msg":"Enviando RFAC"}
{"level":30,"time":1770203824210,"pid":508584,"hostname":"TS-SURAGRA","to":["jadcve@gmail.com"],"cc":["aracelli@suragra.com","marcoantonio@suragra.com","cinthia@suragra.com","jadcve@gmail.com","tesoreria@suragra.com"],"subject":"Resumen de Facturacion SURAGRA","id":"0101019c285ec2fa-b4dbd875-096f-4a9e-92b4-87b166dd9c14-000000","msg":"✉️ Correo enviado por SES"}
{"level":30,"time":1770203842242,"pid":508584,"hostname":"TS-SURAGRA","to":["jadcve@gmail.com"],"codIdtSap":"C96867620","msg":"Enviando RFAC"}
{"level":30,"time":1770203842538,"pid":508584,"hostname":"TS-SURAGRA","to":["jadcve@gmail.com"],"cc":["aracelli@suragra.com","marcoantonio@suragra.com","cinthia@suragra.com","jadcve@gmail.com","tesoreria@suragra.com"],"subject":"Resumen de Facturacion SURAGRA","id":"0101019c285f0aaf-7e4be66b-b936-4312-b110-b3b84b680a20-000000","msg":"✉️ Correo enviado por SES"}
{"level":30,"time":1770203860825,"pid":508584,"hostname":"TS-SURAGRA","to":["jadcve@gmail.com"],"codIdtSap":"C96972530","msg":"Enviando RFAC"}
{"level":30,"time":1770203861122,"pid":508584,"hostname":"TS-SURAGRA","to":["jadcve@gmail.com"],"cc":["aracelli@suragra.com","marcoantonio@suragra.com","cinthia@suragra.com","jadcve@gmail.com","tesoreria@suragra.com"],"subject":"Resumen de Facturacion SURAGRA","id":"0101019c285f532f-34dd49dd-9f18-44ae-97f8-e9da318b7144-000000","msg":"✉️ Correo enviado por SES"}
{"level":30,"time":1770203887610,"pid":508584,"hostname":"TS-SURAGRA","to":["jadcve@gmail.com"],"codIdtSap":"C99504220","msg":"Enviando RFAC"}
{"level":30,"time":1770203887875,"pid":508584,"hostname":"TS-SURAGRA","to":["jadcve@gmail.com"],"cc":["aracelli@suragra.com","marcoantonio@suragra.com","cinthia@suragra.com","jadcve@gmail.com","tesoreria@suragra.com"],"subject":"Resumen de Facturacion SURAGRA","id":"0101019c285fbbd2-719e3294-a7b8-44a4-8b91-ca4b1cf622aa-000000","msg":"✉️ Correo enviado por SES"}
{"level":30,"time":1770203909841,"pid":508584,"hostname":"TS-SURAGRA","to":["jadcve@gmail.com"],"codIdtSap":"C99510450","msg":"Enviando RFAC"}
{"level":30,"time":1770203910191,"pid":508584,"hostname":"TS-SURAGRA","to":["jadcve@gmail.com"],"cc":["aracelli@suragra.com","marcoantonio@suragra.com","cinthia@suragra.com","jadcve@gmail.com","tesoreria@suragra.com"],"subject":"Resumen de Facturacion SURAGRA","id":"0101019c286012b4-e0e13975-6c5f-42e3-826a-24474ec6b01c-000000","msg":"✉️ Correo enviado por SES"}
{"level":30,"time":1770203930562,"pid":508584,"hostname":"TS-SURAGRA","to":["jadcve@gmail.com"],"codIdtSap":"C99546180","msg":"Enviando RFAC"}
{"level":30,"time":1770203930854,"pid":508584,"hostname":"TS-SURAGRA","to":["jadcve@gmail.com"],"cc":["aracelli@suragra.com","marcoantonio@suragra.com","cinthia@suragra.com","jadcve@gmail.com","tesoreria@suragra.com"],"subject":"Resumen de Facturacion SURAGRA","id":"0101019c286063ab-1f9dae25-6482-4505-a63a-5c2135a1452f-000000","msg":"✉️ Correo enviado por SES"}
{"level":50,"time":1770203930857,"pid":508584,"hostname":"TS-SURAGRA","job":"RESUMEN","err":"Cannot read properties of undefined (reading 'to')","msg":"job failed"}
{"level":50,"time":1770260100677,"pid":508584,"hostname":"TS-SURAGRA","job":"HEARTBEAT","err":"sendEmail: lista \"to\" vacía o inválida","msg":"Heartbeat failed"}
{"level":50,"time":1770346500668,"pid":508584,"hostname":"TS-SURAGRA","job":"HEARTBEAT","err":"sendEmail: lista \"to\" vacía o inválida","msg":"Heartbeat failed"}
{"level":30,"time":1770372000852,"pid":508584,"hostname":"TS-SURAGRA","subject":"Resumen Neto Vencido","msg":"Template cargado"}
{"level":30,"time":1770372027576,"pid":508584,"hostname":"TS-SURAGRA","to":["jadcve@gmail.com"],"codIdtSap":"C77995010","msg":"Enviando NETO"}
{"level":30,"time":1770372028429,"pid":508584,"hostname":"TS-SURAGRA","to":["jadcve@gmail.com"],"cc":["aracelli@suragra.com","marcoantonio@suragra.com","cinthia@suragra.com","jadcve@gmail.com","tesoreria@suragra.com"],"subject":"Resumen Neto Vencido SURAGRA","id":"0101019c32655acb-5a9f2e2a-67a1-40ec-b063-bd2353fe2979-000000","msg":"📎 Correo con logo inline enviado por SES"}
{"level":30,"time":1770372044743,"pid":508584,"hostname":"TS-SURAGRA","to":["jadcve@gmail.com"],"codIdtSap":"C78832370","msg":"Enviando NETO"}
{"level":30,"time":1770372045024,"pid":508584,"hostname":"TS-SURAGRA","to":["jadcve@gmail.com"],"cc":["aracelli@suragra.com","marcoantonio@suragra.com","cinthia@suragra.com","jadcve@gmail.com","tesoreria@suragra.com"],"subject":"Resumen Neto Vencido SURAGRA","id":"0101019c32659bb0-5c21c7f2-7d1a-4b7b-8391-e92d4ebb8c64-000000","msg":"📎 Correo con logo inline enviado por SES"}
{"level":30,"time":1770372061218,"pid":508584,"hostname":"TS-SURAGRA","to":["jadcve@gmail.com"],"codIdtSap":"C79650240","msg":"Enviando NETO"}
{"level":30,"time":1770372061506,"pid":508584,"hostname":"TS-SURAGRA","to":["jadcve@gmail.com"],"cc":["aracelli@suragra.com","marcoantonio@suragra.com","cinthia@suragra.com","jadcve@gmail.com","tesoreria@suragra.com"],"subject":"Resumen Neto Vencido SURAGRA","id":"0101019c3265dc06-8081deb5-2491-4fe7-ae57-1bf85e194ee5-000000","msg":"📎 Correo con logo inline enviado por SES"}
{"level":30,"time":1770372079076,"pid":508584,"hostname":"TS-SURAGRA","to":["jadcve@gmail.com"],"codIdtSap":"C76016406","msg":"Enviando NETO"}
{"level":30,"time":1770372079380,"pid":508584,"hostname":"TS-SURAGRA","to":["jadcve@gmail.com"],"cc":["aracelli@suragra.com","marcoantonio@suragra.com","cinthia@suragra.com","jadcve@gmail.com","tesoreria@suragra.com"],"subject":"Resumen Neto Vencido SURAGRA","id":"0101019c326621c9-6f116353-46a0-4bd5-971b-ccc278caafba-000000","msg":"📎 Correo con logo inline enviado por SES"}
{"level":30,"time":1770372102847,"pid":508584,"hostname":"TS-SURAGRA","to":["jadcve@gmail.com"],"codIdtSap":"C77802578","msg":"Enviando NETO"}
{"level":30,"time":1770372103163,"pid":508584,"hostname":"TS-SURAGRA","to":["jadcve@gmail.com"],"cc":["aracelli@suragra.com","marcoantonio@suragra.com","cinthia@suragra.com","jadcve@gmail.com","tesoreria@suragra.com"],"subject":"Resumen Neto Vencido SURAGRA","id":"0101019c32667ea9-6fccf616-67df-479b-86aa-2c7f20c359d1-000000","msg":"📎 Correo con logo inline enviado por SES"}
{"level":30,"time":1770372120428,"pid":508584,"hostname":"TS-SURAGRA","to":["jadcve@gmail.com"],"codIdtSap":"C77341510","msg":"Enviando NETO"}
{"level":30,"time":1770372120732,"pid":508584,"hostname":"TS-SURAGRA","to":["jadcve@gmail.com"],"cc":["aracelli@suragra.com","marcoantonio@suragra.com","cinthia@suragra.com","jadcve@gmail.com","tesoreria@suragra.com"],"subject":"Resumen Neto Vencido SURAGRA","id":"0101019c3266c34f-923bae1a-bf95-43d0-bb45-49e4b7fd4ba8-000000","msg":"📎 Correo con logo inline enviado por SES"}
{"level":30,"time":1770372137169,"pid":508584,"hostname":"TS-SURAGRA","to":["jadcve@gmail.com"],"codIdtSap":"C76573605","msg":"Enviando NETO"}
{"level":30,"time":1770372137470,"pid":508584,"hostname":"TS-SURAGRA","to":["jadcve@gmail.com"],"cc":["aracelli@suragra.com","marcoantonio@suragra.com","cinthia@suragra.com","jadcve@gmail.com","tesoreria@suragra.com"],"subject":"Resumen Neto Vencido SURAGRA","id":"0101019c326704b9-4cd6698e-c5c4-4352-9682-298a694ee5f8-000000","msg":"📎 Correo con logo inline enviado por SES"}
{"level":30,"time":1770372153719,"pid":508584,"hostname":"TS-SURAGRA","to":["jadcve@gmail.com"],"codIdtSap":"C76055435","msg":"Enviando NETO"}
{"level":30,"time":1770372154008,"pid":508584,"hostname":"TS-SURAGRA","to":["jadcve@gmail.com"],"cc":["aracelli@suragra.com","marcoantonio@suragra.com","cinthia@suragra.com","jadcve@gmail.com","tesoreria@suragra.com"],"subject":"Resumen Neto Vencido SURAGRA","id":"0101019c3267455f-71a1acc2-d6ad-4b73-9c91-e610640fb569-000000","msg":"📎 Correo con logo inline enviado por SES"}
{"level":30,"time":1770372170059,"pid":508584,"hostname":"TS-SURAGRA","to":["jadcve@gmail.com"],"codIdtSap":"C76132135","msg":"Enviando NETO"}
{"level":30,"time":1770372170351,"pid":508584,"hostname":"TS-SURAGRA","to":["jadcve@gmail.com"],"cc":["aracelli@suragra.com","marcoantonio@suragra.com","cinthia@suragra.com","jadcve@gmail.com","tesoreria@suragra.com"],"subject":"Resumen Neto Vencido SURAGRA","id":"0101019c32678534-c2ac007d-e1b9-42bd-80cb-2297495c2134-000000","msg":"📎 Correo con logo inline enviado por SES"}
{"level":30,"time":1770372186462,"pid":508584,"hostname":"TS-SURAGRA","to":["jadcve@gmail.com"],"codIdtSap":"C77739754","msg":"Enviando NETO"}
{"level":30,"time":1770372186762,"pid":508584,"hostname":"TS-SURAGRA","to":["jadcve@gmail.com"],"cc":["aracelli@suragra.com","marcoantonio@suragra.com","cinthia@suragra.com","jadcve@gmail.com","tesoreria@suragra.com"],"subject":"Resumen Neto Vencido SURAGRA","id":"0101019c3267c543-879a7abc-3b37-4e6a-99f0-6cb9a5a0f580-000000","msg":"📎 Correo con logo inline enviado por SES"}
{"level":30,"time":1770372203400,"pid":508584,"hostname":"TS-SURAGRA","to":["jadcve@gmail.com"],"codIdtSap":"C96681790","msg":"Enviando NETO"}
{"level":30,"time":1770372203698,"pid":508584,"hostname":"TS-SURAGRA","to":["jadcve@gmail.com"],"cc":["aracelli@suragra.com","marcoantonio@suragra.com","cinthia@suragra.com","jadcve@gmail.com","tesoreria@suragra.com"],"subject":"Resumen Neto Vencido SURAGRA","id":"0101019c3268076c-3224414f-3eba-42d5-a77e-e50030610c2e-000000","msg":"📎 Correo con logo inline enviado por SES"}
{"level":30,"time":1770372220312,"pid":508584,"hostname":"TS-SURAGRA","to":["jadcve@gmail.com"],"codIdtSap":"C76213723","msg":"Enviando NETO"}
{"level":30,"time":1770372220610,"pid":508584,"hostname":"TS-SURAGRA","to":["jadcve@gmail.com"],"cc":["aracelli@suragra.com","marcoantonio@suragra.com","cinthia@suragra.com","jadcve@gmail.com","tesoreria@suragra.com"],"subject":"Resumen Neto Vencido SURAGRA","id":"0101019c3268497e-9cd1019e-4701-4a6f-916e-671a403274be-000000","msg":"📎 Correo con logo inline enviado por SES"}
{"level":30,"time":1770372237047,"pid":508584,"hostname":"TS-SURAGRA","to":["jadcve@gmail.com"],"codIdtSap":"C76768906","msg":"Enviando NETO"}
{"level":30,"time":1770372237338,"pid":508584,"hostname":"TS-SURAGRA","to":["jadcve@gmail.com"],"cc":["aracelli@suragra.com","marcoantonio@suragra.com","cinthia@suragra.com","jadcve@gmail.com","tesoreria@suragra.com"],"subject":"Resumen Neto Vencido SURAGRA","id":"0101019c32688adc-e740f160-62e3-406b-8173-ae1bc64f8215-000000","msg":"📎 Correo con logo inline enviado por SES"}
{"level":30,"time":1770372254188,"pid":508584,"hostname":"TS-SURAGRA","to":["jadcve@gmail.com"],"codIdtSap":"C77350529","msg":"Enviando NETO"}
{"level":30,"time":1770372254474,"pid":508584,"hostname":"TS-SURAGRA","to":["jadcve@gmail.com"],"cc":["aracelli@suragra.com","marcoantonio@suragra.com","cinthia@suragra.com","jadcve@gmail.com","tesoreria@suragra.com"],"subject":"Resumen Neto Vencido SURAGRA","id":"0101019c3268cdba-a1e23076-0905-428b-bd3f-2feb3b880dd8-000000","msg":"📎 Correo con logo inline enviado por SES"}
{"level":30,"time":1770372271003,"pid":508584,"hostname":"TS-SURAGRA","to":["jadcve@gmail.com"],"codIdtSap":"C76389543-2","msg":"Enviando NETO"}
{"level":30,"time":1770372271290,"pid":508584,"hostname":"TS-SURAGRA","to":["jadcve@gmail.com"],"cc":["aracelli@suragra.com","marcoantonio@suragra.com","cinthia@suragra.com","jadcve@gmail.com","tesoreria@suragra.com"],"subject":"Resumen Neto Vencido SURAGRA","id":"0101019c32690f84-eeea59d9-1ae5-4d7d-8c2d-6d37099d8be8-000000","msg":"📎 Correo con logo inline enviado por SES"}
{"level":30,"time":1770372287301,"pid":508584,"hostname":"TS-SURAGRA","to":["jadcve@gmail.com"],"codIdtSap":"C93329000","msg":"Enviando NETO"}
{"level":30,"time":1770372287595,"pid":508584,"hostname":"TS-SURAGRA","to":["jadcve@gmail.com"],"cc":["aracelli@suragra.com","marcoantonio@suragra.com","cinthia@suragra.com","jadcve@gmail.com","tesoreria@suragra.com"],"subject":"Resumen Neto Vencido SURAGRA","id":"0101019c32694f2d-7b710d64-96aa-4d43-ac81-792c295af30d-000000","msg":"📎 Correo con logo inline enviado por SES"}
{"level":30,"time":1770372303996,"pid":508584,"hostname":"TS-SURAGRA","to":["jadcve@gmail.com"],"codIdtSap":"C99576480","msg":"Enviando NETO"}
{"level":30,"time":1770372304317,"pid":508584,"hostname":"TS-SURAGRA","to":["jadcve@gmail.com"],"cc":["aracelli@suragra.com","marcoantonio@suragra.com","cinthia@suragra.com","jadcve@gmail.com","tesoreria@suragra.com"],"subject":"Resumen Neto Vencido SURAGRA","id":"0101019c32699074-1e9d6291-32f8-4f7f-9a0e-06725c18005d-000000","msg":"📎 Correo con logo inline enviado por SES"}
{"level":30,"time":1770372321395,"pid":508584,"hostname":"TS-SURAGRA","to":["jadcve@gmail.com"],"codIdtSap":"C96647510","msg":"Enviando NETO"}
{"level":30,"time":1770372321696,"pid":508584,"hostname":"TS-SURAGRA","to":["jadcve@gmail.com"],"cc":["aracelli@suragra.com","marcoantonio@suragra.com","cinthia@suragra.com","jadcve@gmail.com","tesoreria@suragra.com"],"subject":"Resumen Neto Vencido SURAGRA","id":"0101019c3269d45a-22ecd6e3-caa2-4d74-af31-4bbd0ffc8225-000000","msg":"📎 Correo con logo inline enviado por SES"}
{"level":30,"time":1770372338066,"pid":508584,"hostname":"TS-SURAGRA","to":["jadcve@gmail.com"],"codIdtSap":"C76087419","msg":"Enviando NETO"}
{"level":30,"time":1770372338352,"pid":508584,"hostname":"TS-SURAGRA","to":["jadcve@gmail.com"],"cc":["aracelli@suragra.com","marcoantonio@suragra.com","cinthia@suragra.com","jadcve@gmail.com","tesoreria@suragra.com"],"subject":"Resumen Neto Vencido SURAGRA","id":"0101019c326a1576-4a58ae71-f7a4-42e9-8c3c-108dbe30206c-000000","msg":"📎 Correo con logo inline enviado por SES"}
{"level":30,"time":1770372354756,"pid":508584,"hostname":"TS-SURAGRA","to":["jadcve@gmail.com"],"codIdtSap":"C76885621","msg":"Enviando NETO"}
{"level":30,"time":1770372355044,"pid":508584,"hostname":"TS-SURAGRA","to":["jadcve@gmail.com"],"cc":["aracelli@suragra.com","marcoantonio@suragra.com","cinthia@suragra.com","jadcve@gmail.com","tesoreria@suragra.com"],"subject":"Resumen Neto Vencido SURAGRA","id":"0101019c326a56a9-c50f6824-029f-4b76-95fb-49d12ddbe2cf-000000","msg":"📎 Correo con logo inline enviado por SES"}
{"level":30,"time":1770372371398,"pid":508584,"hostname":"TS-SURAGRA","to":["jadcve@gmail.com"],"codIdtSap":"C76304361","msg":"Enviando NETO"}
{"level":30,"time":1770372371691,"pid":508584,"hostname":"TS-SURAGRA","to":["jadcve@gmail.com"],"cc":["aracelli@suragra.com","marcoantonio@suragra.com","cinthia@suragra.com","jadcve@gmail.com","tesoreria@suragra.com"],"subject":"Resumen Neto Vencido SURAGRA","id":"0101019c326a97a9-457e11dc-aef6-4ab4-8ffb-aec63aa5d586-000000","msg":"📎 Correo con logo inline enviado por SES"}
{"level":30,"time":1770372388148,"pid":508584,"hostname":"TS-SURAGRA","to":["jadcve@gmail.com"],"codIdtSap":"C96609410","msg":"Enviando NETO"}
{"level":30,"time":1770372388407,"pid":508584,"hostname":"TS-SURAGRA","to":["jadcve@gmail.com"],"cc":["aracelli@suragra.com","marcoantonio@suragra.com","cinthia@suragra.com","jadcve@gmail.com","tesoreria@suragra.com"],"subject":"Resumen Neto Vencido SURAGRA","id":"0101019c326ad905-87a61144-3728-415c-9efc-70a17e2dd713-000000","msg":"📎 Correo con logo inline enviado por SES"}
{"level":30,"time":1770372404734,"pid":508584,"hostname":"TS-SURAGRA","to":["jadcve@gmail.com"],"codIdtSap":"C77757654","msg":"Enviando NETO"}
{"level":30,"time":1770372405024,"pid":508584,"hostname":"TS-SURAGRA","to":["jadcve@gmail.com"],"cc":["aracelli@suragra.com","marcoantonio@suragra.com","cinthia@suragra.com","jadcve@gmail.com","tesoreria@suragra.com"],"subject":"Resumen Neto Vencido SURAGRA","id":"0101019c326b19e7-9a199703-d3b5-432d-b726-5c910029c271-000000","msg":"📎 Correo con logo inline enviado por SES"}
{"level":30,"time":1770372421343,"pid":508584,"hostname":"TS-SURAGRA","to":["jadcve@gmail.com"],"codIdtSap":"C76000275","msg":"Enviando NETO"}
{"level":30,"time":1770372421578,"pid":508584,"hostname":"TS-SURAGRA","to":["jadcve@gmail.com"],"cc":["aracelli@suragra.com","marcoantonio@suragra.com","cinthia@suragra.com","jadcve@gmail.com","tesoreria@suragra.com"],"subject":"Resumen Neto Vencido SURAGRA","id":"0101019c326b5aaa-f299a663-f3ea-4d74-b969-8b6b29917a45-000000","msg":"📎 Correo con logo inline enviado por SES"}
{"level":30,"time":1770372437843,"pid":508584,"hostname":"TS-SURAGRA","to":["jadcve@gmail.com"],"codIdtSap":"C76536565","msg":"Enviando NETO"}
{"level":30,"time":1770372438136,"pid":508584,"hostname":"TS-SURAGRA","to":["jadcve@gmail.com"],"cc":["aracelli@suragra.com","marcoantonio@suragra.com","cinthia@suragra.com","jadcve@gmail.com","tesoreria@suragra.com"],"subject":"Resumen Neto Vencido SURAGRA","id":"0101019c326b9b38-4bc0e9a9-f45e-4d1a-98af-e8493c6c99ee-000000","msg":"📎 Correo con logo inline enviado por SES"}
{"level":30,"time":1770372454428,"pid":508584,"hostname":"TS-SURAGRA","to":["jadcve@gmail.com"],"codIdtSap":"C76001496","msg":"Enviando NETO"}
{"level":30,"time":1770372454708,"pid":508584,"hostname":"TS-SURAGRA","to":["jadcve@gmail.com"],"cc":["aracelli@suragra.com","marcoantonio@suragra.com","cinthia@suragra.com","jadcve@gmail.com","tesoreria@suragra.com"],"subject":"Resumen Neto Vencido SURAGRA","id":"0101019c326bdc02-2fd418cd-38db-477c-8a9c-03c666fcfef5-000000","msg":"📎 Correo con logo inline enviado por SES"}
{"level":30,"time":1770372471270,"pid":508584,"hostname":"TS-SURAGRA","to":["jadcve@gmail.com"],"codIdtSap":"C99578700","msg":"Enviando NETO"}
{"level":30,"time":1770372471576,"pid":508584,"hostname":"TS-SURAGRA","to":["jadcve@gmail.com"],"cc":["aracelli@suragra.com","marcoantonio@suragra.com","cinthia@suragra.com","jadcve@gmail.com","tesoreria@suragra.com"],"subject":"Resumen Neto Vencido SURAGRA","id":"0101019c326c1db7-ae56c168-d40a-4610-b921-57a9f569b32e-000000","msg":"📎 Correo con logo inline enviado por SES"}
{"level":30,"time":1770372487762,"pid":508584,"hostname":"TS-SURAGRA","to":["jadcve@gmail.com"],"codIdtSap":"C76036883","msg":"Enviando NETO"}
{"level":30,"time":1770372488047,"pid":508584,"hostname":"TS-SURAGRA","to":["jadcve@gmail.com"],"cc":["aracelli@suragra.com","marcoantonio@suragra.com","cinthia@suragra.com","jadcve@gmail.com","tesoreria@suragra.com"],"subject":"Resumen Neto Vencido SURAGRA","id":"0101019c326c5e33-56db8af0-e081-4947-ab8f-e0c8125b7f6d-000000","msg":"📎 Correo con logo inline enviado por SES"}
{"level":30,"time":1770372504500,"pid":508584,"hostname":"TS-SURAGRA","to":["jadcve@gmail.com"],"codIdtSap":"C76136180","msg":"Enviando NETO"}
{"level":30,"time":1770372504760,"pid":508584,"hostname":"TS-SURAGRA","to":["jadcve@gmail.com"],"cc":["aracelli@suragra.com","marcoantonio@suragra.com","cinthia@suragra.com","jadcve@gmail.com","tesoreria@suragra.com"],"subject":"Resumen Neto Vencido SURAGRA","id":"0101019c326c9f89-30bd1ac5-b941-4956-accf-258e0b98f75b-000000","msg":"📎 Correo con logo inline enviado por SES"}
{"level":30,"time":1770372520711,"pid":508584,"hostname":"TS-SURAGRA","to":["jadcve@gmail.com"],"codIdtSap":"C76954536","msg":"Enviando NETO"}
{"level":30,"time":1770372521068,"pid":508584,"hostname":"TS-SURAGRA","to":["jadcve@gmail.com"],"cc":["aracelli@suragra.com","marcoantonio@suragra.com","cinthia@suragra.com","jadcve@gmail.com","tesoreria@suragra.com"],"subject":"Resumen Neto Vencido SURAGRA","id":"0101019c326cdeea-3115625d-3841-408c-bbe1-c93e538c33f2-000000","msg":"📎 Correo con logo inline enviado por SES"}
{"level":30,"time":1770372536998,"pid":508584,"hostname":"TS-SURAGRA","to":["jadcve@gmail.com"],"codIdtSap":"C76109640","msg":"Enviando NETO"}
{"level":30,"time":1770372537279,"pid":508584,"hostname":"TS-SURAGRA","to":["jadcve@gmail.com"],"cc":["aracelli@suragra.com","marcoantonio@suragra.com","cinthia@suragra.com","jadcve@gmail.com","tesoreria@suragra.com"],"subject":"Resumen Neto Vencido SURAGRA","id":"0101019c326d1e8f-c79b1301-0d77-4249-bb20-337fcf6353fe-000000","msg":"📎 Correo con logo inline enviado por SES"}
{"level":30,"time":1770372553171,"pid":508584,"hostname":"TS-SURAGRA","to":["jadcve@gmail.com"],"codIdtSap":"C86381300","msg":"Enviando NETO"}
{"level":30,"time":1770372553477,"pid":508584,"hostname":"TS-SURAGRA","to":["jadcve@gmail.com"],"cc":["aracelli@suragra.com","marcoantonio@suragra.com","cinthia@suragra.com","jadcve@gmail.com","tesoreria@suragra.com"],"subject":"Resumen Neto Vencido SURAGRA","id":"0101019c326d5dc2-7eddb45b-3a47-43d8-b31f-7c51dec02a6d-000000","msg":"📎 Correo con logo inline enviado por SES"}
{"level":30,"time":1770372569475,"pid":508584,"hostname":"TS-SURAGRA","to":["jadcve@gmail.com"],"codIdtSap":"C77404196","msg":"Enviando NETO"}
{"level":30,"time":1770372569786,"pid":508584,"hostname":"TS-SURAGRA","to":["jadcve@gmail.com"],"cc":["aracelli@suragra.com","marcoantonio@suragra.com","cinthia@suragra.com","jadcve@gmail.com","tesoreria@suragra.com"],"subject":"Resumen Neto Vencido SURAGRA","id":"0101019c326d9d68-437fa48d-2c2e-4f70-9e1e-a8a4bc9f6f26-000000","msg":"📎 Correo con logo inline enviado por SES"}
{"level":30,"time":1770372586032,"pid":508584,"hostname":"TS-SURAGRA","to":["jadcve@gmail.com"],"codIdtSap":"C76200382","msg":"Enviando NETO"}
{"level":30,"time":1770372586333,"pid":508584,"hostname":"TS-SURAGRA","to":["jadcve@gmail.com"],"cc":["aracelli@suragra.com","marcoantonio@suragra.com","cinthia@suragra.com","jadcve@gmail.com","tesoreria@suragra.com"],"subject":"Resumen Neto Vencido SURAGRA","id":"0101019c326dde04-adf7862b-fe30-4717-b0f2-66b7a983758c-000000","msg":"📎 Correo con logo inline enviado por SES"}
{"level":30,"time":1770372602809,"pid":508584,"hostname":"TS-SURAGRA","to":["jadcve@gmail.com"],"codIdtSap":"C76193074","msg":"Enviando NETO"}
{"level":30,"time":1770372603101,"pid":508584,"hostname":"TS-SURAGRA","to":["jadcve@gmail.com"],"cc":["aracelli@suragra.com","marcoantonio@suragra.com","cinthia@suragra.com","jadcve@gmail.com","tesoreria@suragra.com"],"subject":"Resumen Neto Vencido SURAGRA","id":"0101019c326e1f9f-a62d5f9a-ce93-4732-af01-5226bba079eb-000000","msg":"📎 Correo con logo inline enviado por SES"}
{"level":30,"time":1770372620157,"pid":508584,"hostname":"TS-SURAGRA","to":["jadcve@gmail.com"],"codIdtSap":"C77346494","msg":"Enviando NETO"}
{"level":30,"time":1770372620444,"pid":508584,"hostname":"TS-SURAGRA","to":["jadcve@gmail.com"],"cc":["aracelli@suragra.com","marcoantonio@suragra.com","cinthia@suragra.com","jadcve@gmail.com","tesoreria@suragra.com"],"subject":"Resumen Neto Vencido SURAGRA","id":"0101019c326e6364-daea844e-6ee4-4b9b-8442-82c6f63900b3-000000","msg":"📎 Correo con logo inline enviado por SES"}
{"level":30,"time":1770372636687,"pid":508584,"hostname":"TS-SURAGRA","to":["jadcve@gmail.com"],"codIdtSap":"C76181799","msg":"Enviando NETO"}
{"level":30,"time":1770372636970,"pid":508584,"hostname":"TS-SURAGRA","to":["jadcve@gmail.com"],"cc":["aracelli@suragra.com","marcoantonio@suragra.com","cinthia@suragra.com","jadcve@gmail.com","tesoreria@suragra.com"],"subject":"Resumen Neto Vencido SURAGRA","id":"0101019c326ea3f1-c597c013-677c-46fa-a995-6a586210db95-000000","msg":"📎 Correo con logo inline enviado por SES"}
{"level":30,"time":1770372653308,"pid":508584,"hostname":"TS-SURAGRA","to":["jadcve@gmail.com"],"codIdtSap":"C76154796","msg":"Enviando NETO"}
{"level":30,"time":1770372653602,"pid":508584,"hostname":"TS-SURAGRA","to":["jadcve@gmail.com"],"cc":["aracelli@suragra.com","marcoantonio@suragra.com","cinthia@suragra.com","jadcve@gmail.com","tesoreria@suragra.com"],"subject":"Resumen Neto Vencido SURAGRA","id":"0101019c326ee4e1-6fc69b9d-a031-477c-9273-dbd348de621e-000000","msg":"📎 Correo con logo inline enviado por SES"}
{"level":30,"time":1770372669935,"pid":508584,"hostname":"TS-SURAGRA","to":["jadcve@gmail.com"],"codIdtSap":"C77787810","msg":"Enviando NETO"}
{"level":30,"time":1770372670223,"pid":508584,"hostname":"TS-SURAGRA","to":["jadcve@gmail.com"],"cc":["aracelli@suragra.com","marcoantonio@suragra.com","cinthia@suragra.com","jadcve@gmail.com","tesoreria@suragra.com"],"subject":"Resumen Neto Vencido SURAGRA","id":"0101019c326f25d1-ae3aa2c4-aa87-469f-9349-f823b0e65f82-000000","msg":"📎 Correo con logo inline enviado por SES"}
{"level":30,"time":1770372686675,"pid":508584,"hostname":"TS-SURAGRA","to":["jadcve@gmail.com"],"codIdtSap":"C761625829","msg":"Enviando NETO"}
{"level":30,"time":1770372686953,"pid":508584,"hostname":"TS-SURAGRA","to":["jadcve@gmail.com"],"cc":["aracelli@suragra.com","marcoantonio@suragra.com","cinthia@suragra.com","jadcve@gmail.com","tesoreria@suragra.com"],"subject":"Resumen Neto Vencido SURAGRA","id":"0101019c326f6737-9fd94000-d1a8-40eb-9f15-7e3b25924657-000000","msg":"📎 Correo con logo inline enviado por SES"}
{"level":50,"time":1770372686955,"pid":508584,"hostname":"TS-SURAGRA","job":"NETO","err":"Cannot read properties of undefined (reading 'to')","msg":"job failed"}
{"level":50,"time":1770432900668,"pid":508584,"hostname":"TS-SURAGRA","job":"HEARTBEAT","err":"sendEmail: lista \"to\" vacía o inválida","msg":"Heartbeat failed"}
{"level":50,"time":1770519300665,"pid":508584,"hostname":"TS-SURAGRA","job":"HEARTBEAT","err":"sendEmail: lista \"to\" vacía o inválida","msg":"Heartbeat failed"}
{"level":50,"time":1770605700665,"pid":508584,"hostname":"TS-SURAGRA","job":"HEARTBEAT","err":"sendEmail: lista \"to\" vacía o inválida","msg":"Heartbeat failed"}
{"level":50,"time":1770692100669,"pid":508584,"hostname":"TS-SURAGRA","job":"HEARTBEAT","err":"sendEmail: lista \"to\" vacía o inválida","msg":"Heartbeat failed"}
{"level":50,"time":1770778500664,"pid":508584,"hostname":"TS-SURAGRA","job":"HEARTBEAT","err":"sendEmail: lista \"to\" vacía o inválida","msg":"Heartbeat failed"}
{"level":50,"time":1770864900673,"pid":508584,"hostname":"TS-SURAGRA","job":"HEARTBEAT","err":"sendEmail: lista \"to\" vacía o inválida","msg":"Heartbeat failed"}
{"level":50,"time":1770951300668,"pid":508584,"hostname":"TS-SURAGRA","job":"HEARTBEAT","err":"sendEmail: lista \"to\" vacía o inválida","msg":"Heartbeat failed"}
{"level":30,"time":1770976800910,"pid":508584,"hostname":"TS-SURAGRA","subject":"Resumen Neto Vencido","msg":"Template cargado"}
{"level":30,"time":1770976827497,"pid":508584,"hostname":"TS-SURAGRA","to":["jadcve@gmail.com"],"codIdtSap":"C77995010","msg":"Enviando NETO"}
{"level":30,"time":1770976828351,"pid":508584,"hostname":"TS-SURAGRA","to":["jadcve@gmail.com"],"cc":["aracelli@suragra.com","marcoantonio@suragra.com","cinthia@suragra.com","jadcve@gmail.com","tesoreria@suragra.com"],"subject":"Resumen Neto Vencido SURAGRA","id":"0101019c5671de83-943d7001-e91f-4506-a9ba-c51ae9209ea7-000000","msg":"📎 Correo con logo inline enviado por SES"}
{"level":30,"time":1770976844329,"pid":508584,"hostname":"TS-SURAGRA","to":["jadcve@gmail.com"],"codIdtSap":"C79650240","msg":"Enviando NETO"}
{"level":30,"time":1770976844619,"pid":508584,"hostname":"TS-SURAGRA","to":["jadcve@gmail.com"],"cc":["aracelli@suragra.com","marcoantonio@suragra.com","cinthia@suragra.com","jadcve@gmail.com","tesoreria@suragra.com"],"subject":"Resumen Neto Vencido SURAGRA","id":"0101019c56721e11-c6256cb4-b1a0-4a26-bf39-daeb3da29cda-000000","msg":"📎 Correo con logo inline enviado por SES"}
{"level":30,"time":1770976860641,"pid":508584,"hostname":"TS-SURAGRA","to":["jadcve@gmail.com"],"codIdtSap":"C77802578","msg":"Enviando NETO"}
{"level":30,"time":1770976860944,"pid":508584,"hostname":"TS-SURAGRA","to":["jadcve@gmail.com"],"cc":["aracelli@suragra.com","marcoantonio@suragra.com","cinthia@suragra.com","jadcve@gmail.com","tesoreria@suragra.com"],"subject":"Resumen Neto Vencido SURAGRA","id":"0101019c56725dcc-50c405f9-a03c-417c-8ec4-8e03da2cf4dc-000000","msg":"📎 Correo con logo inline enviado por SES"}
{"level":30,"time":1770976876963,"pid":508584,"hostname":"TS-SURAGRA","to":["jadcve@gmail.com"],"codIdtSap":"C77341510","msg":"Enviando NETO"}
{"level":30,"time":1770976877249,"pid":508584,"hostname":"TS-SURAGRA","to":["jadcve@gmail.com"],"cc":["aracelli@suragra.com","marcoantonio@suragra.com","cinthia@suragra.com","jadcve@gmail.com","tesoreria@suragra.com"],"subject":"Resumen Neto Vencido SURAGRA","id":"0101019c56729d89-cf1b604d-eaaa-4d2d-8d76-8431a4f4e146-000000","msg":"📎 Correo con logo inline enviado por SES"}
{"level":30,"time":1770976893177,"pid":508584,"hostname":"TS-SURAGRA","to":["jadcve@gmail.com"],"codIdtSap":"C76573605","msg":"Enviando NETO"}
{"level":30,"time":1770976893471,"pid":508584,"hostname":"TS-SURAGRA","to":["jadcve@gmail.com"],"cc":["aracelli@suragra.com","marcoantonio@suragra.com","cinthia@suragra.com","jadcve@gmail.com","tesoreria@suragra.com"],"subject":"Resumen Neto Vencido SURAGRA","id":"0101019c5672dce6-f477c376-a171-4cc9-8882-8f0ca3af3201-000000","msg":"📎 Correo con logo inline enviado por SES"}
{"level":30,"time":1770976909432,"pid":508584,"hostname":"TS-SURAGRA","to":["jadcve@gmail.com"],"codIdtSap":"C76055435","msg":"Enviando NETO"}
{"level":30,"time":1770976909722,"pid":508584,"hostname":"TS-SURAGRA","to":["jadcve@gmail.com"],"cc":["aracelli@suragra.com","marcoantonio@suragra.com","cinthia@suragra.com","jadcve@gmail.com","tesoreria@suragra.com"],"subject":"Resumen Neto Vencido SURAGRA","id":"0101019c56731c5b-93c21b1a-9b47-4c16-8a76-8acf75266d7b-000000","msg":"📎 Correo con logo inline enviado por SES"}
{"level":30,"time":1770976925650,"pid":508584,"hostname":"TS-SURAGRA","to":["jadcve@gmail.com"],"codIdtSap":"C77739754","msg":"Enviando NETO"}
{"level":30,"time":1770976925937,"pid":508584,"hostname":"TS-SURAGRA","to":["jadcve@gmail.com"],"cc":["aracelli@suragra.com","marcoantonio@suragra.com","cinthia@suragra.com","jadcve@gmail.com","tesoreria@suragra.com"],"subject":"Resumen Neto Vencido SURAGRA","id":"0101019c56735bb3-97b58c40-ecd7-4a19-98c2-a2b08dc66064-000000","msg":"📎 Correo con logo inline enviado por SES"}
{"level":30,"time":1770976941854,"pid":508584,"hostname":"TS-SURAGRA","to":["jadcve@gmail.com"],"codIdtSap":"C96681790","msg":"Enviando NETO"}
{"level":30,"time":1770976942155,"pid":508584,"hostname":"TS-SURAGRA","to":["jadcve@gmail.com"],"cc":["aracelli@suragra.com","marcoantonio@suragra.com","cinthia@suragra.com","jadcve@gmail.com","tesoreria@suragra.com"],"subject":"Resumen Neto Vencido SURAGRA","id":"0101019c56739b07-4fbe0713-71bc-4290-a127-4e3320b1e723-000000","msg":"📎 Correo con logo inline enviado por SES"}
{"level":30,"time":1770976958375,"pid":508584,"hostname":"TS-SURAGRA","to":["jadcve@gmail.com"],"codIdtSap":"C76453978","msg":"Enviando NETO"}
{"level":30,"time":1770976958618,"pid":508584,"hostname":"TS-SURAGRA","to":["jadcve@gmail.com"],"cc":["aracelli@suragra.com","marcoantonio@suragra.com","cinthia@suragra.com","jadcve@gmail.com","tesoreria@suragra.com"],"subject":"Resumen Neto Vencido SURAGRA","id":"0101019c5673db72-6a5daea4-c556-4f3b-9987-73fe52f5dbaa-000000","msg":"📎 Correo con logo inline enviado por SES"}
{"level":30,"time":1770976974769,"pid":508584,"hostname":"TS-SURAGRA","to":["jadcve@gmail.com"],"codIdtSap":"C76213723","msg":"Enviando NETO"}
{"level":30,"time":1770976975075,"pid":508584,"hostname":"TS-SURAGRA","to":["jadcve@gmail.com"],"cc":["aracelli@suragra.com","marcoantonio@suragra.com","cinthia@suragra.com","jadcve@gmail.com","tesoreria@suragra.com"],"subject":"Resumen Neto Vencido SURAGRA","id":"0101019c56741b94-088a7ade-0251-4028-92c9-2a48015f08a9-000000","msg":"📎 Correo con logo inline enviado por SES"}
{"level":30,"time":1770976991394,"pid":508584,"hostname":"TS-SURAGRA","to":["jadcve@gmail.com"],"codIdtSap":"C76768906","msg":"Enviando NETO"}
{"level":30,"time":1770976991702,"pid":508584,"hostname":"TS-SURAGRA","to":["jadcve@gmail.com"],"cc":["aracelli@suragra.com","marcoantonio@suragra.com","cinthia@suragra.com","jadcve@gmail.com","tesoreria@suragra.com"],"subject":"Resumen Neto Vencido SURAGRA","id":"0101019c56745c83-7e196c79-5df5-4f70-8a70-71228441d801-000000","msg":"📎 Correo con logo inline enviado por SES"}
{"level":30,"time":1770977007953,"pid":508584,"hostname":"TS-SURAGRA","to":["jadcve@gmail.com"],"codIdtSap":"C76067861","msg":"Enviando NETO"}
{"level":30,"time":1770977008234,"pid":508584,"hostname":"TS-SURAGRA","to":["jadcve@gmail.com"],"cc":["aracelli@suragra.com","marcoantonio@suragra.com","cinthia@suragra.com","jadcve@gmail.com","tesoreria@suragra.com"],"subject":"Resumen Neto Vencido SURAGRA","id":"0101019c56749d31-d03f0c16-cb30-48b3-a131-bb454429e8fe-000000","msg":"📎 Correo con logo inline enviado por SES"}
{"level":30,"time":1770977024213,"pid":508584,"hostname":"TS-SURAGRA","to":["jadcve@gmail.com"],"codIdtSap":"C77350529","msg":"Enviando NETO"}
{"level":30,"time":1770977024505,"pid":508584,"hostname":"TS-SURAGRA","to":["jadcve@gmail.com"],"cc":["aracelli@suragra.com","marcoantonio@suragra.com","cinthia@suragra.com","jadcve@gmail.com","tesoreria@suragra.com"],"subject":"Resumen Neto Vencido SURAGRA","id":"0101019c5674dcb7-80a20583-b0d0-4398-b288-9aedaa888415-000000","msg":"📎 Correo con logo inline enviado por SES"}
{"level":30,"time":1770977040440,"pid":508584,"hostname":"TS-SURAGRA","to":["jadcve@gmail.com"],"codIdtSap":"C76389543-2","msg":"Enviando NETO"}
{"level":30,"time":1770977040689,"pid":508584,"hostname":"TS-SURAGRA","to":["jadcve@gmail.com"],"cc":["aracelli@suragra.com","marcoantonio@suragra.com","cinthia@suragra.com","jadcve@gmail.com","tesoreria@suragra.com"],"subject":"Resumen Neto Vencido SURAGRA","id":"0101019c56751c08-bf01ffe7-35eb-4beb-9b15-4d71caffa58f-000000","msg":"📎 Correo con logo inline enviado por SES"}
{"level":30,"time":1770977056701,"pid":508584,"hostname":"TS-SURAGRA","to":["jadcve@gmail.com"],"codIdtSap":"C93329000","msg":"Enviando NETO"}
{"level":30,"time":1770977057063,"pid":508584,"hostname":"TS-SURAGRA","to":["jadcve@gmail.com"],"cc":["aracelli@suragra.com","marcoantonio@suragra.com","cinthia@suragra.com","jadcve@gmail.com","tesoreria@suragra.com"],"subject":"Resumen Neto Vencido SURAGRA","id":"0101019c56755b9e-7b64c89a-87df-4350-b5fa-cd2790619899-000000","msg":"📎 Correo con logo inline enviado por SES"}
{"level":30,"time":1770977073045,"pid":508584,"hostname":"TS-SURAGRA","to":["jadcve@gmail.com"],"codIdtSap":"C96647510","msg":"Enviando NETO"}
{"level":30,"time":1770977073328,"pid":508584,"hostname":"TS-SURAGRA","to":["jadcve@gmail.com"],"cc":["aracelli@suragra.com","marcoantonio@suragra.com","cinthia@suragra.com","jadcve@gmail.com","tesoreria@suragra.com"],"subject":"Resumen Neto Vencido SURAGRA","id":"0101019c56759b79-1a5d4fdd-2f9b-4e29-a490-c6e6182ec422-000000","msg":"📎 Correo con logo inline enviado por SES"}
{"level":30,"time":1770977089197,"pid":508584,"hostname":"TS-SURAGRA","to":["jadcve@gmail.com"],"codIdtSap":"C76885621","msg":"Enviando NETO"}
{"level":30,"time":1770977089482,"pid":508584,"hostname":"TS-SURAGRA","to":["jadcve@gmail.com"],"cc":["aracelli@suragra.com","marcoantonio@suragra.com","cinthia@suragra.com","jadcve@gmail.com","tesoreria@suragra.com"],"subject":"Resumen Neto Vencido SURAGRA","id":"0101019c5675da93-baa95774-6043-4336-9a76-37c2ad3a9ca2-000000","msg":"📎 Correo con logo inline enviado por SES"}
{"level":30,"time":1770977105417,"pid":508584,"hostname":"TS-SURAGRA","to":["jadcve@gmail.com"],"codIdtSap":"C76304361","msg":"Enviando NETO"}
{"level":30,"time":1770977105706,"pid":508584,"hostname":"TS-SURAGRA","to":["jadcve@gmail.com"],"cc":["aracelli@suragra.com","marcoantonio@suragra.com","cinthia@suragra.com","jadcve@gmail.com","tesoreria@suragra.com"],"subject":"Resumen Neto Vencido SURAGRA","id":"0101019c567619f2-03e24f71-ea12-4282-97ed-b7648c1072c7-000000","msg":"📎 Correo con logo inline enviado por SES"}
{"level":30,"time":1770977122618,"pid":508584,"hostname":"TS-SURAGRA","to":["jadcve@gmail.com"],"codIdtSap":"C96718780","msg":"Enviando NETO"}
{"level":30,"time":1770977122894,"pid":508584,"hostname":"TS-SURAGRA","to":["jadcve@gmail.com"],"cc":["aracelli@suragra.com","marcoantonio@suragra.com","cinthia@suragra.com","jadcve@gmail.com","tesoreria@suragra.com"],"subject":"Resumen Neto Vencido SURAGRA","id":"0101019c56765d1d-8ab679a3-cc73-458c-9f49-90d9bfadfce1-000000","msg":"📎 Correo con logo inline enviado por SES"}
{"level":30,"time":1770977138868,"pid":508584,"hostname":"TS-SURAGRA","to":["jadcve@gmail.com"],"codIdtSap":"C96609410","msg":"Enviando NETO"}
{"level":30,"time":1770977139164,"pid":508584,"hostname":"TS-SURAGRA","to":["jadcve@gmail.com"],"cc":["aracelli@suragra.com","marcoantonio@suragra.com","cinthia@suragra.com","jadcve@gmail.com","tesoreria@suragra.com"],"subject":"Resumen Neto Vencido SURAGRA","id":"0101019c56769c96-2b8c8f6b-5a57-4661-8ee9-73f4204350ae-000000","msg":"📎 Correo con logo inline enviado por SES"}
{"level":30,"time":1770977163758,"pid":508584,"hostname":"TS-SURAGRA","to":["jadcve@gmail.com"],"codIdtSap":"C77757654","msg":"Enviando NETO"}
{"level":30,"time":1770977164099,"pid":508584,"hostname":"TS-SURAGRA","to":["jadcve@gmail.com"],"cc":["aracelli@suragra.com","marcoantonio@suragra.com","cinthia@suragra.com","jadcve@gmail.com","tesoreria@suragra.com"],"subject":"Resumen Neto Vencido SURAGRA","id":"0101019c5676fdd4-115b5f3b-718f-442f-a389-d7922b368aad-000000","msg":"📎 Correo con logo inline enviado por SES"}
{"level":30,"time":1770977181453,"pid":508584,"hostname":"TS-SURAGRA","to":["jadcve@gmail.com"],"codIdtSap":"C76081733","msg":"Enviando NETO"}
{"level":30,"time":1770977181747,"pid":508584,"hostname":"TS-SURAGRA","to":["jadcve@gmail.com"],"cc":["aracelli@suragra.com","marcoantonio@suragra.com","cinthia@suragra.com","jadcve@gmail.com","tesoreria@suragra.com"],"subject":"Resumen Neto Vencido SURAGRA","id":"0101019c567742f2-acdb365e-96e6-4057-b7e0-b560b29589b1-000000","msg":"📎 Correo con logo inline enviado por SES"}
{"level":30,"time":1770977198836,"pid":508584,"hostname":"TS-SURAGRA","to":["jadcve@gmail.com"],"codIdtSap":"C76000275","msg":"Enviando NETO"}
{"level":30,"time":1770977199082,"pid":508584,"hostname":"TS-SURAGRA","to":["jadcve@gmail.com"],"cc":["aracelli@suragra.com","marcoantonio@suragra.com","cinthia@suragra.com","jadcve@gmail.com","tesoreria@suragra.com"],"subject":"Resumen Neto Vencido SURAGRA","id":"0101019c567786bf-610118e0-cbff-4e36-9907-f1ed41f68984-000000","msg":"📎 Correo con logo inline enviado por SES"}
{"level":30,"time":1770977215013,"pid":508584,"hostname":"TS-SURAGRA","to":["jadcve@gmail.com"],"codIdtSap":"C76536565","msg":"Enviando NETO"}
{"level":30,"time":1770977215259,"pid":508584,"hostname":"TS-SURAGRA","to":["jadcve@gmail.com"],"cc":["aracelli@suragra.com","marcoantonio@suragra.com","cinthia@suragra.com","jadcve@gmail.com","tesoreria@suragra.com"],"subject":"Resumen Neto Vencido SURAGRA","id":"0101019c5677c5f3-4aa6d5fc-f671-4d82-b46f-3faffe540d8b-000000","msg":"📎 Correo con logo inline enviado por SES"}
{"level":30,"time":1770977231250,"pid":508584,"hostname":"TS-SURAGRA","to":["jadcve@gmail.com"],"codIdtSap":"C99578700","msg":"Enviando NETO"}
{"level":30,"time":1770977231504,"pid":508584,"hostname":"TS-SURAGRA","to":["jadcve@gmail.com"],"cc":["aracelli@suragra.com","marcoantonio@suragra.com","cinthia@suragra.com","jadcve@gmail.com","tesoreria@suragra.com"],"subject":"Resumen Neto Vencido SURAGRA","id":"0101019c56780563-c4373de7-bc6c-4812-887b-81c489f9a244-000000","msg":"📎 Correo con logo inline enviado por SES"}
{"level":30,"time":1770977247479,"pid":508584,"hostname":"TS-SURAGRA","to":["jadcve@gmail.com"],"codIdtSap":"C76036883","msg":"Enviando NETO"}
{"level":30,"time":1770977247765,"pid":508584,"hostname":"TS-SURAGRA","to":["jadcve@gmail.com"],"cc":["aracelli@suragra.com","marcoantonio@suragra.com","cinthia@suragra.com","jadcve@gmail.com","tesoreria@suragra.com"],"subject":"Resumen Neto Vencido SURAGRA","id":"0101019c567844d7-9c3558e1-02b7-4c6e-a126-4d4ecefa46aa-000000","msg":"📎 Correo con logo inline enviado por SES"}
{"level":30,"time":1770977263852,"pid":508584,"hostname":"TS-SURAGRA","to":["jadcve@gmail.com"],"codIdtSap":"C76954536","msg":"Enviando NETO"}
{"level":30,"time":1770977264115,"pid":508584,"hostname":"TS-SURAGRA","to":["jadcve@gmail.com"],"cc":["aracelli@suragra.com","marcoantonio@suragra.com","cinthia@suragra.com","jadcve@gmail.com","tesoreria@suragra.com"],"subject":"Resumen Neto Vencido SURAGRA","id":"0101019c567884be-39e9baeb-8c2c-4cdf-85ab-bfa5ed4d6d8b-000000","msg":"📎 Correo con logo inline enviado por SES"}
{"level":30,"time":1770977279993,"pid":508584,"hostname":"TS-SURAGRA","to":["jadcve@gmail.com"],"codIdtSap":"C76109640","msg":"Enviando NETO"}
{"level":30,"time":1770977280274,"pid":508584,"hostname":"TS-SURAGRA","to":["jadcve@gmail.com"],"cc":["aracelli@suragra.com","marcoantonio@suragra.com","cinthia@suragra.com","jadcve@gmail.com","tesoreria@suragra.com"],"subject":"Resumen Neto Vencido SURAGRA","id":"0101019c5678c3db-0786b6f0-5168-45ab-b8fe-aad09477e020-000000","msg":"📎 Correo con logo inline enviado por SES"}
{"level":30,"time":1770977296194,"pid":508584,"hostname":"TS-SURAGRA","to":["jadcve@gmail.com"],"codIdtSap":"C76865936","msg":"Enviando NETO"}
{"level":30,"time":1770977296463,"pid":508584,"hostname":"TS-SURAGRA","to":["jadcve@gmail.com"],"cc":["aracelli@suragra.com","marcoantonio@suragra.com","cinthia@suragra.com","jadcve@gmail.com","tesoreria@suragra.com"],"subject":"Resumen Neto Vencido SURAGRA","id":"0101019c56790323-d0cb4099-6135-4632-9ecd-08e67a7e6505-000000","msg":"📎 Correo con logo inline enviado por SES"}
{"level":30,"time":1770977312456,"pid":508584,"hostname":"TS-SURAGRA","to":["jadcve@gmail.com"],"codIdtSap":"C86381300","msg":"Enviando NETO"}
{"level":30,"time":1770977312742,"pid":508584,"hostname":"TS-SURAGRA","to":["jadcve@gmail.com"],"cc":["aracelli@suragra.com","marcoantonio@suragra.com","cinthia@suragra.com","jadcve@gmail.com","tesoreria@suragra.com"],"subject":"Resumen Neto Vencido SURAGRA","id":"0101019c567942aa-b1428659-93c4-4b93-9ffe-68a208fb853a-000000","msg":"📎 Correo con logo inline enviado por SES"}
{"level":30,"time":1770977328617,"pid":508584,"hostname":"TS-SURAGRA","to":["jadcve@gmail.com"],"codIdtSap":"C76200382","msg":"Enviando NETO"}
{"level":30,"time":1770977328910,"pid":508584,"hostname":"TS-SURAGRA","to":["jadcve@gmail.com"],"cc":["aracelli@suragra.com","marcoantonio@suragra.com","cinthia@suragra.com","jadcve@gmail.com","tesoreria@suragra.com"],"subject":"Resumen Neto Vencido SURAGRA","id":"0101019c567981d0-55ca39d5-0c2b-4aae-8e3d-ffa773b1a9a0-000000","msg":"📎 Correo con logo inline enviado por SES"}
{"level":30,"time":1770977344949,"pid":508584,"hostname":"TS-SURAGRA","to":["jadcve@gmail.com"],"codIdtSap":"C96867620","msg":"Enviando NETO"}
{"level":30,"time":1770977345246,"pid":508584,"hostname":"TS-SURAGRA","to":["jadcve@gmail.com"],"cc":["aracelli@suragra.com","marcoantonio@suragra.com","cinthia@suragra.com","jadcve@gmail.com","tesoreria@suragra.com"],"subject":"Resumen Neto Vencido SURAGRA","id":"0101019c5679c198-a0a868da-03e4-496a-9485-d8ed43d12073-000000","msg":"📎 Correo con logo inline enviado por SES"}
{"level":30,"time":1770977361130,"pid":508584,"hostname":"TS-SURAGRA","to":["jadcve@gmail.com"],"codIdtSap":"C76193074","msg":"Enviando NETO"}
{"level":30,"time":1770977361428,"pid":508584,"hostname":"TS-SURAGRA","to":["jadcve@gmail.com"],"cc":["aracelli@suragra.com","marcoantonio@suragra.com","cinthia@suragra.com","jadcve@gmail.com","tesoreria@suragra.com"],"subject":"Resumen Neto Vencido SURAGRA","id":"0101019c567a00d1-1240e286-c382-4ace-8647-4dc5596d8522-000000","msg":"📎 Correo con logo inline enviado por SES"}
{"level":30,"time":1770977377383,"pid":508584,"hostname":"TS-SURAGRA","to":["jadcve@gmail.com"],"codIdtSap":"C76181799","msg":"Enviando NETO"}
{"level":30,"time":1770977377665,"pid":508584,"hostname":"TS-SURAGRA","to":["jadcve@gmail.com"],"cc":["aracelli@suragra.com","marcoantonio@suragra.com","cinthia@suragra.com","jadcve@gmail.com","tesoreria@suragra.com"],"subject":"Resumen Neto Vencido SURAGRA","id":"0101019c567a404f-f7c1a146-4f24-498c-aa78-432dd91483d0-000000","msg":"📎 Correo con logo inline enviado por SES"}
{"level":30,"time":1770977393567,"pid":508584,"hostname":"TS-SURAGRA","to":["jadcve@gmail.com"],"codIdtSap":"C76154796","msg":"Enviando NETO"}
{"level":30,"time":1770977393808,"pid":508584,"hostname":"TS-SURAGRA","to":["jadcve@gmail.com"],"cc":["aracelli@suragra.com","marcoantonio@suragra.com","cinthia@suragra.com","jadcve@gmail.com","tesoreria@suragra.com"],"subject":"Resumen Neto Vencido SURAGRA","id":"0101019c567a7f6c-794091f2-ff80-4771-a73a-d2ab0cbeced4-000000","msg":"📎 Correo con logo inline enviado por SES"}
{"level":30,"time":1770977410448,"pid":508584,"hostname":"TS-SURAGRA","to":["jadcve@gmail.com"],"codIdtSap":"C761625829","msg":"Enviando NETO"}
{"level":30,"time":1770977410749,"pid":508584,"hostname":"TS-SURAGRA","to":["jadcve@gmail.com"],"cc":["aracelli@suragra.com","marcoantonio@suragra.com","cinthia@suragra.com","jadcve@gmail.com","tesoreria@suragra.com"],"subject":"Resumen Neto Vencido SURAGRA","id":"0101019c567ac174-cd68c047-6a51-4b25-8afa-b9a0b6b9eca7-000000","msg":"📎 Correo con logo inline enviado por SES"}
{"level":50,"time":1770977410751,"pid":508584,"hostname":"TS-SURAGRA","job":"NETO","err":"Cannot read properties of undefined (reading 'to')","msg":"job failed"}
{"level":50,"time":1771037700662,"pid":508584,"hostname":"TS-SURAGRA","job":"HEARTBEAT","err":"sendEmail: lista \"to\" vacía o inválida","msg":"Heartbeat failed"}
{"level":50,"time":1771124100667,"pid":508584,"hostname":"TS-SURAGRA","job":"HEARTBEAT","err":"sendEmail: lista \"to\" vacía o inválida","msg":"Heartbeat failed"}
{"level":30,"time":1771153200589,"pid":508584,"hostname":"TS-SURAGRA","subject":"Resumen IVA Vencido","msg":"Template IMOR cargado"}
{"level":30,"time":1771153464593,"pid":508584,"hostname":"TS-SURAGRA","to":["jadcve@gmail.com"],"codIdtSap":"C96771340","msg":"Enviando IMOR"}
{"level":30,"time":1771153465316,"pid":508584,"hostname":"TS-SURAGRA","to":["jadcve@gmail.com"],"cc":["aracelli@suragra.com","marcoantonio@suragra.com","cinthia@suragra.com","jadcve@gmail.com","tesoreria@suragra.com"],"subject":"Resumen IVA Vencido SURAGRA","id":"0101019c60f922a5-afd0ba3f-096b-4a6a-b0c9-43f0b3e49198-000000","msg":"✉️ Correo enviado por SES"}
{"level":30,"time":1771153495092,"pid":508584,"hostname":"TS-SURAGRA","to":["jadcve@gmail.com"],"codIdtSap":"C76180781","msg":"Enviando IMOR"}
{"level":30,"time":1771153495400,"pid":508584,"hostname":"TS-SURAGRA","to":["jadcve@gmail.com"],"cc":["aracelli@suragra.com","marcoantonio@suragra.com","cinthia@suragra.com","jadcve@gmail.com","tesoreria@suragra.com"],"subject":"Resumen IVA Vencido SURAGRA","id":"0101019c60f9981a-c6779e37-8211-4c88-8606-e77bc58c2373-000000","msg":"✉️ Correo enviado por SES"}
{"level":30,"time":1771153604413,"pid":508584,"hostname":"TS-SURAGRA","to":["jadcve@gmail.com"],"codIdtSap":"C93329000","msg":"Enviando IMOR"}
{"level":30,"time":1771153605334,"pid":508584,"hostname":"TS-SURAGRA","to":["jadcve@gmail.com"],"cc":["aracelli@suragra.com","marcoantonio@suragra.com","cinthia@suragra.com","jadcve@gmail.com","tesoreria@suragra.com"],"subject":"Resumen IVA Vencido SURAGRA","id":"0101019c60fb459a-8192f6cf-5edc-4348-88d9-f164998a10d0-000000","msg":"✉️ Correo enviado por SES"}
{"level":30,"time":1771153623226,"pid":508584,"hostname":"TS-SURAGRA","to":["jadcve@gmail.com"],"codIdtSap":"C76181799","msg":"Enviando IMOR"}
{"level":30,"time":1771153623521,"pid":508584,"hostname":"TS-SURAGRA","to":["jadcve@gmail.com"],"cc":["aracelli@suragra.com","marcoantonio@suragra.com","cinthia@suragra.com","jadcve@gmail.com","tesoreria@suragra.com"],"subject":"Resumen IVA Vencido SURAGRA","id":"0101019c60fb8ca3-aa469652-c909-4625-be2d-823bce43299b-000000","msg":"✉️ Correo enviado por SES"}
{"level":30,"time":1771153641659,"pid":508584,"hostname":"TS-SURAGRA","to":["jadcve@gmail.com"],"codIdtSap":"C96567890","msg":"Enviando IMOR"}
{"level":30,"time":1771153641957,"pid":508584,"hostname":"TS-SURAGRA","to":["jadcve@gmail.com"],"cc":["aracelli@suragra.com","marcoantonio@suragra.com","cinthia@suragra.com","jadcve@gmail.com","tesoreria@suragra.com"],"subject":"Resumen IVA Vencido SURAGRA","id":"0101019c60fbd4a6-d18caea3-5c7a-446f-8bef-0add97e838b1-000000","msg":"✉️ Correo enviado por SES"}
{"level":30,"time":1771153660055,"pid":508584,"hostname":"TS-SURAGRA","to":["jadcve@gmail.com"],"codIdtSap":"C76193074","msg":"Enviando IMOR"}
{"level":30,"time":1771153660350,"pid":508584,"hostname":"TS-SURAGRA","to":["jadcve@gmail.com"],"cc":["aracelli@suragra.com","marcoantonio@suragra.com","cinthia@suragra.com","jadcve@gmail.com","tesoreria@suragra.com"],"subject":"Resumen IVA Vencido SURAGRA","id":"0101019c60fc1c84-95bc44b8-04a0-4538-91cc-c9e23ef3df50-000000","msg":"✉️ Correo enviado por SES"}
{"level":30,"time":1771153726326,"pid":508584,"hostname":"TS-SURAGRA","to":["jadcve@gmail.com"],"codIdtSap":"C77772750","msg":"Enviando IMOR"}
{"level":30,"time":1771153727191,"pid":508584,"hostname":"TS-SURAGRA","to":["jadcve@gmail.com"],"cc":["aracelli@suragra.com","marcoantonio@suragra.com","cinthia@suragra.com","jadcve@gmail.com","tesoreria@suragra.com"],"subject":"Resumen IVA Vencido SURAGRA","id":"0101019c60fd21a2-0ef47c30-111a-4fe7-b171-d4db35553cf5-000000","msg":"✉️ Correo enviado por SES"}
{"level":30,"time":1771153741121,"pid":508584,"hostname":"TS-SURAGRA","to":["jadcve@gmail.com"],"codIdtSap":"C76154796","msg":"Enviando IMOR"}
{"level":30,"time":1771153741414,"pid":508584,"hostname":"TS-SURAGRA","to":["jadcve@gmail.com"],"cc":["aracelli@suragra.com","marcoantonio@suragra.com","cinthia@suragra.com","jadcve@gmail.com","tesoreria@suragra.com"],"subject":"Resumen IVA Vencido SURAGRA","id":"0101019c60fd5929-4a587c9e-98ed-42a4-bbf7-ff682afb8ce6-000000","msg":"✉️ Correo enviado por SES"}
{"level":30,"time":1771153755264,"pid":508584,"hostname":"TS-SURAGRA","to":["jadcve@gmail.com"],"codIdtSap":"C99510450","msg":"Enviando IMOR"}
{"level":30,"time":1771153755569,"pid":508584,"hostname":"TS-SURAGRA","to":["jadcve@gmail.com"],"cc":["aracelli@suragra.com","marcoantonio@suragra.com","cinthia@suragra.com","jadcve@gmail.com","tesoreria@suragra.com"],"subject":"Resumen IVA Vencido SURAGRA","id":"0101019c60fd906c-b57e4b92-307f-452c-9fcf-e58a6ebba1ff-000000","msg":"✉️ Correo enviado por SES"}
{"level":30,"time":1771153781508,"pid":508584,"hostname":"TS-SURAGRA","to":["jadcve@gmail.com"],"codIdtSap":"C78557210","msg":"Enviando IMOR"}
{"level":30,"time":1771153781792,"pid":508584,"hostname":"TS-SURAGRA","to":["jadcve@gmail.com"],"cc":["aracelli@suragra.com","marcoantonio@suragra.com","cinthia@suragra.com","jadcve@gmail.com","tesoreria@suragra.com"],"subject":"Resumen IVA Vencido SURAGRA","id":"0101019c60fdf6ef-39bdc039-e6a9-430b-9026-607c442d98f6-000000","msg":"✉️ Correo enviado por SES"}
{"level":30,"time":1771153803903,"pid":508584,"hostname":"TS-SURAGRA","to":["jadcve@gmail.com"],"codIdtSap":"C76411436","msg":"Enviando IMOR"}
{"level":30,"time":1771153804204,"pid":508584,"hostname":"TS-SURAGRA","to":["jadcve@gmail.com"],"cc":["aracelli@suragra.com","marcoantonio@suragra.com","cinthia@suragra.com","jadcve@gmail.com","tesoreria@suragra.com"],"subject":"Resumen IVA Vencido SURAGRA","id":"0101019c60fe4e65-e784306e-5ce9-41c1-9c5a-f020d85c5982-000000","msg":"✉️ Correo enviado por SES"}
{"level":30,"time":1771153823699,"pid":508584,"hostname":"TS-SURAGRA","to":["jadcve@gmail.com"],"codIdtSap":"C78101430","msg":"Enviando IMOR"}
{"level":30,"time":1771153823987,"pid":508584,"hostname":"TS-SURAGRA","to":["jadcve@gmail.com"],"cc":["aracelli@suragra.com","marcoantonio@suragra.com","cinthia@suragra.com","jadcve@gmail.com","tesoreria@suragra.com"],"subject":"Resumen IVA Vencido SURAGRA","id":"0101019c60fe9bc0-c5214eda-350d-4387-a44f-1acb2bdf0a4d-000000","msg":"✉️ Correo enviado por SES"}
{"level":30,"time":1771153837973,"pid":508584,"hostname":"TS-SURAGRA","to":["jadcve@gmail.com"],"codIdtSap":"C77280637","msg":"Enviando IMOR"}
{"level":30,"time":1771153838265,"pid":508584,"hostname":"TS-SURAGRA","to":["jadcve@gmail.com"],"cc":["aracelli@suragra.com","marcoantonio@suragra.com","cinthia@suragra.com","jadcve@gmail.com","tesoreria@suragra.com"],"subject":"Resumen IVA Vencido SURAGRA","id":"0101019c60fed37e-3cba29f5-ba30-4974-9b12-23fe65ee6d73-000000","msg":"✉️ Correo enviado por SES"}
{"level":30,"time":1771153852150,"pid":508584,"hostname":"TS-SURAGRA","to":["jadcve@gmail.com"],"codIdtSap":"C76143653","msg":"Enviando IMOR"}
{"level":30,"time":1771153852454,"pid":508584,"hostname":"TS-SURAGRA","to":["jadcve@gmail.com"],"cc":["aracelli@suragra.com","marcoantonio@suragra.com","cinthia@suragra.com","jadcve@gmail.com","tesoreria@suragra.com"],"subject":"Resumen IVA Vencido SURAGRA","id":"0101019c60ff0ae0-36be95d7-583c-48ee-ac36-897ac1f8f22b-000000","msg":"✉️ Correo enviado por SES"}
{"level":30,"time":1771153874319,"pid":508584,"hostname":"TS-SURAGRA","to":["jadcve@gmail.com"],"codIdtSap":"C79660760","msg":"Enviando IMOR"}
{"level":30,"time":1771153874624,"pid":508584,"hostname":"TS-SURAGRA","to":["jadcve@gmail.com"],"cc":["aracelli@suragra.com","marcoantonio@suragra.com","cinthia@suragra.com","jadcve@gmail.com","tesoreria@suragra.com"],"subject":"Resumen IVA Vencido SURAGRA","id":"0101019c60ff6178-95141cc7-7f4f-43da-9df4-c3b136a92ced-000000","msg":"✉️ Correo enviado por SES"}
{"level":30,"time":1771153890286,"pid":508584,"hostname":"TS-SURAGRA","to":["jadcve@gmail.com"],"codIdtSap":"C77618380","msg":"Enviando IMOR"}
{"level":30,"time":1771153890581,"pid":508584,"hostname":"TS-SURAGRA","to":["jadcve@gmail.com"],"cc":["aracelli@suragra.com","marcoantonio@suragra.com","cinthia@suragra.com","jadcve@gmail.com","tesoreria@suragra.com"],"subject":"Resumen IVA Vencido SURAGRA","id":"0101019c60ff9fd3-fb6d765b-94c0-4533-b7fe-65557c295bfc-000000","msg":"✉️ Correo enviado por SES"}
{"level":30,"time":1771153937352,"pid":508584,"hostname":"TS-SURAGRA","to":["jadcve@gmail.com"],"codIdtSap":"C96717910","msg":"Enviando IMOR"}
{"level":30,"time":1771153937647,"pid":508584,"hostname":"TS-SURAGRA","to":["jadcve@gmail.com"],"cc":["aracelli@suragra.com","marcoantonio@suragra.com","cinthia@suragra.com","jadcve@gmail.com","tesoreria@suragra.com"],"subject":"Resumen IVA Vencido SURAGRA","id":"0101019c610057b0-f2c7d0b4-c264-4dda-a82f-cd76f52e1182-000000","msg":"✉️ Correo enviado por SES"}
{"level":30,"time":1771153951692,"pid":508584,"hostname":"TS-SURAGRA","to":["jadcve@gmail.com"],"codIdtSap":"C99504220","msg":"Enviando IMOR"}
{"level":30,"time":1771153951984,"pid":508584,"hostname":"TS-SURAGRA","to":["jadcve@gmail.com"],"cc":["aracelli@suragra.com","marcoantonio@suragra.com","cinthia@suragra.com","jadcve@gmail.com","tesoreria@suragra.com"],"subject":"Resumen IVA Vencido SURAGRA","id":"0101019c61008fb4-405c70cf-bf9b-46e0-8fa9-577006d9ddfe-000000","msg":"✉️ Correo enviado por SES"}
{"level":30,"time":1771153965904,"pid":508584,"hostname":"TS-SURAGRA","to":["jadcve@gmail.com"],"codIdtSap":"C76625630-9","msg":"Enviando IMOR"}
{"level":30,"time":1771153966200,"pid":508584,"hostname":"TS-SURAGRA","to":["jadcve@gmail.com"],"cc":["aracelli@suragra.com","marcoantonio@suragra.com","cinthia@suragra.com","jadcve@gmail.com","tesoreria@suragra.com"],"subject":"Resumen IVA Vencido SURAGRA","id":"0101019c6100c73a-638e0f77-bdf9-4b2f-8fa3-ea54ad624080-000000","msg":"✉️ Correo enviado por SES"}
{"level":30,"time":1771154000313,"pid":508584,"hostname":"TS-SURAGRA","to":["jadcve@gmail.com"],"codIdtSap":"C77076859","msg":"Enviando IMOR"}
{"level":30,"time":1771154000603,"pid":508584,"hostname":"TS-SURAGRA","to":["jadcve@gmail.com"],"cc":["aracelli@suragra.com","marcoantonio@suragra.com","cinthia@suragra.com","jadcve@gmail.com","tesoreria@suragra.com"],"subject":"Resumen IVA Vencido SURAGRA","id":"0101019c61014d9c-da2a79af-1b90-4f26-8579-bc52093af544-000000","msg":"✉️ Correo enviado por SES"}
{"level":30,"time":1771154026576,"pid":508584,"hostname":"TS-SURAGRA","to":["jadcve@gmail.com"],"codIdtSap":"C76446121","msg":"Enviando IMOR"}
{"level":30,"time":1771154026863,"pid":508584,"hostname":"TS-SURAGRA","to":["jadcve@gmail.com"],"cc":["aracelli@suragra.com","marcoantonio@suragra.com","cinthia@suragra.com","jadcve@gmail.com","tesoreria@suragra.com"],"subject":"Resumen IVA Vencido SURAGRA","id":"0101019c6101b437-c3baf963-e8aa-4c4e-8a69-975472359fd8-000000","msg":"✉️ Correo enviado por SES"}
{"level":30,"time":1771154056551,"pid":508584,"hostname":"TS-SURAGRA","to":["jadcve@gmail.com"],"codIdtSap":"C99546180","msg":"Enviando IMOR"}
{"level":30,"time":1771154056848,"pid":508584,"hostname":"TS-SURAGRA","to":["jadcve@gmail.com"],"cc":["aracelli@suragra.com","marcoantonio@suragra.com","cinthia@suragra.com","jadcve@gmail.com","tesoreria@suragra.com"],"subject":"Resumen IVA Vencido SURAGRA","id":"0101019c6102294e-55ad18fa-07d4-4b7e-939e-7bc25560b759-000000","msg":"✉️ Correo enviado por SES"}
{"level":30,"time":1771154070755,"pid":508584,"hostname":"TS-SURAGRA","to":["jadcve@gmail.com"],"codIdtSap":"C76036883","msg":"Enviando IMOR"}
{"level":30,"time":1771154071047,"pid":508584,"hostname":"TS-SURAGRA","to":["jadcve@gmail.com"],"cc":["aracelli@suragra.com","marcoantonio@suragra.com","cinthia@suragra.com","jadcve@gmail.com","tesoreria@suragra.com"],"subject":"Resumen IVA Vencido SURAGRA","id":"0101019c610260c5-1affbe37-b0ea-479e-8648-e7415f0ae6fc-000000","msg":"✉️ Correo enviado por SES"}
{"level":30,"time":1771154101039,"pid":508584,"hostname":"TS-SURAGRA","to":["jadcve@gmail.com"],"codIdtSap":"C76113439","msg":"Enviando IMOR"}
{"level":30,"time":1771154101384,"pid":508584,"hostname":"TS-SURAGRA","to":["jadcve@gmail.com"],"cc":["aracelli@suragra.com","marcoantonio@suragra.com","cinthia@suragra.com","jadcve@gmail.com","tesoreria@suragra.com"],"subject":"Resumen IVA Vencido SURAGRA","id":"0101019c6102d712-00f294c7-d296-48a6-a955-ea407d22c3ec-000000","msg":"✉️ Correo enviado por SES"}
{"level":30,"time":1771154120166,"pid":508584,"hostname":"TS-SURAGRA","to":["jadcve@gmail.com"],"codIdtSap":"C77341510","msg":"Enviando IMOR"}
{"level":30,"time":1771154120445,"pid":508584,"hostname":"TS-SURAGRA","to":["jadcve@gmail.com"],"cc":["aracelli@suragra.com","marcoantonio@suragra.com","cinthia@suragra.com","jadcve@gmail.com","tesoreria@suragra.com"],"subject":"Resumen IVA Vencido SURAGRA","id":"0101019c610321ca-7fbf9883-6f1c-402f-84b2-531ba93b034a-000000","msg":"✉️ Correo enviado por SES"}
{"level":30,"time":1771154138577,"pid":508584,"hostname":"TS-SURAGRA","to":["jadcve@gmail.com"],"codIdtSap":"C77643013","msg":"Enviando IMOR"}
{"level":30,"time":1771154138876,"pid":508584,"hostname":"TS-SURAGRA","to":["jadcve@gmail.com"],"cc":["aracelli@suragra.com","marcoantonio@suragra.com","cinthia@suragra.com","jadcve@gmail.com","tesoreria@suragra.com"],"subject":"Resumen IVA Vencido SURAGRA","id":"0101019c610369b4-ec9e7931-1739-40ed-b2d4-a957a7c011fd-000000","msg":"✉️ Correo enviado por SES"}
{"level":30,"time":1771154156680,"pid":508584,"hostname":"TS-SURAGRA","to":["jadcve@gmail.com"],"codIdtSap":"C76522630","msg":"Enviando IMOR"}
{"level":30,"time":1771154156926,"pid":508584,"hostname":"TS-SURAGRA","to":["jadcve@gmail.com"],"cc":["aracelli@suragra.com","marcoantonio@suragra.com","cinthia@suragra.com","jadcve@gmail.com","tesoreria@suragra.com"],"subject":"Resumen IVA Vencido SURAGRA","id":"0101019c6103b057-6bbb4acf-0522-404a-af34-22c9ce5acb46-000000","msg":"✉️ Correo enviado por SES"}
{"level":30,"time":1771154170754,"pid":508584,"hostname":"TS-SURAGRA","to":["jadcve@gmail.com"],"codIdtSap":"C76067861","msg":"Enviando IMOR"}
{"level":30,"time":1771154171065,"pid":508584,"hostname":"TS-SURAGRA","to":["jadcve@gmail.com"],"cc":["aracelli@suragra.com","marcoantonio@suragra.com","cinthia@suragra.com","jadcve@gmail.com","tesoreria@suragra.com"],"subject":"Resumen IVA Vencido SURAGRA","id":"0101019c6103e75b-df30d082-491b-4f40-9797-dd65fe1d595a-000000","msg":"✉️ Correo enviado por SES"}
{"level":30,"time":1771154184939,"pid":508584,"hostname":"TS-SURAGRA","to":["jadcve@gmail.com"],"codIdtSap":"C77469059","msg":"Enviando IMOR"}
{"level":30,"time":1771154185221,"pid":508584,"hostname":"TS-SURAGRA","to":["jadcve@gmail.com"],"cc":["aracelli@suragra.com","marcoantonio@suragra.com","cinthia@suragra.com","jadcve@gmail.com","tesoreria@suragra.com"],"subject":"Resumen IVA Vencido SURAGRA","id":"0101019c61041ece-8e2bbd7e-f848-4e95-95e2-5538ce28dd13-000000","msg":"✉️ Correo enviado por SES"}
{"level":30,"time":1771154227514,"pid":508584,"hostname":"TS-SURAGRA","to":["jadcve@gmail.com"],"codIdtSap":"C76970321","msg":"Enviando IMOR"}
{"level":30,"time":1771154227806,"pid":508584,"hostname":"TS-SURAGRA","to":["jadcve@gmail.com"],"cc":["aracelli@suragra.com","marcoantonio@suragra.com","cinthia@suragra.com","jadcve@gmail.com","tesoreria@suragra.com"],"subject":"Resumen IVA Vencido SURAGRA","id":"0101019c6104c523-5d8c5020-6ff8-4992-97f2-c2dc6b2e6aa3-000000","msg":"✉️ Correo enviado por SES"}
{"level":30,"time":1771154251349,"pid":508584,"hostname":"TS-SURAGRA","to":["jadcve@gmail.com"],"codIdtSap":"C76101146","msg":"Enviando IMOR"}
{"level":30,"time":1771154251630,"pid":508584,"hostname":"TS-SURAGRA","to":["jadcve@gmail.com"],"cc":["aracelli@suragra.com","marcoantonio@suragra.com","cinthia@suragra.com","jadcve@gmail.com","tesoreria@suragra.com"],"subject":"Resumen IVA Vencido SURAGRA","id":"0101019c61052236-ae0bc77e-b3e7-4d5e-82fc-1e35942af921-000000","msg":"✉️ Correo enviado por SES"}
{"level":30,"time":1771154273721,"pid":508584,"hostname":"TS-SURAGRA","to":["jadcve@gmail.com"],"codIdtSap":"C76439030","msg":"Enviando IMOR"}
{"level":30,"time":1771154274012,"pid":508584,"hostname":"TS-SURAGRA","to":["jadcve@gmail.com"],"cc":["aracelli@suragra.com","marcoantonio@suragra.com","cinthia@suragra.com","jadcve@gmail.com","tesoreria@suragra.com"],"subject":"Resumen IVA Vencido SURAGRA","id":"0101019c6105799f-69a84d55-d299-4c0e-8e29-607bb8057530-000000","msg":"✉️ Correo enviado por SES"}
{"level":30,"time":1771154287795,"pid":508584,"hostname":"TS-SURAGRA","to":["jadcve@gmail.com"],"codIdtSap":"C76738610","msg":"Enviando IMOR"}
{"level":30,"time":1771154288088,"pid":508584,"hostname":"TS-SURAGRA","to":["jadcve@gmail.com"],"cc":["aracelli@suragra.com","marcoantonio@suragra.com","cinthia@suragra.com","jadcve@gmail.com","tesoreria@suragra.com"],"subject":"Resumen IVA Vencido SURAGRA","id":"0101019c6105b094-da7b5234-1dc3-4170-b943-f30515dd6537-000000","msg":"✉️ Correo enviado por SES"}
{"level":30,"time":1771154314361,"pid":508584,"hostname":"TS-SURAGRA","to":["jadcve@gmail.com"],"codIdtSap":"C76056132","msg":"Enviando IMOR"}
{"level":30,"time":1771154314657,"pid":508584,"hostname":"TS-SURAGRA","to":["jadcve@gmail.com"],"cc":["aracelli@suragra.com","marcoantonio@suragra.com","cinthia@suragra.com","jadcve@gmail.com","tesoreria@suragra.com"],"subject":"Resumen IVA Vencido SURAGRA","id":"0101019c61061859-5c033a30-e376-4d03-83b8-1bf9f45491f3-000000","msg":"✉️ Correo enviado por SES"}
{"level":30,"time":1771154328771,"pid":508584,"hostname":"TS-SURAGRA","to":["jadcve@gmail.com"],"codIdtSap":"C96972530","msg":"Enviando IMOR"}
{"level":30,"time":1771154329034,"pid":508584,"hostname":"TS-SURAGRA","to":["jadcve@gmail.com"],"cc":["aracelli@suragra.com","marcoantonio@suragra.com","cinthia@suragra.com","jadcve@gmail.com","tesoreria@suragra.com"],"subject":"Resumen IVA Vencido SURAGRA","id":"0101019c61065094-c82d4f90-6709-420b-b94a-dd03fa4ba627-000000","msg":"✉️ Correo enviado por SES"}
{"level":30,"time":1771154342922,"pid":508584,"hostname":"TS-SURAGRA","to":["jadcve@gmail.com"],"codIdtSap":"C76073818","msg":"Enviando IMOR"}
{"level":30,"time":1771154343214,"pid":508584,"hostname":"TS-SURAGRA","to":["jadcve@gmail.com"],"cc":["aracelli@suragra.com","marcoantonio@suragra.com","cinthia@suragra.com","jadcve@gmail.com","tesoreria@suragra.com"],"subject":"Resumen IVA Vencido SURAGRA","id":"0101019c610687eb-6812a97f-92d4-4a5c-861b-c183479e30fb-000000","msg":"✉️ Correo enviado por SES"}
{"level":30,"time":1771154377518,"pid":508584,"hostname":"TS-SURAGRA","to":["jadcve@gmail.com"],"codIdtSap":"C77757654","msg":"Enviando IMOR"}
{"level":30,"time":1771154377836,"pid":508584,"hostname":"TS-SURAGRA","to":["jadcve@gmail.com"],"cc":["aracelli@suragra.com","marcoantonio@suragra.com","cinthia@suragra.com","jadcve@gmail.com","tesoreria@suragra.com"],"subject":"Resumen IVA Vencido SURAGRA","id":"0101019c61070f12-e6f42ef4-0ff2-4f7e-856b-4c7d5b05e94f-000000","msg":"✉️ Correo enviado por SES"}
{"level":30,"time":1771154399616,"pid":508584,"hostname":"TS-SURAGRA","to":["jadcve@gmail.com"],"codIdtSap":"C76797545","msg":"Enviando IMOR"}
{"level":30,"time":1771154399902,"pid":508584,"hostname":"TS-SURAGRA","to":["jadcve@gmail.com"],"cc":["aracelli@suragra.com","marcoantonio@suragra.com","cinthia@suragra.com","jadcve@gmail.com","tesoreria@suragra.com"],"subject":"Resumen IVA Vencido SURAGRA","id":"0101019c61076566-88540918-662f-4620-8007-b4033565ea02-000000","msg":"✉️ Correo enviado por SES"}
{"level":30,"time":1771154419126,"pid":508584,"hostname":"TS-SURAGRA","to":["jadcve@gmail.com"],"codIdtSap":"C77360658","msg":"Enviando IMOR"}
{"level":30,"time":1771154419420,"pid":508584,"hostname":"TS-SURAGRA","to":["jadcve@gmail.com"],"cc":["aracelli@suragra.com","marcoantonio@suragra.com","cinthia@suragra.com","jadcve@gmail.com","tesoreria@suragra.com"],"subject":"Resumen IVA Vencido SURAGRA","id":"0101019c6107b19c-37148cea-e11b-414c-93b4-f678ae889652-000000","msg":"✉️ Correo enviado por SES"}
{"level":30,"time":1771154434387,"pid":508584,"hostname":"TS-SURAGRA","to":["jadcve@gmail.com"],"codIdtSap":"C76384094","msg":"Enviando IMOR"}
{"level":30,"time":1771154434713,"pid":508584,"hostname":"TS-SURAGRA","to":["jadcve@gmail.com"],"cc":["aracelli@suragra.com","marcoantonio@suragra.com","cinthia@suragra.com","jadcve@gmail.com","tesoreria@suragra.com"],"subject":"Resumen IVA Vencido SURAGRA","id":"0101019c6107ed2b-1498db70-2c4c-4fd7-9b5d-47aaaf6b82c3-000000","msg":"✉️ Correo enviado por SES"}
{"level":30,"time":1771154499896,"pid":508584,"hostname":"TS-SURAGRA","to":["jadcve@gmail.com"],"codIdtSap":"C96609410","msg":"Enviando IMOR"}
{"level":30,"time":1771154500751,"pid":508584,"hostname":"TS-SURAGRA","to":["jadcve@gmail.com"],"cc":["aracelli@suragra.com","marcoantonio@suragra.com","cinthia@suragra.com","jadcve@gmail.com","tesoreria@suragra.com"],"subject":"Resumen IVA Vencido SURAGRA","id":"0101019c6108ef47-d811172c-d9ac-441c-8cee-ed84a66e6cc0-000000","msg":"✉️ Correo enviado por SES"}
{"level":30,"time":1771154514647,"pid":508584,"hostname":"TS-SURAGRA","to":["jadcve@gmail.com"],"codIdtSap":"C76681878","msg":"Enviando IMOR"}
{"level":30,"time":1771154514896,"pid":508584,"hostname":"TS-SURAGRA","to":["jadcve@gmail.com"],"cc":["aracelli@suragra.com","marcoantonio@suragra.com","cinthia@suragra.com","jadcve@gmail.com","tesoreria@suragra.com"],"subject":"Resumen IVA Vencido SURAGRA","id":"0101019c610926a3-d8dc1b66-1c1c-4f48-b84b-90ce0b17d4fc-000000","msg":"✉️ Correo enviado por SES"}
{"level":30,"time":1771154655867,"pid":508584,"hostname":"TS-SURAGRA","to":["jadcve@gmail.com"],"codIdtSap":"C76109640","msg":"Enviando IMOR"}
{"level":30,"time":1771154656732,"pid":508584,"hostname":"TS-SURAGRA","to":["jadcve@gmail.com"],"cc":["aracelli@suragra.com","marcoantonio@suragra.com","cinthia@suragra.com","jadcve@gmail.com","tesoreria@suragra.com"],"subject":"Resumen IVA Vencido SURAGRA","id":"0101019c610b5097-c738ac3f-8329-4de8-9cc7-4c22f6f8ccfd-000000","msg":"✉️ Correo enviado por SES"}
{"level":30,"time":1771154670661,"pid":508584,"hostname":"TS-SURAGRA","to":["jadcve@gmail.com"],"codIdtSap":"C77995010","msg":"Enviando IMOR"}
{"level":30,"time":1771154670946,"pid":508584,"hostname":"TS-SURAGRA","to":["jadcve@gmail.com"],"cc":["aracelli@suragra.com","marcoantonio@suragra.com","cinthia@suragra.com","jadcve@gmail.com","tesoreria@suragra.com"],"subject":"Resumen IVA Vencido SURAGRA","id":"0101019c610b8828-bf2d6768-1684-4e0d-8514-782088e08dc0-000000","msg":"✉️ Correo enviado por SES"}
{"level":30,"time":1771154688910,"pid":508584,"hostname":"TS-SURAGRA","to":["jadcve@gmail.com"],"codIdtSap":"C96690500","msg":"Enviando IMOR"}
{"level":30,"time":1771154689215,"pid":508584,"hostname":"TS-SURAGRA","to":["jadcve@gmail.com"],"cc":["aracelli@suragra.com","marcoantonio@suragra.com","cinthia@suragra.com","jadcve@gmail.com","tesoreria@suragra.com"],"subject":"Resumen IVA Vencido SURAGRA","id":"0101019c610bcf6c-a52d891d-d6d0-43fe-9943-418ba4666a19-000000","msg":"✉️ Correo enviado por SES"}
{"level":30,"time":1771154707273,"pid":508584,"hostname":"TS-SURAGRA","to":["jadcve@gmail.com"],"codIdtSap":"C76011359","msg":"Enviando IMOR"}
{"level":30,"time":1771154707588,"pid":508584,"hostname":"TS-SURAGRA","to":["jadcve@gmail.com"],"cc":["aracelli@suragra.com","marcoantonio@suragra.com","cinthia@suragra.com","jadcve@gmail.com","tesoreria@suragra.com"],"subject":"Resumen IVA Vencido SURAGRA","id":"0101019c610c1725-90fcf654-bf42-4145-bd88-7d95ee32db0a-000000","msg":"✉️ Correo enviado por SES"}
{"level":30,"time":1771154742476,"pid":508584,"hostname":"TS-SURAGRA","to":["jadcve@gmail.com"],"codIdtSap":"C96525040","msg":"Enviando IMOR"}
{"level":30,"time":1771154742798,"pid":508584,"hostname":"TS-SURAGRA","to":["jadcve@gmail.com"],"cc":["aracelli@suragra.com","marcoantonio@suragra.com","cinthia@suragra.com","jadcve@gmail.com","tesoreria@suragra.com"],"subject":"Resumen IVA Vencido SURAGRA","id":"0101019c610ca0a8-2940c4f3-65e6-46dc-98b7-20713455ec78-000000","msg":"✉️ Correo enviado por SES"}
{"level":30,"time":1771154764610,"pid":508584,"hostname":"TS-SURAGRA","to":["jadcve@gmail.com"],"codIdtSap":"C76979390","msg":"Enviando IMOR"}
{"level":30,"time":1771154764889,"pid":508584,"hostname":"TS-SURAGRA","to":["jadcve@gmail.com"],"cc":["aracelli@suragra.com","marcoantonio@suragra.com","cinthia@suragra.com","jadcve@gmail.com","tesoreria@suragra.com"],"subject":"Resumen IVA Vencido SURAGRA","id":"0101019c610cf720-0977cfb7-f1bb-4f7d-8e06-223aec9bb37c-000000","msg":"✉️ Correo enviado por SES"}
{"level":30,"time":1771154790790,"pid":508584,"hostname":"TS-SURAGRA","to":["jadcve@gmail.com"],"codIdtSap":"C78029510","msg":"Enviando IMOR"}
{"level":30,"time":1771154791107,"pid":508584,"hostname":"TS-SURAGRA","to":["jadcve@gmail.com"],"cc":["aracelli@suragra.com","marcoantonio@suragra.com","cinthia@suragra.com","jadcve@gmail.com","tesoreria@suragra.com"],"subject":"Resumen IVA Vencido SURAGRA","id":"0101019c610d5d64-b3f22225-5cea-4620-ab1c-018849295de9-000000","msg":"✉️ Correo enviado por SES"}
{"level":30,"time":1771154805258,"pid":508584,"hostname":"TS-SURAGRA","to":["jadcve@gmail.com"],"codIdtSap":"C76807703","msg":"Enviando IMOR"}
{"level":30,"time":1771154805497,"pid":508584,"hostname":"TS-SURAGRA","to":["jadcve@gmail.com"],"cc":["aracelli@suragra.com","marcoantonio@suragra.com","cinthia@suragra.com","jadcve@gmail.com","tesoreria@suragra.com"],"subject":"Resumen IVA Vencido SURAGRA","id":"0101019c610d95d6-47f6d344-1eda-48ee-b219-0804b5fe8414-000000","msg":"✉️ Correo enviado por SES"}
{"level":30,"time":1771154823612,"pid":508584,"hostname":"TS-SURAGRA","to":["jadcve@gmail.com"],"codIdtSap":"C76954536","msg":"Enviando IMOR"}
{"level":30,"time":1771154823876,"pid":508584,"hostname":"TS-SURAGRA","to":["jadcve@gmail.com"],"cc":["aracelli@suragra.com","marcoantonio@suragra.com","cinthia@suragra.com","jadcve@gmail.com","tesoreria@suragra.com"],"subject":"Resumen IVA Vencido SURAGRA","id":"0101019c610ddd8b-c930f57a-1b9e-4ad7-baa2-38c9aed334db-000000","msg":"✉️ Correo enviado por SES"}
{"level":30,"time":1771154837833,"pid":508584,"hostname":"TS-SURAGRA","to":["jadcve@gmail.com"],"codIdtSap":"C76175910","msg":"Enviando IMOR"}
{"level":30,"time":1771154838119,"pid":508584,"hostname":"TS-SURAGRA","to":["jadcve@gmail.com"],"cc":["aracelli@suragra.com","marcoantonio@suragra.com","cinthia@suragra.com","jadcve@gmail.com","tesoreria@suragra.com"],"subject":"Resumen IVA Vencido SURAGRA","id":"0101019c610e1526-7073862b-365e-4824-80f1-c8e9a5512213-000000","msg":"✉️ Correo enviado por SES"}
{"level":30,"time":1771154852171,"pid":508584,"hostname":"TS-SURAGRA","to":["jadcve@gmail.com"],"codIdtSap":"C76435920","msg":"Enviando IMOR"}
{"level":30,"time":1771154852456,"pid":508584,"hostname":"TS-SURAGRA","to":["jadcve@gmail.com"],"cc":["aracelli@suragra.com","marcoantonio@suragra.com","cinthia@suragra.com","jadcve@gmail.com","tesoreria@suragra.com"],"subject":"Resumen IVA Vencido SURAGRA","id":"0101019c610e4d2a-1cc4458d-4d78-4d00-80d6-6ebb5acb91f0-000000","msg":"✉️ Correo enviado por SES"}
{"level":30,"time":1771154872937,"pid":508584,"hostname":"TS-SURAGRA","to":["jadcve@gmail.com"],"codIdtSap":"C76769209","msg":"Enviando IMOR"}
{"level":30,"time":1771154873266,"pid":508584,"hostname":"TS-SURAGRA","to":["jadcve@gmail.com"],"cc":["aracelli@suragra.com","marcoantonio@suragra.com","cinthia@suragra.com","jadcve@gmail.com","tesoreria@suragra.com"],"subject":"Resumen IVA Vencido SURAGRA","id":"0101019c610e9e4e-d24bf769-376f-4f5d-8d82-76aeed40509a-000000","msg":"✉️ Correo enviado por SES"}
{"level":30,"time":1771155091761,"pid":508584,"hostname":"TS-SURAGRA","to":["jadcve@gmail.com"],"codIdtSap":"C76213723","msg":"Enviando IMOR"}
{"level":30,"time":1771155092619,"pid":508584,"hostname":"TS-SURAGRA","to":["jadcve@gmail.com"],"cc":["aracelli@suragra.com","marcoantonio@suragra.com","cinthia@suragra.com","jadcve@gmail.com","tesoreria@suragra.com"],"subject":"Resumen IVA Vencido SURAGRA","id":"0101019c6111f733-915074ea-34e0-449b-ae8b-e0c7060ed20e-000000","msg":"✉️ Correo enviado por SES"}
{"level":50,"time":1771155092623,"pid":508584,"hostname":"TS-SURAGRA","job":"IVA","err":"Cannot read properties of undefined (reading 'to')","msg":"job failed"}
{"level":50,"time":1771210500662,"pid":508584,"hostname":"TS-SURAGRA","job":"HEARTBEAT","err":"sendEmail: lista \"to\" vacía o inválida","msg":"Heartbeat failed"}
{"level":50,"time":1771296900668,"pid":508584,"hostname":"TS-SURAGRA","job":"HEARTBEAT","err":"sendEmail: lista \"to\" vacía o inválida","msg":"Heartbeat failed"}
{"level":50,"time":1771383300662,"pid":508584,"hostname":"TS-SURAGRA","job":"HEARTBEAT","err":"sendEmail: lista \"to\" vacía o inválida","msg":"Heartbeat failed"}
{"level":50,"time":1771469700660,"pid":508584,"hostname":"TS-SURAGRA","job":"HEARTBEAT","err":"sendEmail: lista \"to\" vacía o inválida","msg":"Heartbeat failed"}
{"level":50,"time":1771556100666,"pid":508584,"hostname":"TS-SURAGRA","job":"HEARTBEAT","err":"sendEmail: lista \"to\" vacía o inválida","msg":"Heartbeat failed"}
{"level":30,"time":1771581600839,"pid":508584,"hostname":"TS-SURAGRA","subject":"Resumen Neto Vencido","msg":"Template cargado"}
{"level":30,"time":1771581627733,"pid":508584,"hostname":"TS-SURAGRA","to":["jadcve@gmail.com"],"codIdtSap":"C77995010","msg":"Enviando NETO"}
{"level":30,"time":1771581628609,"pid":508584,"hostname":"TS-SURAGRA","to":["jadcve@gmail.com"],"cc":["aracelli@suragra.com","marcoantonio@suragra.com","cinthia@suragra.com","jadcve@gmail.com","tesoreria@suragra.com"],"subject":"Resumen Neto Vencido SURAGRA","id":"0101019c7a7e637a-5ecd9171-fd5b-40d0-8f1f-789ee8e3cc3e-000000","msg":"📎 Correo con logo inline enviado por SES"}
{"level":30,"time":1771581644946,"pid":508584,"hostname":"TS-SURAGRA","to":["jadcve@gmail.com"],"codIdtSap":"C79650240","msg":"Enviando NETO"}
{"level":30,"time":1771581645250,"pid":508584,"hostname":"TS-SURAGRA","to":["jadcve@gmail.com"],"cc":["aracelli@suragra.com","marcoantonio@suragra.com","cinthia@suragra.com","jadcve@gmail.com","tesoreria@suragra.com"],"subject":"Resumen Neto Vencido SURAGRA","id":"0101019c7a7ea47a-39ce1182-6ffd-4f3b-982d-ff1ca2d8fcb7-000000","msg":"📎 Correo con logo inline enviado por SES"}
{"level":30,"time":1771581661526,"pid":508584,"hostname":"TS-SURAGRA","to":["jadcve@gmail.com"],"codIdtSap":"C77341510","msg":"Enviando NETO"}
{"level":30,"time":1771581661831,"pid":508584,"hostname":"TS-SURAGRA","to":["jadcve@gmail.com"],"cc":["aracelli@suragra.com","marcoantonio@suragra.com","cinthia@suragra.com","jadcve@gmail.com","tesoreria@suragra.com"],"subject":"Resumen Neto Vencido SURAGRA","id":"0101019c7a7ee538-5114c090-9d8a-45f0-a365-5aeab22d502f-000000","msg":"📎 Correo con logo inline enviado por SES"}
{"level":30,"time":1771581678163,"pid":508584,"hostname":"TS-SURAGRA","to":["jadcve@gmail.com"],"codIdtSap":"C76573605","msg":"Enviando NETO"}
{"level":30,"time":1771581678454,"pid":508584,"hostname":"TS-SURAGRA","to":["jadcve@gmail.com"],"cc":["aracelli@suragra.com","marcoantonio@suragra.com","cinthia@suragra.com","jadcve@gmail.com","tesoreria@suragra.com"],"subject":"Resumen Neto Vencido SURAGRA","id":"0101019c7a7f2638-7f7f83d3-9fb9-4c9e-8df9-9e74ac093656-000000","msg":"📎 Correo con logo inline enviado por SES"}
{"level":30,"time":1771581694705,"pid":508584,"hostname":"TS-SURAGRA","to":["jadcve@gmail.com"],"codIdtSap":"C96771340","msg":"Enviando NETO"}
{"level":30,"time":1771581694998,"pid":508584,"hostname":"TS-SURAGRA","to":["jadcve@gmail.com"],"cc":["aracelli@suragra.com","marcoantonio@suragra.com","cinthia@suragra.com","jadcve@gmail.com","tesoreria@suragra.com"],"subject":"Resumen Neto Vencido SURAGRA","id":"0101019c7a7f66d8-a795bf6b-c868-4962-8441-79aede9da997-000000","msg":"📎 Correo con logo inline enviado por SES"}
{"level":30,"time":1771581711290,"pid":508584,"hostname":"TS-SURAGRA","to":["jadcve@gmail.com"],"codIdtSap":"C77739754","msg":"Enviando NETO"}
{"level":30,"time":1771581711584,"pid":508584,"hostname":"TS-SURAGRA","to":["jadcve@gmail.com"],"cc":["aracelli@suragra.com","marcoantonio@suragra.com","cinthia@suragra.com","jadcve@gmail.com","tesoreria@suragra.com"],"subject":"Resumen Neto Vencido SURAGRA","id":"0101019c7a7fa79d-73edc57d-7482-4a94-8ed7-77e192a3afb0-000000","msg":"📎 Correo con logo inline enviado por SES"}
{"level":30,"time":1771581727938,"pid":508584,"hostname":"TS-SURAGRA","to":["jadcve@gmail.com"],"codIdtSap":"C96681790","msg":"Enviando NETO"}
{"level":30,"time":1771581728248,"pid":508584,"hostname":"TS-SURAGRA","to":["jadcve@gmail.com"],"cc":["aracelli@suragra.com","marcoantonio@suragra.com","cinthia@suragra.com","jadcve@gmail.com","tesoreria@suragra.com"],"subject":"Resumen Neto Vencido SURAGRA","id":"0101019c7a7fe8a5-251ae647-4157-4763-bf49-b98623b254f3-000000","msg":"📎 Correo con logo inline enviado por SES"}
{"level":30,"time":1771581744511,"pid":508584,"hostname":"TS-SURAGRA","to":["jadcve@gmail.com"],"codIdtSap":"C76453978","msg":"Enviando NETO"}
{"level":30,"time":1771581744848,"pid":508584,"hostname":"TS-SURAGRA","to":["jadcve@gmail.com"],"cc":["aracelli@suragra.com","marcoantonio@suragra.com","cinthia@suragra.com","jadcve@gmail.com","tesoreria@suragra.com"],"subject":"Resumen Neto Vencido SURAGRA","id":"0101019c7a802964-67e940c8-e351-43cb-b873-ba17056a92d2-000000","msg":"📎 Correo con logo inline enviado por SES"}
{"level":30,"time":1771581761213,"pid":508584,"hostname":"TS-SURAGRA","to":["jadcve@gmail.com"],"codIdtSap":"C11867026","msg":"Enviando NETO"}
{"level":30,"time":1771581761501,"pid":508584,"hostname":"TS-SURAGRA","to":["jadcve@gmail.com"],"cc":["aracelli@suragra.com","marcoantonio@suragra.com","cinthia@suragra.com","jadcve@gmail.com","tesoreria@suragra.com"],"subject":"Resumen Neto Vencido SURAGRA","id":"0101019c7a806aa1-368e21aa-2ac6-40c8-beab-0187312f9330-000000","msg":"📎 Correo con logo inline enviado por SES"}
{"level":30,"time":1771581777769,"pid":508584,"hostname":"TS-SURAGRA","to":["jadcve@gmail.com"],"codIdtSap":"C76213723","msg":"Enviando NETO"}
{"level":30,"time":1771581778046,"pid":508584,"hostname":"TS-SURAGRA","to":["jadcve@gmail.com"],"cc":["aracelli@suragra.com","marcoantonio@suragra.com","cinthia@suragra.com","jadcve@gmail.com","tesoreria@suragra.com"],"subject":"Resumen Neto Vencido SURAGRA","id":"0101019c7a80ab49-5ea1c303-1da0-4a5c-859f-7e3e373862eb-000000","msg":"📎 Correo con logo inline enviado por SES"}
{"level":30,"time":1771581794455,"pid":508584,"hostname":"TS-SURAGRA","to":["jadcve@gmail.com"],"codIdtSap":"C77350529","msg":"Enviando NETO"}
{"level":30,"time":1771581794824,"pid":508584,"hostname":"TS-SURAGRA","to":["jadcve@gmail.com"],"cc":["aracelli@suragra.com","marcoantonio@suragra.com","cinthia@suragra.com","jadcve@gmail.com","tesoreria@suragra.com"],"subject":"Resumen Neto Vencido SURAGRA","id":"0101019c7a80ec7b-9c6d5c4e-20fc-4592-b655-63546921d06e-000000","msg":"📎 Correo con logo inline enviado por SES"}
{"level":30,"time":1771581811149,"pid":508584,"hostname":"TS-SURAGRA","to":["jadcve@gmail.com"],"codIdtSap":"C76389543-2","msg":"Enviando NETO"}
{"level":30,"time":1771581811405,"pid":508584,"hostname":"TS-SURAGRA","to":["jadcve@gmail.com"],"cc":["aracelli@suragra.com","marcoantonio@suragra.com","cinthia@suragra.com","jadcve@gmail.com","tesoreria@suragra.com"],"subject":"Resumen Neto Vencido SURAGRA","id":"0101019c7a812d9c-ca4210d3-b6fa-4dcc-a1ff-a641b2ffd3b6-000000","msg":"📎 Correo con logo inline enviado por SES"}
{"level":30,"time":1771581827809,"pid":508584,"hostname":"TS-SURAGRA","to":["jadcve@gmail.com"],"codIdtSap":"C93329000","msg":"Enviando NETO"}
{"level":30,"time":1771581828135,"pid":508584,"hostname":"TS-SURAGRA","to":["jadcve@gmail.com"],"cc":["aracelli@suragra.com","marcoantonio@suragra.com","cinthia@suragra.com","jadcve@gmail.com","tesoreria@suragra.com"],"subject":"Resumen Neto Vencido SURAGRA","id":"0101019c7a816ed1-262ee608-128d-4593-af6d-a7bb7f8950ba-000000","msg":"📎 Correo con logo inline enviado por SES"}
{"level":30,"time":1771581844412,"pid":508584,"hostname":"TS-SURAGRA","to":["jadcve@gmail.com"],"codIdtSap":"C76101146","msg":"Enviando NETO"}
{"level":30,"time":1771581844702,"pid":508584,"hostname":"TS-SURAGRA","to":["jadcve@gmail.com"],"cc":["aracelli@suragra.com","marcoantonio@suragra.com","cinthia@suragra.com","jadcve@gmail.com","tesoreria@suragra.com"],"subject":"Resumen Neto Vencido SURAGRA","id":"0101019c7a81afa2-2c3b0698-3872-4164-bc1c-9ea49f1f0734-000000","msg":"📎 Correo con logo inline enviado por SES"}
{"level":30,"time":1771581860967,"pid":508584,"hostname":"TS-SURAGRA","to":["jadcve@gmail.com"],"codIdtSap":"C96647510","msg":"Enviando NETO"}
{"level":30,"time":1771581861267,"pid":508584,"hostname":"TS-SURAGRA","to":["jadcve@gmail.com"],"cc":["aracelli@suragra.com","marcoantonio@suragra.com","cinthia@suragra.com","jadcve@gmail.com","tesoreria@suragra.com"],"subject":"Resumen Neto Vencido SURAGRA","id":"0101019c7a81f033-ebb1eeb8-acf4-464b-9bda-e7db0003828b-000000","msg":"📎 Correo con logo inline enviado por SES"}
{"level":30,"time":1771581877734,"pid":508584,"hostname":"TS-SURAGRA","to":["jadcve@gmail.com"],"codIdtSap":"C76411988-6","msg":"Enviando NETO"}
{"level":30,"time":1771581878028,"pid":508584,"hostname":"TS-SURAGRA","to":["jadcve@gmail.com"],"cc":["aracelli@suragra.com","marcoantonio@suragra.com","cinthia@suragra.com","jadcve@gmail.com","tesoreria@suragra.com"],"subject":"Resumen Neto Vencido SURAGRA","id":"0101019c7a8231cd-ef806ab1-05eb-47ba-bd81-d5820f6b5d97-000000","msg":"📎 Correo con logo inline enviado por SES"}
{"level":30,"time":1771581894315,"pid":508584,"hostname":"TS-SURAGRA","to":["jadcve@gmail.com"],"codIdtSap":"C76189003","msg":"Enviando NETO"}
{"level":30,"time":1771581894635,"pid":508584,"hostname":"TS-SURAGRA","to":["jadcve@gmail.com"],"cc":["aracelli@suragra.com","marcoantonio@suragra.com","cinthia@suragra.com","jadcve@gmail.com","tesoreria@suragra.com"],"subject":"Resumen Neto Vencido SURAGRA","id":"0101019c7a82728f-f39070d7-3891-429b-af62-f4efce7c614a-000000","msg":"📎 Correo con logo inline enviado por SES"}
{"level":30,"time":1771581911435,"pid":508584,"hostname":"TS-SURAGRA","to":["jadcve@gmail.com"],"codIdtSap":"C76429771","msg":"Enviando NETO"}
{"level":30,"time":1771581911731,"pid":508584,"hostname":"TS-SURAGRA","to":["jadcve@gmail.com"],"cc":["aracelli@suragra.com","marcoantonio@suragra.com","cinthia@suragra.com","jadcve@gmail.com","tesoreria@suragra.com"],"subject":"Resumen Neto Vencido SURAGRA","id":"0101019c7a82b572-25e713be-d03d-4939-bc84-c1f4cc5d7764-000000","msg":"📎 Correo con logo inline enviado por SES"}
{"level":30,"time":1771581928495,"pid":508584,"hostname":"TS-SURAGRA","to":["jadcve@gmail.com"],"codIdtSap":"C76885621","msg":"Enviando NETO"}
{"level":30,"time":1771581928792,"pid":508584,"hostname":"TS-SURAGRA","to":["jadcve@gmail.com"],"cc":["aracelli@suragra.com","marcoantonio@suragra.com","cinthia@suragra.com","jadcve@gmail.com","tesoreria@suragra.com"],"subject":"Resumen Neto Vencido SURAGRA","id":"0101019c7a82f818-a92dae2b-1296-4a25-bff8-fc8a3564a2fd-000000","msg":"📎 Correo con logo inline enviado por SES"}
{"level":30,"time":1771581945133,"pid":508584,"hostname":"TS-SURAGRA","to":["jadcve@gmail.com"],"codIdtSap":"C76304361","msg":"Enviando NETO"}
{"level":30,"time":1771581945441,"pid":508584,"hostname":"TS-SURAGRA","to":["jadcve@gmail.com"],"cc":["aracelli@suragra.com","marcoantonio@suragra.com","cinthia@suragra.com","jadcve@gmail.com","tesoreria@suragra.com"],"subject":"Resumen Neto Vencido SURAGRA","id":"0101019c7a83391a-69371614-770b-432d-a42e-54b15ca08c52-000000","msg":"📎 Correo con logo inline enviado por SES"}
{"level":30,"time":1771581961880,"pid":508584,"hostname":"TS-SURAGRA","to":["jadcve@gmail.com"],"codIdtSap":"C96718780","msg":"Enviando NETO"}
{"level":30,"time":1771581962198,"pid":508584,"hostname":"TS-SURAGRA","to":["jadcve@gmail.com"],"cc":["aracelli@suragra.com","marcoantonio@suragra.com","cinthia@suragra.com","jadcve@gmail.com","tesoreria@suragra.com"],"subject":"Resumen Neto Vencido SURAGRA","id":"0101019c7a837a7e-b377a6d6-8f87-45de-a06d-98a037d9d9f5-000000","msg":"📎 Correo con logo inline enviado por SES"}
{"level":30,"time":1771581978526,"pid":508584,"hostname":"TS-SURAGRA","to":["jadcve@gmail.com"],"codIdtSap":"C96609410","msg":"Enviando NETO"}
{"level":30,"time":1771581978773,"pid":508584,"hostname":"TS-SURAGRA","to":["jadcve@gmail.com"],"cc":["aracelli@suragra.com","marcoantonio@suragra.com","cinthia@suragra.com","jadcve@gmail.com","tesoreria@suragra.com"],"subject":"Resumen Neto Vencido SURAGRA","id":"0101019c7a83bb6a-8ba962a4-e398-4152-ba91-5c198bc5e373-000000","msg":"📎 Correo con logo inline enviado por SES"}
{"level":30,"time":1771581995047,"pid":508584,"hostname":"TS-SURAGRA","to":["jadcve@gmail.com"],"codIdtSap":"C77757654","msg":"Enviando NETO"}
{"level":30,"time":1771581995333,"pid":508584,"hostname":"TS-SURAGRA","to":["jadcve@gmail.com"],"cc":["aracelli@suragra.com","marcoantonio@suragra.com","cinthia@suragra.com","jadcve@gmail.com","tesoreria@suragra.com"],"subject":"Resumen Neto Vencido SURAGRA","id":"0101019c7a83fc0f-14fbc6ad-cc0b-4f8b-8299-f4b78fe55392-000000","msg":"📎 Correo con logo inline enviado por SES"}
{"level":30,"time":1771582011564,"pid":508584,"hostname":"TS-SURAGRA","to":["jadcve@gmail.com"],"codIdtSap":"C76081733","msg":"Enviando NETO"}
{"level":30,"time":1771582011878,"pid":508584,"hostname":"TS-SURAGRA","to":["jadcve@gmail.com"],"cc":["aracelli@suragra.com","marcoantonio@suragra.com","cinthia@suragra.com","jadcve@gmail.com","tesoreria@suragra.com"],"subject":"Resumen Neto Vencido SURAGRA","id":"0101019c7a843c95-b123791d-354a-4e6a-930c-94f9e0e497af-000000","msg":"📎 Correo con logo inline enviado por SES"}
{"level":30,"time":1771582028182,"pid":508584,"hostname":"TS-SURAGRA","to":["jadcve@gmail.com"],"codIdtSap":"C76000275","msg":"Enviando NETO"}
{"level":30,"time":1771582028432,"pid":508584,"hostname":"TS-SURAGRA","to":["jadcve@gmail.com"],"cc":["aracelli@suragra.com","marcoantonio@suragra.com","cinthia@suragra.com","jadcve@gmail.com","tesoreria@suragra.com"],"subject":"Resumen Neto Vencido SURAGRA","id":"0101019c7a847d64-a75e0578-a411-472d-b005-c882ed3b409f-000000","msg":"📎 Correo con logo inline enviado por SES"}
{"level":30,"time":1771582044670,"pid":508584,"hostname":"TS-SURAGRA","to":["jadcve@gmail.com"],"codIdtSap":"C76056132","msg":"Enviando NETO"}
{"level":30,"time":1771582044966,"pid":508584,"hostname":"TS-SURAGRA","to":["jadcve@gmail.com"],"cc":["aracelli@suragra.com","marcoantonio@suragra.com","cinthia@suragra.com","jadcve@gmail.com","tesoreria@suragra.com"],"subject":"Resumen Neto Vencido SURAGRA","id":"0101019c7a84bde3-3eb67560-de56-421d-b4a8-e39bd9665f4d-000000","msg":"📎 Correo con logo inline enviado por SES"}
{"level":30,"time":1771582061222,"pid":508584,"hostname":"TS-SURAGRA","to":["jadcve@gmail.com"],"codIdtSap":"C99578700","msg":"Enviando NETO"}
{"level":30,"time":1771582061536,"pid":508584,"hostname":"TS-SURAGRA","to":["jadcve@gmail.com"],"cc":["aracelli@suragra.com","marcoantonio@suragra.com","cinthia@suragra.com","jadcve@gmail.com","tesoreria@suragra.com"],"subject":"Resumen Neto Vencido SURAGRA","id":"0101019c7a84fe90-a4121f5a-259c-4996-99eb-dc5a5ee6983b-000000","msg":"📎 Correo con logo inline enviado por SES"}
{"level":30,"time":1771582078199,"pid":508584,"hostname":"TS-SURAGRA","to":["jadcve@gmail.com"],"codIdtSap":"C76036883","msg":"Enviando NETO"}
{"level":30,"time":1771582078527,"pid":508584,"hostname":"TS-SURAGRA","to":["jadcve@gmail.com"],"cc":["aracelli@suragra.com","marcoantonio@suragra.com","cinthia@suragra.com","jadcve@gmail.com","tesoreria@suragra.com"],"subject":"Resumen Neto Vencido SURAGRA","id":"0101019c7a8540c9-4d39d757-3c76-41d3-b3b3-fd37498ba9a3-000000","msg":"📎 Correo con logo inline enviado por SES"}
{"level":30,"time":1771582094992,"pid":508584,"hostname":"TS-SURAGRA","to":["jadcve@gmail.com"],"codIdtSap":"C76136180","msg":"Enviando NETO"}
{"level":30,"time":1771582095278,"pid":508584,"hostname":"TS-SURAGRA","to":["jadcve@gmail.com"],"cc":["aracelli@suragra.com","marcoantonio@suragra.com","cinthia@suragra.com","jadcve@gmail.com","tesoreria@suragra.com"],"subject":"Resumen Neto Vencido SURAGRA","id":"0101019c7a858274-4c8f86a0-5694-4023-b0ca-b67314588fba-000000","msg":"📎 Correo con logo inline enviado por SES"}
{"level":30,"time":1771582111665,"pid":508584,"hostname":"TS-SURAGRA","to":["jadcve@gmail.com"],"codIdtSap":"C76954536","msg":"Enviando NETO"}
{"level":30,"time":1771582111900,"pid":508584,"hostname":"TS-SURAGRA","to":["jadcve@gmail.com"],"cc":["aracelli@suragra.com","marcoantonio@suragra.com","cinthia@suragra.com","jadcve@gmail.com","tesoreria@suragra.com"],"subject":"Resumen Neto Vencido SURAGRA","id":"0101019c7a85c37f-988b5a82-168e-44b3-8a21-dcd886f85644-000000","msg":"📎 Correo con logo inline enviado por SES"}
{"level":30,"time":1771582128128,"pid":508584,"hostname":"TS-SURAGRA","to":["jadcve@gmail.com"],"codIdtSap":"C76109640","msg":"Enviando NETO"}
{"level":30,"time":1771582128420,"pid":508584,"hostname":"TS-SURAGRA","to":["jadcve@gmail.com"],"cc":["aracelli@suragra.com","marcoantonio@suragra.com","cinthia@suragra.com","jadcve@gmail.com","tesoreria@suragra.com"],"subject":"Resumen Neto Vencido SURAGRA","id":"0101019c7a8603ec-3290127c-abe3-4901-9fb3-803fb8a78a82-000000","msg":"📎 Correo con logo inline enviado por SES"}
{"level":30,"time":1771582144788,"pid":508584,"hostname":"TS-SURAGRA","to":["jadcve@gmail.com"],"codIdtSap":"C76865936","msg":"Enviando NETO"}
{"level":30,"time":1771582145085,"pid":508584,"hostname":"TS-SURAGRA","to":["jadcve@gmail.com"],"cc":["aracelli@suragra.com","marcoantonio@suragra.com","cinthia@suragra.com","jadcve@gmail.com","tesoreria@suragra.com"],"subject":"Resumen Neto Vencido SURAGRA","id":"0101019c7a8644f8-8e415dde-7351-4324-a3e7-760342a9da28-000000","msg":"📎 Correo con logo inline enviado por SES"}
{"level":30,"time":1771582161343,"pid":508584,"hostname":"TS-SURAGRA","to":["jadcve@gmail.com"],"codIdtSap":"C86381300","msg":"Enviando NETO"}
{"level":30,"time":1771582161697,"pid":508584,"hostname":"TS-SURAGRA","to":["jadcve@gmail.com"],"cc":["aracelli@suragra.com","marcoantonio@suragra.com","cinthia@suragra.com","jadcve@gmail.com","tesoreria@suragra.com"],"subject":"Resumen Neto Vencido SURAGRA","id":"0101019c7a8685a9-242bb09c-c40e-46b1-b2e4-41da65dc71d7-000000","msg":"📎 Correo con logo inline enviado por SES"}
{"level":30,"time":1771582178054,"pid":508584,"hostname":"TS-SURAGRA","to":["jadcve@gmail.com"],"codIdtSap":"C76200382","msg":"Enviando NETO"}
{"level":30,"time":1771582178340,"pid":508584,"hostname":"TS-SURAGRA","to":["jadcve@gmail.com"],"cc":["aracelli@suragra.com","marcoantonio@suragra.com","cinthia@suragra.com","jadcve@gmail.com","tesoreria@suragra.com"],"subject":"Resumen Neto Vencido SURAGRA","id":"0101019c7a86c6e7-14231736-d805-494f-aa83-ece33b9b1826-000000","msg":"📎 Correo con logo inline enviado por SES"}
{"level":30,"time":1771582194884,"pid":508584,"hostname":"TS-SURAGRA","to":["jadcve@gmail.com"],"codIdtSap":"C96867620","msg":"Enviando NETO"}
{"level":30,"time":1771582195194,"pid":508584,"hostname":"TS-SURAGRA","to":["jadcve@gmail.com"],"cc":["aracelli@suragra.com","marcoantonio@suragra.com","cinthia@suragra.com","jadcve@gmail.com","tesoreria@suragra.com"],"subject":"Resumen Neto Vencido SURAGRA","id":"0101019c7a8708ab-6f64ab36-9723-4063-b05b-6a594a056a7f-000000","msg":"📎 Correo con logo inline enviado por SES"}
{"level":30,"time":1771582211949,"pid":508584,"hostname":"TS-SURAGRA","to":["jadcve@gmail.com"],"codIdtSap":"C76193074","msg":"Enviando NETO"}
{"level":30,"time":1771582212246,"pid":508584,"hostname":"TS-SURAGRA","to":["jadcve@gmail.com"],"cc":["aracelli@suragra.com","marcoantonio@suragra.com","cinthia@suragra.com","jadcve@gmail.com","tesoreria@suragra.com"],"subject":"Resumen Neto Vencido SURAGRA","id":"0101019c7a874b47-f1ef528f-1179-4cba-84b9-db7a64922a31-000000","msg":"📎 Correo con logo inline enviado por SES"}
{"level":30,"time":1771582228669,"pid":508584,"hostname":"TS-SURAGRA","to":["jadcve@gmail.com"],"codIdtSap":"C76738610","msg":"Enviando NETO"}
{"level":30,"time":1771582228964,"pid":508584,"hostname":"TS-SURAGRA","to":["jadcve@gmail.com"],"cc":["aracelli@suragra.com","marcoantonio@suragra.com","cinthia@suragra.com","jadcve@gmail.com","tesoreria@suragra.com"],"subject":"Resumen Neto Vencido SURAGRA","id":"0101019c7a878ca2-0bf83547-ff56-462b-9abe-c4b46adf8aaf-000000","msg":"📎 Correo con logo inline enviado por SES"}
{"level":30,"time":1771582245331,"pid":508584,"hostname":"TS-SURAGRA","to":["jadcve@gmail.com"],"codIdtSap":"C76011359","msg":"Enviando NETO"}
{"level":30,"time":1771582245617,"pid":508584,"hostname":"TS-SURAGRA","to":["jadcve@gmail.com"],"cc":["aracelli@suragra.com","marcoantonio@suragra.com","cinthia@suragra.com","jadcve@gmail.com","tesoreria@suragra.com"],"subject":"Resumen Neto Vencido SURAGRA","id":"0101019c7a87cdbb-fd5193ab-a99a-454a-81a7-d661dc3e871d-000000","msg":"📎 Correo con logo inline enviado por SES"}
{"level":30,"time":1771582262095,"pid":508584,"hostname":"TS-SURAGRA","to":["jadcve@gmail.com"],"codIdtSap":"C76181799","msg":"Enviando NETO"}
{"level":30,"time":1771582262401,"pid":508584,"hostname":"TS-SURAGRA","to":["jadcve@gmail.com"],"cc":["aracelli@suragra.com","marcoantonio@suragra.com","cinthia@suragra.com","jadcve@gmail.com","tesoreria@suragra.com"],"subject":"Resumen Neto Vencido SURAGRA","id":"0101019c7a880f35-0d8323fd-d488-4682-aae9-450f615650c1-000000","msg":"📎 Correo con logo inline enviado por SES"}
{"level":30,"time":1771582279001,"pid":508584,"hostname":"TS-SURAGRA","to":["jadcve@gmail.com"],"codIdtSap":"C76154796","msg":"Enviando NETO"}
{"level":30,"time":1771582279294,"pid":508584,"hostname":"TS-SURAGRA","to":["jadcve@gmail.com"],"cc":["aracelli@suragra.com","marcoantonio@suragra.com","cinthia@suragra.com","jadcve@gmail.com","tesoreria@suragra.com"],"subject":"Resumen Neto Vencido SURAGRA","id":"0101019c7a88513c-9b245114-e7c7-4bab-80a4-6027990a2266-000000","msg":"📎 Correo con logo inline enviado por SES"}
{"level":30,"time":1771582295516,"pid":508584,"hostname":"TS-SURAGRA","to":["jadcve@gmail.com"],"codIdtSap":"C77835130","msg":"Enviando NETO"}
{"level":30,"time":1771582295781,"pid":508584,"hostname":"TS-SURAGRA","to":["jadcve@gmail.com"],"cc":["aracelli@suragra.com","marcoantonio@suragra.com","cinthia@suragra.com","jadcve@gmail.com","tesoreria@suragra.com"],"subject":"Resumen Neto Vencido SURAGRA","id":"0101019c7a8891af-45897b69-08b0-4821-aaa0-fc14ee1a8517-000000","msg":"📎 Correo con logo inline enviado por SES"}
{"level":30,"time":1771582311975,"pid":508584,"hostname":"TS-SURAGRA","to":["jadcve@gmail.com"],"codIdtSap":"C761625829","msg":"Enviando NETO"}
{"level":30,"time":1771582312289,"pid":508584,"hostname":"TS-SURAGRA","to":["jadcve@gmail.com"],"cc":["aracelli@suragra.com","marcoantonio@suragra.com","cinthia@suragra.com","jadcve@gmail.com","tesoreria@suragra.com"],"subject":"Resumen Neto Vencido SURAGRA","id":"0101019c7a88d212-30d8f39a-9220-4e74-b127-833d63f4613c-000000","msg":"📎 Correo con logo inline enviado por SES"}
{"level":50,"time":1771582312291,"pid":508584,"hostname":"TS-SURAGRA","job":"NETO","err":"Cannot read properties of undefined (reading 'to')","msg":"job failed"}
{"level":50,"time":1771642500663,"pid":508584,"hostname":"TS-SURAGRA","job":"HEARTBEAT","err":"sendEmail: lista \"to\" vacía o inválida","msg":"Heartbeat failed"}
{"level":50,"time":1771728900667,"pid":508584,"hostname":"TS-SURAGRA","job":"HEARTBEAT","err":"sendEmail: lista \"to\" vacía o inválida","msg":"Heartbeat failed"}
{"level":50,"time":1771815300665,"pid":508584,"hostname":"TS-SURAGRA","job":"HEARTBEAT","err":"sendEmail: lista \"to\" vacía o inválida","msg":"Heartbeat failed"}
{"level":50,"time":1771901700677,"pid":508584,"hostname":"TS-SURAGRA","job":"HEARTBEAT","err":"sendEmail: lista \"to\" vacía o inválida","msg":"Heartbeat failed"}
{"level":50,"time":1771988100800,"pid":508584,"hostname":"TS-SURAGRA","job":"HEARTBEAT","err":"sendEmail: lista \"to\" vacía o inválida","msg":"Heartbeat failed"}
{"level":50,"time":1772074500758,"pid":508584,"hostname":"TS-SURAGRA","job":"HEARTBEAT","err":"sendEmail: lista \"to\" vacía o inválida","msg":"Heartbeat failed"}
{"level":50,"time":1772160900678,"pid":508584,"hostname":"TS-SURAGRA","job":"HEARTBEAT","err":"sendEmail: lista \"to\" vacía o inválida","msg":"Heartbeat failed"}
{"level":30,"time":1772186401185,"pid":508584,"hostname":"TS-SURAGRA","subject":"Resumen Neto Vencido","msg":"Template cargado"}
{"level":30,"time":1772186428081,"pid":508584,"hostname":"TS-SURAGRA","to":["jadcve@gmail.com"],"codIdtSap":"C77995010","msg":"Enviando NETO"}
{"level":30,"time":1772186429014,"pid":508584,"hostname":"TS-SURAGRA","to":["jadcve@gmail.com"],"cc":["aracelli@suragra.com","marcoantonio@suragra.com","cinthia@suragra.com","jadcve@gmail.com","tesoreria@suragra.com"],"subject":"Resumen Neto Vencido SURAGRA","id":"0101019c9e8ae90e-5e49e205-d954-4335-b7fa-b61e24aec182-000000","msg":"📎 Correo con logo inline enviado por SES"}
{"level":30,"time":1772186445081,"pid":508584,"hostname":"TS-SURAGRA","to":["jadcve@gmail.com"],"codIdtSap":"C79650240","msg":"Enviando NETO"}
{"level":30,"time":1772186445370,"pid":508584,"hostname":"TS-SURAGRA","to":["jadcve@gmail.com"],"cc":["aracelli@suragra.com","marcoantonio@suragra.com","cinthia@suragra.com","jadcve@gmail.com","tesoreria@suragra.com"],"subject":"Resumen Neto Vencido SURAGRA","id":"0101019c9e8b2901-92ce2e22-bdd8-4d7d-8813-3963832758cf-000000","msg":"📎 Correo con logo inline enviado por SES"}
{"level":30,"time":1772186461551,"pid":508584,"hostname":"TS-SURAGRA","to":["jadcve@gmail.com"],"codIdtSap":"C76109640","msg":"Enviando NETO"}
{"level":30,"time":1772186461796,"pid":508584,"hostname":"TS-SURAGRA","to":["jadcve@gmail.com"],"cc":["aracelli@suragra.com","marcoantonio@suragra.com","cinthia@suragra.com","jadcve@gmail.com","tesoreria@suragra.com"],"subject":"Resumen Neto Vencido SURAGRA","id":"0101019c9e8b693f-754dfbfc-9963-4d81-83f3-85030d12fd98-000000","msg":"📎 Correo con logo inline enviado por SES"}
{"level":30,"time":1772186477910,"pid":508584,"hostname":"TS-SURAGRA","to":["jadcve@gmail.com"],"codIdtSap":"C96525040","msg":"Enviando NETO"}
{"level":30,"time":1772186478246,"pid":508584,"hostname":"TS-SURAGRA","to":["jadcve@gmail.com"],"cc":["aracelli@suragra.com","marcoantonio@suragra.com","cinthia@suragra.com","jadcve@gmail.com","tesoreria@suragra.com"],"subject":"Resumen Neto Vencido SURAGRA","id":"0101019c9e8ba960-d516ef59-07b9-4887-b1b5-6232c00d3b5e-000000","msg":"📎 Correo con logo inline enviado por SES"}
{"level":30,"time":1772186494557,"pid":508584,"hostname":"TS-SURAGRA","to":["jadcve@gmail.com"],"codIdtSap":"C77341510","msg":"Enviando NETO"}
{"level":30,"time":1772186494849,"pid":508584,"hostname":"TS-SURAGRA","to":["jadcve@gmail.com"],"cc":["aracelli@suragra.com","marcoantonio@suragra.com","cinthia@suragra.com","jadcve@gmail.com","tesoreria@suragra.com"],"subject":"Resumen Neto Vencido SURAGRA","id":"0101019c9e8bea44-356feb44-ec31-47be-b227-e86ebfb5d289-000000","msg":"📎 Correo con logo inline enviado por SES"}
{"level":30,"time":1772186511025,"pid":508584,"hostname":"TS-SURAGRA","to":["jadcve@gmail.com"],"codIdtSap":"C76573605","msg":"Enviando NETO"}
{"level":30,"time":1772186511316,"pid":508584,"hostname":"TS-SURAGRA","to":["jadcve@gmail.com"],"cc":["aracelli@suragra.com","marcoantonio@suragra.com","cinthia@suragra.com","jadcve@gmail.com","tesoreria@suragra.com"],"subject":"Resumen Neto Vencido SURAGRA","id":"0101019c9e8c2a97-48b00baa-d0ea-46c9-b9b8-c2a6beedda70-000000","msg":"📎 Correo con logo inline enviado por SES"}
{"level":30,"time":1772186527620,"pid":508584,"hostname":"TS-SURAGRA","to":["jadcve@gmail.com"],"codIdtSap":"C96771340","msg":"Enviando NETO"}
{"level":30,"time":1772186527920,"pid":508584,"hostname":"TS-SURAGRA","to":["jadcve@gmail.com"],"cc":["aracelli@suragra.com","marcoantonio@suragra.com","cinthia@suragra.com","jadcve@gmail.com","tesoreria@suragra.com"],"subject":"Resumen Neto Vencido SURAGRA","id":"0101019c9e8c6b6b-cbd4e863-055f-4835-b10e-778a0460727b-000000","msg":"📎 Correo con logo inline enviado por SES"}
{"level":30,"time":1772186552255,"pid":508584,"hostname":"TS-SURAGRA","to":["jadcve@gmail.com"],"codIdtSap":"C76055435","msg":"Enviando NETO"}
{"level":30,"time":1772186552560,"pid":508584,"hostname":"TS-SURAGRA","to":["jadcve@gmail.com"],"cc":["aracelli@suragra.com","marcoantonio@suragra.com","cinthia@suragra.com","jadcve@gmail.com","tesoreria@suragra.com"],"subject":"Resumen Neto Vencido SURAGRA","id":"0101019c9e8ccba6-2a146637-0ca4-4f2a-923d-1dee2b4f95fb-000000","msg":"📎 Correo con logo inline enviado por SES"}
{"level":30,"time":1772186569785,"pid":508584,"hostname":"TS-SURAGRA","to":["jadcve@gmail.com"],"codIdtSap":"C89255800","msg":"Enviando NETO"}
{"level":30,"time":1772186570101,"pid":508584,"hostname":"TS-SURAGRA","to":["jadcve@gmail.com"],"cc":["aracelli@suragra.com","marcoantonio@suragra.com","cinthia@suragra.com","jadcve@gmail.com","tesoreria@suragra.com"],"subject":"Resumen Neto Vencido SURAGRA","id":"0101019c9e8d1023-378a05c1-831e-4999-acbb-a47ea774687a-000000","msg":"📎 Correo con logo inline enviado por SES"}
{"level":30,"time":1772186587301,"pid":508584,"hostname":"TS-SURAGRA","to":["jadcve@gmail.com"],"codIdtSap":"C77739754","msg":"Enviando NETO"}
{"level":30,"time":1772186587604,"pid":508584,"hostname":"TS-SURAGRA","to":["jadcve@gmail.com"],"cc":["aracelli@suragra.com","marcoantonio@suragra.com","cinthia@suragra.com","jadcve@gmail.com","tesoreria@suragra.com"],"subject":"Resumen Neto Vencido SURAGRA","id":"0101019c9e8d548d-2b9dab52-5ff4-401c-8efd-245c4fb3cb14-000000","msg":"📎 Correo con logo inline enviado por SES"}
{"level":30,"time":1772186604013,"pid":508584,"hostname":"TS-SURAGRA","to":["jadcve@gmail.com"],"codIdtSap":"C96681790","msg":"Enviando NETO"}
{"level":30,"time":1772186604335,"pid":508584,"hostname":"TS-SURAGRA","to":["jadcve@gmail.com"],"cc":["aracelli@suragra.com","marcoantonio@suragra.com","cinthia@suragra.com","jadcve@gmail.com","tesoreria@suragra.com"],"subject":"Resumen Neto Vencido SURAGRA","id":"0101019c9e8d95d5-72ec2549-58e6-40e7-9c49-e13419b4cc65-000000","msg":"📎 Correo con logo inline enviado por SES"}
{"level":30,"time":1772186620659,"pid":508584,"hostname":"TS-SURAGRA","to":["jadcve@gmail.com"],"codIdtSap":"C76453978","msg":"Enviando NETO"}
{"level":30,"time":1772186620951,"pid":508584,"hostname":"TS-SURAGRA","to":["jadcve@gmail.com"],"cc":["aracelli@suragra.com","marcoantonio@suragra.com","cinthia@suragra.com","jadcve@gmail.com","tesoreria@suragra.com"],"subject":"Resumen Neto Vencido SURAGRA","id":"0101019c9e8dd6d6-78bd339e-3c9f-4979-9aa6-e1316047419e-000000","msg":"📎 Correo con logo inline enviado por SES"}
{"level":30,"time":1772186637123,"pid":508584,"hostname":"TS-SURAGRA","to":["jadcve@gmail.com"],"codIdtSap":"C76213723","msg":"Enviando NETO"}
{"level":30,"time":1772186637417,"pid":508584,"hostname":"TS-SURAGRA","to":["jadcve@gmail.com"],"cc":["aracelli@suragra.com","marcoantonio@suragra.com","cinthia@suragra.com","jadcve@gmail.com","tesoreria@suragra.com"],"subject":"Resumen Neto Vencido SURAGRA","id":"0101019c9e8e172f-c46e9576-8dac-44fa-b2c7-eb8a2efc094d-000000","msg":"📎 Correo con logo inline enviado por SES"}
{"level":30,"time":1772186653815,"pid":508584,"hostname":"TS-SURAGRA","to":["jadcve@gmail.com"],"codIdtSap":"C77350529","msg":"Enviando NETO"}
{"level":30,"time":1772186654124,"pid":508584,"hostname":"TS-SURAGRA","to":["jadcve@gmail.com"],"cc":["aracelli@suragra.com","marcoantonio@suragra.com","cinthia@suragra.com","jadcve@gmail.com","tesoreria@suragra.com"],"subject":"Resumen Neto Vencido SURAGRA","id":"0101019c9e8e586a-4355d7f2-9a19-484d-8b06-801a0456c948-000000","msg":"📎 Correo con logo inline enviado por SES"}
{"level":30,"time":1772186670514,"pid":508584,"hostname":"TS-SURAGRA","to":["jadcve@gmail.com"],"codIdtSap":"C93329000","msg":"Enviando NETO"}
{"level":30,"time":1772186670808,"pid":508584,"hostname":"TS-SURAGRA","to":["jadcve@gmail.com"],"cc":["aracelli@suragra.com","marcoantonio@suragra.com","cinthia@suragra.com","jadcve@gmail.com","tesoreria@suragra.com"],"subject":"Resumen Neto Vencido SURAGRA","id":"0101019c9e8e9997-a77adc95-e805-4f59-9f9b-36a5e24e28b6-000000","msg":"📎 Correo con logo inline enviado por SES"}
{"level":30,"time":1772186686847,"pid":508584,"hostname":"TS-SURAGRA","to":["jadcve@gmail.com"],"codIdtSap":"C76101146","msg":"Enviando NETO"}
{"level":30,"time":1772186687110,"pid":508584,"hostname":"TS-SURAGRA","to":["jadcve@gmail.com"],"cc":["aracelli@suragra.com","marcoantonio@suragra.com","cinthia@suragra.com","jadcve@gmail.com","tesoreria@suragra.com"],"subject":"Resumen Neto Vencido SURAGRA","id":"0101019c9e8ed950-7fd62d53-881a-4e0c-aac3-c627000ddac1-000000","msg":"📎 Correo con logo inline enviado por SES"}
{"level":30,"time":1772186703352,"pid":508584,"hostname":"TS-SURAGRA","to":["jadcve@gmail.com"],"codIdtSap":"C77280637","msg":"Enviando NETO"}
{"level":30,"time":1772186703659,"pid":508584,"hostname":"TS-SURAGRA","to":["jadcve@gmail.com"],"cc":["aracelli@suragra.com","marcoantonio@suragra.com","cinthia@suragra.com","jadcve@gmail.com","tesoreria@suragra.com"],"subject":"Resumen Neto Vencido SURAGRA","id":"0101019c9e8f19e0-7080870f-addf-4ef8-aec3-f2c832b1a423-000000","msg":"📎 Correo con logo inline enviado por SES"}
{"level":30,"time":1772186720456,"pid":508584,"hostname":"TS-SURAGRA","to":["jadcve@gmail.com"],"codIdtSap":"C96647510","msg":"Enviando NETO"}
{"level":30,"time":1772186720757,"pid":508584,"hostname":"TS-SURAGRA","to":["jadcve@gmail.com"],"cc":["aracelli@suragra.com","marcoantonio@suragra.com","cinthia@suragra.com","jadcve@gmail.com","tesoreria@suragra.com"],"subject":"Resumen Neto Vencido SURAGRA","id":"0101019c9e8f5cb0-c6170a14-7ecb-42c1-a17d-b0b94c551a43-000000","msg":"📎 Correo con logo inline enviado por SES"}
{"level":30,"time":1772186736878,"pid":508584,"hostname":"TS-SURAGRA","to":["jadcve@gmail.com"],"codIdtSap":"C76411988-6","msg":"Enviando NETO"}
{"level":30,"time":1772186737171,"pid":508584,"hostname":"TS-SURAGRA","to":["jadcve@gmail.com"],"cc":["aracelli@suragra.com","marcoantonio@suragra.com","cinthia@suragra.com","jadcve@gmail.com","tesoreria@suragra.com"],"subject":"Resumen Neto Vencido SURAGRA","id":"0101019c9e8f9cd9-84448f06-5315-414a-8843-be6f1935e526-000000","msg":"📎 Correo con logo inline enviado por SES"}
{"level":30,"time":1772186753298,"pid":508584,"hostname":"TS-SURAGRA","to":["jadcve@gmail.com"],"codIdtSap":"C76189003","msg":"Enviando NETO"}
{"level":30,"time":1772186753604,"pid":508584,"hostname":"TS-SURAGRA","to":["jadcve@gmail.com"],"cc":["aracelli@suragra.com","marcoantonio@suragra.com","cinthia@suragra.com","jadcve@gmail.com","tesoreria@suragra.com"],"subject":"Resumen Neto Vencido SURAGRA","id":"0101019c9e8fdcec-ee09c6d1-62f9-4896-8816-04748c0bc156-000000","msg":"📎 Correo con logo inline enviado por SES"}
{"level":30,"time":1772186769752,"pid":508584,"hostname":"TS-SURAGRA","to":["jadcve@gmail.com"],"codIdtSap":"C76429771","msg":"Enviando NETO"}
{"level":30,"time":1772186770050,"pid":508584,"hostname":"TS-SURAGRA","to":["jadcve@gmail.com"],"cc":["aracelli@suragra.com","marcoantonio@suragra.com","cinthia@suragra.com","jadcve@gmail.com","tesoreria@suragra.com"],"subject":"Resumen Neto Vencido SURAGRA","id":"0101019c9e901d3e-0b113b65-d5f3-45a8-ba95-c22dd362c361-000000","msg":"📎 Correo con logo inline enviado por SES"}
{"level":30,"time":1772186786158,"pid":508584,"hostname":"TS-SURAGRA","to":["jadcve@gmail.com"],"codIdtSap":"C76979390","msg":"Enviando NETO"}
{"level":30,"time":1772186786447,"pid":508584,"hostname":"TS-SURAGRA","to":["jadcve@gmail.com"],"cc":["aracelli@suragra.com","marcoantonio@suragra.com","cinthia@suragra.com","jadcve@gmail.com","tesoreria@suragra.com"],"subject":"Resumen Neto Vencido SURAGRA","id":"0101019c9e905d55-4eef47ec-0111-4491-83ca-05e891673810-000000","msg":"📎 Correo con logo inline enviado por SES"}
{"level":30,"time":1772186802656,"pid":508584,"hostname":"TS-SURAGRA","to":["jadcve@gmail.com"],"codIdtSap":"C76885621","msg":"Enviando NETO"}
{"level":30,"time":1772186802960,"pid":508584,"hostname":"TS-SURAGRA","to":["jadcve@gmail.com"],"cc":["aracelli@suragra.com","marcoantonio@suragra.com","cinthia@suragra.com","jadcve@gmail.com","tesoreria@suragra.com"],"subject":"Resumen Neto Vencido SURAGRA","id":"0101019c9e909dca-daeee785-2602-4486-9f94-9563cd440287-000000","msg":"📎 Correo con logo inline enviado por SES"}
{"level":30,"time":1772186819030,"pid":508584,"hostname":"TS-SURAGRA","to":["jadcve@gmail.com"],"codIdtSap":"C76304361","msg":"Enviando NETO"}
{"level":30,"time":1772186819385,"pid":508584,"hostname":"TS-SURAGRA","to":["jadcve@gmail.com"],"cc":["aracelli@suragra.com","marcoantonio@suragra.com","cinthia@suragra.com","jadcve@gmail.com","tesoreria@suragra.com"],"subject":"Resumen Neto Vencido SURAGRA","id":"0101019c9e90ddad-53b22b93-c002-4c40-93cd-21453dd9da97-000000","msg":"📎 Correo con logo inline enviado por SES"}
{"level":30,"time":1772186835592,"pid":508584,"hostname":"TS-SURAGRA","to":["jadcve@gmail.com"],"codIdtSap":"C96609410","msg":"Enviando NETO"}
{"level":30,"time":1772186835877,"pid":508584,"hostname":"TS-SURAGRA","to":["jadcve@gmail.com"],"cc":["aracelli@suragra.com","marcoantonio@suragra.com","cinthia@suragra.com","jadcve@gmail.com","tesoreria@suragra.com"],"subject":"Resumen Neto Vencido SURAGRA","id":"0101019c9e911e6b-26007429-0381-40fd-94e3-527793245259-000000","msg":"📎 Correo con logo inline enviado por SES"}
{"level":30,"time":1772186851972,"pid":508584,"hostname":"TS-SURAGRA","to":["jadcve@gmail.com"],"codIdtSap":"C76081733","msg":"Enviando NETO"}
{"level":30,"time":1772186852261,"pid":508584,"hostname":"TS-SURAGRA","to":["jadcve@gmail.com"],"cc":["aracelli@suragra.com","marcoantonio@suragra.com","cinthia@suragra.com","jadcve@gmail.com","tesoreria@suragra.com"],"subject":"Resumen Neto Vencido SURAGRA","id":"0101019c9e915e6c-aa96a66b-f1a4-4cfc-aefc-bbba5a1a7688-000000","msg":"📎 Correo con logo inline enviado por SES"}
{"level":30,"time":1772186869606,"pid":508584,"hostname":"TS-SURAGRA","to":["jadcve@gmail.com"],"codIdtSap":"C76000275","msg":"Enviando NETO"}
{"level":30,"time":1772186869940,"pid":508584,"hostname":"TS-SURAGRA","to":["jadcve@gmail.com"],"cc":["aracelli@suragra.com","marcoantonio@suragra.com","cinthia@suragra.com","jadcve@gmail.com","tesoreria@suragra.com"],"subject":"Resumen Neto Vencido SURAGRA","id":"0101019c9e91a337-defa564c-50a2-48fd-90ce-2a2c7ff60a7c-000000","msg":"📎 Correo con logo inline enviado por SES"}
{"level":30,"time":1772186894682,"pid":508584,"hostname":"TS-SURAGRA","to":["jadcve@gmail.com"],"codIdtSap":"C76056132","msg":"Enviando NETO"}
{"level":30,"time":1772186894951,"pid":508584,"hostname":"TS-SURAGRA","to":["jadcve@gmail.com"],"cc":["aracelli@suragra.com","marcoantonio@suragra.com","cinthia@suragra.com","jadcve@gmail.com","tesoreria@suragra.com"],"subject":"Resumen Neto Vencido SURAGRA","id":"0101019c9e92052e-ed0c289b-712d-4fd8-aa4b-e8a639d90401-000000","msg":"📎 Correo con logo inline enviado por SES"}
{"level":30,"time":1772186912362,"pid":508584,"hostname":"TS-SURAGRA","to":["jadcve@gmail.com"],"codIdtSap":"C99578700","msg":"Enviando NETO"}
{"level":30,"time":1772186912666,"pid":508584,"hostname":"TS-SURAGRA","to":["jadcve@gmail.com"],"cc":["aracelli@suragra.com","marcoantonio@suragra.com","cinthia@suragra.com","jadcve@gmail.com","tesoreria@suragra.com"],"subject":"Resumen Neto Vencido SURAGRA","id":"0101019c9e924a51-030c6253-7a7a-442c-9000-ec8e6559cfb0-000000","msg":"📎 Correo con logo inline enviado por SES"}
{"level":30,"time":1772186929603,"pid":508584,"hostname":"TS-SURAGRA","to":["jadcve@gmail.com"],"codIdtSap":"C76036883","msg":"Enviando NETO"}
{"level":30,"time":1772186929920,"pid":508584,"hostname":"TS-SURAGRA","to":["jadcve@gmail.com"],"cc":["aracelli@suragra.com","marcoantonio@suragra.com","cinthia@suragra.com","jadcve@gmail.com","tesoreria@suragra.com"],"subject":"Resumen Neto Vencido SURAGRA","id":"0101019c9e928dae-a34e4466-31e7-4600-8af3-61e2cf1003c6-000000","msg":"📎 Correo con logo inline enviado por SES"}
{"level":30,"time":1772186946131,"pid":508584,"hostname":"TS-SURAGRA","to":["jadcve@gmail.com"],"codIdtSap":"C76136180","msg":"Enviando NETO"}
{"level":30,"time":1772186946390,"pid":508584,"hostname":"TS-SURAGRA","to":["jadcve@gmail.com"],"cc":["aracelli@suragra.com","marcoantonio@suragra.com","cinthia@suragra.com","jadcve@gmail.com","tesoreria@suragra.com"],"subject":"Resumen Neto Vencido SURAGRA","id":"0101019c9e92ce23-817d61b1-8e3c-4216-b8a4-3c0a18c908b5-000000","msg":"📎 Correo con logo inline enviado por SES"}
{"level":30,"time":1772186962491,"pid":508584,"hostname":"TS-SURAGRA","to":["jadcve@gmail.com"],"codIdtSap":"C86381300","msg":"Enviando NETO"}
{"level":30,"time":1772186962787,"pid":508584,"hostname":"TS-SURAGRA","to":["jadcve@gmail.com"],"cc":["aracelli@suragra.com","marcoantonio@suragra.com","cinthia@suragra.com","jadcve@gmail.com","tesoreria@suragra.com"],"subject":"Resumen Neto Vencido SURAGRA","id":"0101019c9e930e22-246ab60b-9812-44aa-b74e-9a6599be212a-000000","msg":"📎 Correo con logo inline enviado por SES"}
{"level":30,"time":1772186979145,"pid":508584,"hostname":"TS-SURAGRA","to":["jadcve@gmail.com"],"codIdtSap":"C76200382","msg":"Enviando NETO"}
{"level":30,"time":1772186979436,"pid":508584,"hostname":"TS-SURAGRA","to":["jadcve@gmail.com"],"cc":["aracelli@suragra.com","marcoantonio@suragra.com","cinthia@suragra.com","jadcve@gmail.com","tesoreria@suragra.com"],"subject":"Resumen Neto Vencido SURAGRA","id":"0101019c9e934f1d-4c21d608-d09c-445e-a24b-9e5c3b4f72d7-000000","msg":"📎 Correo con logo inline enviado por SES"}
{"level":30,"time":1772186995654,"pid":508584,"hostname":"TS-SURAGRA","to":["jadcve@gmail.com"],"codIdtSap":"C96867620","msg":"Enviando NETO"}
{"level":30,"time":1772186995915,"pid":508584,"hostname":"TS-SURAGRA","to":["jadcve@gmail.com"],"cc":["aracelli@suragra.com","marcoantonio@suragra.com","cinthia@suragra.com","jadcve@gmail.com","tesoreria@suragra.com"],"subject":"Resumen Neto Vencido SURAGRA","id":"0101019c9e938f99-be0ea776-87d6-496d-81e7-258209d4ab5a-000000","msg":"📎 Correo con logo inline enviado por SES"}
{"level":30,"time":1772187012704,"pid":508584,"hostname":"TS-SURAGRA","to":["jadcve@gmail.com"],"codIdtSap":"C78252244","msg":"Enviando NETO"}
{"level":30,"time":1772187013006,"pid":508584,"hostname":"TS-SURAGRA","to":["jadcve@gmail.com"],"cc":["aracelli@suragra.com","marcoantonio@suragra.com","cinthia@suragra.com","jadcve@gmail.com","tesoreria@suragra.com"],"subject":"Resumen Neto Vencido SURAGRA","id":"0101019c9e93d24b-be1ae8f4-c061-4d58-84f1-a2183468082a-000000","msg":"📎 Correo con logo inline enviado por SES"}
{"level":30,"time":1772187029327,"pid":508584,"hostname":"TS-SURAGRA","to":["jadcve@gmail.com"],"codIdtSap":"C76738610","msg":"Enviando NETO"}
{"level":30,"time":1772187029625,"pid":508584,"hostname":"TS-SURAGRA","to":["jadcve@gmail.com"],"cc":["aracelli@suragra.com","marcoantonio@suragra.com","cinthia@suragra.com","jadcve@gmail.com","tesoreria@suragra.com"],"subject":"Resumen Neto Vencido SURAGRA","id":"0101019c9e941337-a9daac76-b803-4d0c-9802-ce989973b48b-000000","msg":"📎 Correo con logo inline enviado por SES"}
{"level":30,"time":1772187045937,"pid":508584,"hostname":"TS-SURAGRA","to":["jadcve@gmail.com"],"codIdtSap":"C76011359","msg":"Enviando NETO"}
{"level":30,"time":1772187046240,"pid":508584,"hostname":"TS-SURAGRA","to":["jadcve@gmail.com"],"cc":["aracelli@suragra.com","marcoantonio@suragra.com","cinthia@suragra.com","jadcve@gmail.com","tesoreria@suragra.com"],"subject":"Resumen Neto Vencido SURAGRA","id":"0101019c9e945402-c32a95a8-5e28-4cf1-be68-fc78e0391a93-000000","msg":"📎 Correo con logo inline enviado por SES"}
{"level":30,"time":1772187062406,"pid":508584,"hostname":"TS-SURAGRA","to":["jadcve@gmail.com"],"codIdtSap":"C76181799","msg":"Enviando NETO"}
{"level":30,"time":1772187062711,"pid":508584,"hostname":"TS-SURAGRA","to":["jadcve@gmail.com"],"cc":["aracelli@suragra.com","marcoantonio@suragra.com","cinthia@suragra.com","jadcve@gmail.com","tesoreria@suragra.com"],"subject":"Resumen Neto Vencido SURAGRA","id":"0101019c9e949466-1d5cea22-303c-476e-980e-4b5ed36f7945-000000","msg":"📎 Correo con logo inline enviado por SES"}
{"level":30,"time":1772187078865,"pid":508584,"hostname":"TS-SURAGRA","to":["jadcve@gmail.com"],"codIdtSap":"C76154796","msg":"Enviando NETO"}
{"level":30,"time":1772187079169,"pid":508584,"hostname":"TS-SURAGRA","to":["jadcve@gmail.com"],"cc":["aracelli@suragra.com","marcoantonio@suragra.com","cinthia@suragra.com","jadcve@gmail.com","tesoreria@suragra.com"],"subject":"Resumen Neto Vencido SURAGRA","id":"0101019c9e94d4b9-109dd76f-ea2b-439a-83c4-9fc2ef1c255f-000000","msg":"📎 Correo con logo inline enviado por SES"}
{"level":30,"time":1772187095344,"pid":508584,"hostname":"TS-SURAGRA","to":["jadcve@gmail.com"],"codIdtSap":"C77835130","msg":"Enviando NETO"}
{"level":30,"time":1772187095634,"pid":508584,"hostname":"TS-SURAGRA","to":["jadcve@gmail.com"],"cc":["aracelli@suragra.com","marcoantonio@suragra.com","cinthia@suragra.com","jadcve@gmail.com","tesoreria@suragra.com"],"subject":"Resumen Neto Vencido SURAGRA","id":"0101019c9e951516-74926bc1-990e-4140-b168-7fcdc1b3b945-000000","msg":"📎 Correo con logo inline enviado por SES"}
{"level":30,"time":1772187111762,"pid":508584,"hostname":"TS-SURAGRA","to":["jadcve@gmail.com"],"codIdtSap":"C78029510","msg":"Enviando NETO"}
{"level":30,"time":1772187112026,"pid":508584,"hostname":"TS-SURAGRA","to":["jadcve@gmail.com"],"cc":["aracelli@suragra.com","marcoantonio@suragra.com","cinthia@suragra.com","jadcve@gmail.com","tesoreria@suragra.com"],"subject":"Resumen Neto Vencido SURAGRA","id":"0101019c9e955526-cf62d36a-d71c-44e5-8429-7b7bc76e4b24-000000","msg":"📎 Correo con logo inline enviado por SES"}
{"level":30,"time":1772187128656,"pid":508584,"hostname":"TS-SURAGRA","to":["jadcve@gmail.com"],"codIdtSap":"C761625829","msg":"Enviando NETO"}
{"level":30,"time":1772187128989,"pid":508584,"hostname":"TS-SURAGRA","to":["jadcve@gmail.com"],"cc":["aracelli@suragra.com","marcoantonio@suragra.com","cinthia@suragra.com","jadcve@gmail.com","tesoreria@suragra.com"],"subject":"Resumen Neto Vencido SURAGRA","id":"0101019c9e959732-0289b672-6884-4923-89f9-ec8c0ab760ae-000000","msg":"📎 Correo con logo inline enviado por SES"}
{"level":50,"time":1772187128995,"pid":508584,"hostname":"TS-SURAGRA","job":"NETO","err":"Cannot read properties of undefined (reading 'to')","msg":"job failed"}
{"level":50,"time":1772247300674,"pid":508584,"hostname":"TS-SURAGRA","job":"HEARTBEAT","err":"sendEmail: lista \"to\" vacía o inválida","msg":"Heartbeat failed"}
{"level":50,"time":1772333700667,"pid":508584,"hostname":"TS-SURAGRA","job":"HEARTBEAT","err":"sendEmail: lista \"to\" vacía o inválida","msg":"Heartbeat failed"}
{"level":50,"time":1772420100673,"pid":508584,"hostname":"TS-SURAGRA","job":"HEARTBEAT","err":"sendEmail: lista \"to\" vacía o inválida","msg":"Heartbeat failed"}
{"level":50,"time":1772506501094,"pid":508584,"hostname":"TS-SURAGRA","job":"HEARTBEAT","err":"sendEmail: lista \"to\" vacía o inválida","msg":"Heartbeat failed"}
{"level":50,"time":1772592900920,"pid":508584,"hostname":"TS-SURAGRA","job":"HEARTBEAT","err":"sendEmail: lista \"to\" vacía o inválida","msg":"Heartbeat failed"}
{"level":30,"time":1772622001202,"pid":508584,"hostname":"TS-SURAGRA","subject":"Resumen de Facturacion","msg":"Template RFAC cargado"}
{"level":30,"time":1772622034075,"pid":508584,"hostname":"TS-SURAGRA","to":["jadcve@gmail.com"],"codIdtSap":"C6481839-2","msg":"Enviando RFAC"}
{"level":30,"time":1772622034797,"pid":508584,"hostname":"TS-SURAGRA","to":["jadcve@gmail.com"],"cc":["aracelli@suragra.com","marcoantonio@suragra.com","cinthia@suragra.com","jadcve@gmail.com","tesoreria@suragra.com"],"subject":"Resumen de Facturacion SURAGRA","id":"0101019cb881ba18-723a2a09-7b81-449a-862a-dad78b662df5-000000","msg":"✉️ Correo enviado por SES"}
{"level":30,"time":1772622053235,"pid":508584,"hostname":"TS-SURAGRA","to":["jadcve@gmail.com"],"codIdtSap":"C76044491","msg":"Enviando RFAC"}
{"level":30,"time":1772622053507,"pid":508584,"hostname":"TS-SURAGRA","to":["jadcve@gmail.com"],"cc":["aracelli@suragra.com","marcoantonio@suragra.com","cinthia@suragra.com","jadcve@gmail.com","tesoreria@suragra.com"],"subject":"Resumen de Facturacion SURAGRA","id":"0101019cb882034e-dcd5f6a9-4233-434f-8596-89c784c9b1aa-000000","msg":"✉️ Correo enviado por SES"}
{"level":30,"time":1772622071795,"pid":508584,"hostname":"TS-SURAGRA","to":["jadcve@gmail.com"],"codIdtSap":"C76055435","msg":"Enviando RFAC"}
{"level":30,"time":1772622072114,"pid":508584,"hostname":"TS-SURAGRA","to":["jadcve@gmail.com"],"cc":["aracelli@suragra.com","marcoantonio@suragra.com","cinthia@suragra.com","jadcve@gmail.com","tesoreria@suragra.com"],"subject":"Resumen de Facturacion SURAGRA","id":"0101019cb8824bcb-1486cb16-581e-403d-8f5f-65814ba6d345-000000","msg":"✉️ Correo enviado por SES"}
{"level":30,"time":1772622090449,"pid":508584,"hostname":"TS-SURAGRA","to":["jadcve@gmail.com"],"codIdtSap":"C76056132","msg":"Enviando RFAC"}
{"level":30,"time":1772622090718,"pid":508584,"hostname":"TS-SURAGRA","to":["jadcve@gmail.com"],"cc":["aracelli@suragra.com","marcoantonio@suragra.com","cinthia@suragra.com","jadcve@gmail.com","tesoreria@suragra.com"],"subject":"Resumen de Facturacion SURAGRA","id":"0101019cb88294ae-f0019ac1-722c-4eb5-8cea-1669229a3d77-000000","msg":"✉️ Correo enviado por SES"}
{"level":30,"time":1772622108969,"pid":508584,"hostname":"TS-SURAGRA","to":["jadcve@gmail.com"],"codIdtSap":"C76073818","msg":"Enviando RFAC"}
{"level":30,"time":1772622109256,"pid":508584,"hostname":"TS-SURAGRA","to":["jadcve@gmail.com"],"cc":["aracelli@suragra.com","marcoantonio@suragra.com","cinthia@suragra.com","jadcve@gmail.com","tesoreria@suragra.com"],"subject":"Resumen de Facturacion SURAGRA","id":"0101019cb882dd04-00a60bcf-0941-4d70-b16b-c2dfc636f4e0-000000","msg":"✉️ Correo enviado por SES"}
{"level":30,"time":1772622127873,"pid":508584,"hostname":"TS-SURAGRA","to":["jadcve@gmail.com"],"codIdtSap":"C76076784","msg":"Enviando RFAC"}
{"level":30,"time":1772622128159,"pid":508584,"hostname":"TS-SURAGRA","to":["jadcve@gmail.com"],"cc":["aracelli@suragra.com","marcoantonio@suragra.com","cinthia@suragra.com","jadcve@gmail.com","tesoreria@suragra.com"],"subject":"Resumen de Facturacion SURAGRA","id":"0101019cb88326dd-00f4bb00-4f3e-40b5-b1ff-333d5e40d6ac-000000","msg":"✉️ Correo enviado por SES"}
{"level":30,"time":1772622146715,"pid":508584,"hostname":"TS-SURAGRA","to":["jadcve@gmail.com"],"codIdtSap":"C76101146","msg":"Enviando RFAC"}
{"level":30,"time":1772622147005,"pid":508584,"hostname":"TS-SURAGRA","to":["jadcve@gmail.com"],"cc":["aracelli@suragra.com","marcoantonio@suragra.com","cinthia@suragra.com","jadcve@gmail.com","tesoreria@suragra.com"],"subject":"Resumen de Facturacion SURAGRA","id":"0101019cb8837072-daa6894b-73eb-464a-9e64-a1fb39fabd85-000000","msg":"✉️ Correo enviado por SES"}
{"level":30,"time":1772622165436,"pid":508584,"hostname":"TS-SURAGRA","to":["jadcve@gmail.com"],"codIdtSap":"C76113439","msg":"Enviando RFAC"}
{"level":30,"time":1772622165717,"pid":508584,"hostname":"TS-SURAGRA","to":["jadcve@gmail.com"],"cc":["aracelli@suragra.com","marcoantonio@suragra.com","cinthia@suragra.com","jadcve@gmail.com","tesoreria@suragra.com"],"subject":"Resumen de Facturacion SURAGRA","id":"0101019cb883b992-bfa4ded6-3a73-46f6-b4c2-320505cb3c8a-000000","msg":"✉️ Correo enviado por SES"}
{"level":30,"time":1772622183937,"pid":508584,"hostname":"TS-SURAGRA","to":["jadcve@gmail.com"],"codIdtSap":"C76132135","msg":"Enviando RFAC"}
{"level":30,"time":1772622184207,"pid":508584,"hostname":"TS-SURAGRA","to":["jadcve@gmail.com"],"cc":["aracelli@suragra.com","marcoantonio@suragra.com","cinthia@suragra.com","jadcve@gmail.com","tesoreria@suragra.com"],"subject":"Resumen de Facturacion SURAGRA","id":"0101019cb88401da-241cc2e9-f71a-4538-aa71-460ab985e345-000000","msg":"✉️ Correo enviado por SES"}
{"level":30,"time":1772622202675,"pid":508584,"hostname":"TS-SURAGRA","to":["jadcve@gmail.com"],"codIdtSap":"C76136180","msg":"Enviando RFAC"}
{"level":30,"time":1772622202963,"pid":508584,"hostname":"TS-SURAGRA","to":["jadcve@gmail.com"],"cc":["aracelli@suragra.com","marcoantonio@suragra.com","cinthia@suragra.com","jadcve@gmail.com","tesoreria@suragra.com"],"subject":"Resumen de Facturacion SURAGRA","id":"0101019cb8844b16-36484d82-699e-4ed6-8851-a2906f8f58e5-000000","msg":"✉️ Correo enviado por SES"}
{"level":30,"time":1772622221343,"pid":508584,"hostname":"TS-SURAGRA","to":["jadcve@gmail.com"],"codIdtSap":"C76143653","msg":"Enviando RFAC"}
{"level":30,"time":1772622221631,"pid":508584,"hostname":"TS-SURAGRA","to":["jadcve@gmail.com"],"cc":["aracelli@suragra.com","marcoantonio@suragra.com","cinthia@suragra.com","jadcve@gmail.com","tesoreria@suragra.com"],"subject":"Resumen de Facturacion SURAGRA","id":"0101019cb88493fa-59fc14f5-5dee-4038-89e8-225b0a49b526-000000","msg":"✉️ Correo enviado por SES"}
{"level":30,"time":1772622239844,"pid":508584,"hostname":"TS-SURAGRA","to":["jadcve@gmail.com"],"codIdtSap":"C76154796","msg":"Enviando RFAC"}
{"level":30,"time":1772622240107,"pid":508584,"hostname":"TS-SURAGRA","to":["jadcve@gmail.com"],"cc":["aracelli@suragra.com","marcoantonio@suragra.com","cinthia@suragra.com","jadcve@gmail.com","tesoreria@suragra.com"],"subject":"Resumen de Facturacion SURAGRA","id":"0101019cb884dc3c-3082f984-1597-4c1d-ac85-4de128a90265-000000","msg":"✉️ Correo enviado por SES"}
{"level":30,"time":1772622258449,"pid":508584,"hostname":"TS-SURAGRA","to":["jadcve@gmail.com"],"codIdtSap":"C76171848","msg":"Enviando RFAC"}
{"level":30,"time":1772622258719,"pid":508584,"hostname":"TS-SURAGRA","to":["jadcve@gmail.com"],"cc":["aracelli@suragra.com","marcoantonio@suragra.com","cinthia@suragra.com","jadcve@gmail.com","tesoreria@suragra.com"],"subject":"Resumen de Facturacion SURAGRA","id":"0101019cb88524e9-41282af5-d22a-4c4d-9cdd-8edca43e097b-000000","msg":"✉️ Correo enviado por SES"}
{"level":30,"time":1772622276967,"pid":508584,"hostname":"TS-SURAGRA","to":["jadcve@gmail.com"],"codIdtSap":"C76180781","msg":"Enviando RFAC"}
{"level":30,"time":1772622277240,"pid":508584,"hostname":"TS-SURAGRA","to":["jadcve@gmail.com"],"cc":["aracelli@suragra.com","marcoantonio@suragra.com","cinthia@suragra.com","jadcve@gmail.com","tesoreria@suragra.com"],"subject":"Resumen de Facturacion SURAGRA","id":"0101019cb8856d3c-17b0982a-1591-40d4-a28c-1221af887226-000000","msg":"✉️ Correo enviado por SES"}
{"level":30,"time":1772622306275,"pid":508584,"hostname":"TS-SURAGRA","to":["jadcve@gmail.com"],"codIdtSap":"C76213723","msg":"Enviando RFAC"}
{"level":30,"time":1772622306556,"pid":508584,"hostname":"TS-SURAGRA","to":["jadcve@gmail.com"],"cc":["aracelli@suragra.com","marcoantonio@suragra.com","cinthia@suragra.com","jadcve@gmail.com","tesoreria@suragra.com"],"subject":"Resumen de Facturacion SURAGRA","id":"0101019cb885dfb8-c926c337-c04b-47a6-97cd-7410300311fd-000000","msg":"✉️ Correo enviado por SES"}
{"level":30,"time":1772622328189,"pid":508584,"hostname":"TS-SURAGRA","to":["jadcve@gmail.com"],"codIdtSap":"C76411436","msg":"Enviando RFAC"}
{"level":30,"time":1772622328474,"pid":508584,"hostname":"TS-SURAGRA","to":["jadcve@gmail.com"],"cc":["aracelli@suragra.com","marcoantonio@suragra.com","cinthia@suragra.com","jadcve@gmail.com","tesoreria@suragra.com"],"subject":"Resumen de Facturacion SURAGRA","id":"0101019cb8863555-1f7abf0e-b7ec-4a8a-acad-3a763c65ebc2-000000","msg":"✉️ Correo enviado por SES"}
{"level":30,"time":1772622348681,"pid":508584,"hostname":"TS-SURAGRA","to":["jadcve@gmail.com"],"codIdtSap":"C76411988-6","msg":"Enviando RFAC"}
{"level":30,"time":1772622348980,"pid":508584,"hostname":"TS-SURAGRA","to":["jadcve@gmail.com"],"cc":["aracelli@suragra.com","marcoantonio@suragra.com","cinthia@suragra.com","jadcve@gmail.com","tesoreria@suragra.com"],"subject":"Resumen de Facturacion SURAGRA","id":"0101019cb886855d-6cf61559-9dd6-43ff-9ebe-a08328fcdba2-000000","msg":"✉️ Correo enviado por SES"}
{"level":30,"time":1772622367748,"pid":508584,"hostname":"TS-SURAGRA","to":["jadcve@gmail.com"],"codIdtSap":"C76439030","msg":"Enviando RFAC"}
{"level":30,"time":1772622368026,"pid":508584,"hostname":"TS-SURAGRA","to":["jadcve@gmail.com"],"cc":["aracelli@suragra.com","marcoantonio@suragra.com","cinthia@suragra.com","jadcve@gmail.com","tesoreria@suragra.com"],"subject":"Resumen de Facturacion SURAGRA","id":"0101019cb886cfdf-36cfcb20-a355-45c2-bfc2-a88b4396914e-000000","msg":"✉️ Correo enviado por SES"}
{"level":30,"time":1772622386544,"pid":508584,"hostname":"TS-SURAGRA","to":["jadcve@gmail.com"],"codIdtSap":"C76446121","msg":"Enviando RFAC"}
{"level":30,"time":1772622386820,"pid":508584,"hostname":"TS-SURAGRA","to":["jadcve@gmail.com"],"cc":["aracelli@suragra.com","marcoantonio@suragra.com","cinthia@suragra.com","jadcve@gmail.com","tesoreria@suragra.com"],"subject":"Resumen de Facturacion SURAGRA","id":"0101019cb8871948-ce53a28e-d6d7-4c99-89d6-acc81c1d9123-000000","msg":"✉️ Correo enviado por SES"}
{"level":30,"time":1772622405578,"pid":508584,"hostname":"TS-SURAGRA","to":["jadcve@gmail.com"],"codIdtSap":"C76453978","msg":"Enviando RFAC"}
{"level":30,"time":1772622405847,"pid":508584,"hostname":"TS-SURAGRA","to":["jadcve@gmail.com"],"cc":["aracelli@suragra.com","marcoantonio@suragra.com","cinthia@suragra.com","jadcve@gmail.com","tesoreria@suragra.com"],"subject":"Resumen de Facturacion SURAGRA","id":"0101019cb88763a2-440dad05-0452-4ed7-aa47-e92a67c697ef-000000","msg":"✉️ Correo enviado por SES"}
{"level":30,"time":1772622424390,"pid":508584,"hostname":"TS-SURAGRA","to":["jadcve@gmail.com"],"codIdtSap":"C76592089","msg":"Enviando RFAC"}
{"level":30,"time":1772622424672,"pid":508584,"hostname":"TS-SURAGRA","to":["jadcve@gmail.com"],"cc":["aracelli@suragra.com","marcoantonio@suragra.com","cinthia@suragra.com","jadcve@gmail.com","tesoreria@suragra.com"],"subject":"Resumen de Facturacion SURAGRA","id":"0101019cb887ad23-82df2804-5f12-4173-8bb6-ad913bb137c8-000000","msg":"✉️ Correo enviado por SES"}
{"level":30,"time":1772622443286,"pid":508584,"hostname":"TS-SURAGRA","to":["jadcve@gmail.com"],"codIdtSap":"C76633540","msg":"Enviando RFAC"}
{"level":30,"time":1772622443547,"pid":508584,"hostname":"TS-SURAGRA","to":["jadcve@gmail.com"],"cc":["aracelli@suragra.com","marcoantonio@suragra.com","cinthia@suragra.com","jadcve@gmail.com","tesoreria@suragra.com"],"subject":"Resumen de Facturacion SURAGRA","id":"0101019cb887f6ed-9033e1b4-b11e-4424-ad88-2e30ae9cb893-000000","msg":"✉️ Correo enviado por SES"}
{"level":30,"time":1772622461799,"pid":508584,"hostname":"TS-SURAGRA","to":["jadcve@gmail.com"],"codIdtSap":"C76768906","msg":"Enviando RFAC"}
{"level":30,"time":1772622462111,"pid":508584,"hostname":"TS-SURAGRA","to":["jadcve@gmail.com"],"cc":["aracelli@suragra.com","marcoantonio@suragra.com","cinthia@suragra.com","jadcve@gmail.com","tesoreria@suragra.com"],"subject":"Resumen de Facturacion SURAGRA","id":"0101019cb8883f3d-2575a7f6-6c6f-44e8-924e-465cc076a309-000000","msg":"✉️ Correo enviado por SES"}
{"level":30,"time":1772622480669,"pid":508584,"hostname":"TS-SURAGRA","to":["jadcve@gmail.com"],"codIdtSap":"C76769209","msg":"Enviando RFAC"}
{"level":30,"time":1772622480951,"pid":508584,"hostname":"TS-SURAGRA","to":["jadcve@gmail.com"],"cc":["aracelli@suragra.com","marcoantonio@suragra.com","cinthia@suragra.com","jadcve@gmail.com","tesoreria@suragra.com"],"subject":"Resumen de Facturacion SURAGRA","id":"0101019cb88888e4-a10ed8d4-8458-4880-a7fc-d53d87385de0-000000","msg":"✉️ Correo enviado por SES"}
{"level":30,"time":1772622508786,"pid":508584,"hostname":"TS-SURAGRA","to":["jadcve@gmail.com"],"codIdtSap":"C76797545","msg":"Enviando RFAC"}
{"level":30,"time":1772622509066,"pid":508584,"hostname":"TS-SURAGRA","to":["jadcve@gmail.com"],"cc":["aracelli@suragra.com","marcoantonio@suragra.com","cinthia@suragra.com","jadcve@gmail.com","tesoreria@suragra.com"],"subject":"Resumen de Facturacion SURAGRA","id":"0101019cb888f6ca-5dc72945-961d-4027-81c1-adca020f1982-000000","msg":"✉️ Correo enviado por SES"}
{"level":30,"time":1772622528953,"pid":508584,"hostname":"TS-SURAGRA","to":["jadcve@gmail.com"],"codIdtSap":"C76797699","msg":"Enviando RFAC"}
{"level":30,"time":1772622529239,"pid":508584,"hostname":"TS-SURAGRA","to":["jadcve@gmail.com"],"cc":["aracelli@suragra.com","marcoantonio@suragra.com","cinthia@suragra.com","jadcve@gmail.com","tesoreria@suragra.com"],"subject":"Resumen de Facturacion SURAGRA","id":"0101019cb8894598-20593ff0-960d-472a-b61d-8cf03284dd7a-000000","msg":"✉️ Correo enviado por SES"}
{"level":30,"time":1772622549103,"pid":508584,"hostname":"TS-SURAGRA","to":["jadcve@gmail.com"],"codIdtSap":"C76904417","msg":"Enviando RFAC"}
{"level":30,"time":1772622549377,"pid":508584,"hostname":"TS-SURAGRA","to":["jadcve@gmail.com"],"cc":["aracelli@suragra.com","marcoantonio@suragra.com","cinthia@suragra.com","jadcve@gmail.com","tesoreria@suragra.com"],"subject":"Resumen de Facturacion SURAGRA","id":"0101019cb8899446-ec761de9-5000-4afb-92a6-b24c88ecb332-000000","msg":"✉️ Correo enviado por SES"}
{"level":30,"time":1772622567822,"pid":508584,"hostname":"TS-SURAGRA","to":["jadcve@gmail.com"],"codIdtSap":"C76918170","msg":"Enviando RFAC"}
{"level":30,"time":1772622568100,"pid":508584,"hostname":"TS-SURAGRA","to":["jadcve@gmail.com"],"cc":["aracelli@suragra.com","marcoantonio@suragra.com","cinthia@suragra.com","jadcve@gmail.com","tesoreria@suragra.com"],"subject":"Resumen de Facturacion SURAGRA","id":"0101019cb889dd64-dff6a9d5-41ef-4e56-a5a2-eddd6cd88c55-000000","msg":"✉️ Correo enviado por SES"}
{"level":30,"time":1772622586339,"pid":508584,"hostname":"TS-SURAGRA","to":["jadcve@gmail.com"],"codIdtSap":"C76970321","msg":"Enviando RFAC"}
{"level":30,"time":1772622586627,"pid":508584,"hostname":"TS-SURAGRA","to":["jadcve@gmail.com"],"cc":["aracelli@suragra.com","marcoantonio@suragra.com","cinthia@suragra.com","jadcve@gmail.com","tesoreria@suragra.com"],"subject":"Resumen de Facturacion SURAGRA","id":"0101019cb88a25c1-5fb54b3e-3155-460e-aed2-fb1ae9706656-000000","msg":"✉️ Correo enviado por SES"}
{"level":30,"time":1772622605122,"pid":508584,"hostname":"TS-SURAGRA","to":["jadcve@gmail.com"],"codIdtSap":"C77076859","msg":"Enviando RFAC"}
{"level":30,"time":1772622605403,"pid":508584,"hostname":"TS-SURAGRA","to":["jadcve@gmail.com"],"cc":["aracelli@suragra.com","marcoantonio@suragra.com","cinthia@suragra.com","jadcve@gmail.com","tesoreria@suragra.com"],"subject":"Resumen de Facturacion SURAGRA","id":"0101019cb88a6f22-30407f3b-d013-4a37-a02d-e727c5360ab0-000000","msg":"✉️ Correo enviado por SES"}
{"level":30,"time":1772622624687,"pid":508584,"hostname":"TS-SURAGRA","to":["jadcve@gmail.com"],"codIdtSap":"C77149620","msg":"Enviando RFAC"}
{"level":30,"time":1772622624963,"pid":508584,"hostname":"TS-SURAGRA","to":["jadcve@gmail.com"],"cc":["aracelli@suragra.com","marcoantonio@suragra.com","cinthia@suragra.com","jadcve@gmail.com","tesoreria@suragra.com"],"subject":"Resumen de Facturacion SURAGRA","id":"0101019cb88abb8c-058b3a60-5d5e-4744-a7e8-3b8620adc380-000000","msg":"✉️ Correo enviado por SES"}
{"level":30,"time":1772622645839,"pid":508584,"hostname":"TS-SURAGRA","to":["jadcve@gmail.com"],"codIdtSap":"C77280637","msg":"Enviando RFAC"}
{"level":30,"time":1772622646140,"pid":508584,"hostname":"TS-SURAGRA","to":["jadcve@gmail.com"],"cc":["aracelli@suragra.com","marcoantonio@suragra.com","cinthia@suragra.com","jadcve@gmail.com","tesoreria@suragra.com"],"subject":"Resumen de Facturacion SURAGRA","id":"0101019cb88b0e2a-ee3c1199-2d00-4eb6-bd2d-d61002f87c25-000000","msg":"✉️ Correo enviado por SES"}
{"level":30,"time":1772622672459,"pid":508584,"hostname":"TS-SURAGRA","to":["jadcve@gmail.com"],"codIdtSap":"C77341510","msg":"Enviando RFAC"}
{"level":30,"time":1772622672776,"pid":508584,"hostname":"TS-SURAGRA","to":["jadcve@gmail.com"],"cc":["aracelli@suragra.com","marcoantonio@suragra.com","cinthia@suragra.com","jadcve@gmail.com","tesoreria@suragra.com"],"subject":"Resumen de Facturacion SURAGRA","id":"0101019cb88b7626-60ad7a48-9e79-4d5d-b59a-3fd0df893565-000000","msg":"✉️ Correo enviado por SES"}
{"level":30,"time":1772622692858,"pid":508584,"hostname":"TS-SURAGRA","to":["jadcve@gmail.com"],"codIdtSap":"C77346494","msg":"Enviando RFAC"}
{"level":30,"time":1772622693097,"pid":508584,"hostname":"TS-SURAGRA","to":["jadcve@gmail.com"],"cc":["aracelli@suragra.com","marcoantonio@suragra.com","cinthia@suragra.com","jadcve@gmail.com","tesoreria@suragra.com"],"subject":"Resumen de Facturacion SURAGRA","id":"0101019cb88bc5bd-922435bd-5cbc-44ac-b242-a0b19ac27626-000000","msg":"✉️ Correo enviado por SES"}
{"level":30,"time":1772622712648,"pid":508584,"hostname":"TS-SURAGRA","to":["jadcve@gmail.com"],"codIdtSap":"C77739754","msg":"Enviando RFAC"}
{"level":30,"time":1772622712929,"pid":508584,"hostname":"TS-SURAGRA","to":["jadcve@gmail.com"],"cc":["aracelli@suragra.com","marcoantonio@suragra.com","cinthia@suragra.com","jadcve@gmail.com","tesoreria@suragra.com"],"subject":"Resumen de Facturacion SURAGRA","id":"0101019cb88c1327-15b4ae3a-cda6-4d27-9385-e01ad338b112-000000","msg":"✉️ Correo enviado por SES"}
{"level":30,"time":1772622731505,"pid":508584,"hostname":"TS-SURAGRA","to":["jadcve@gmail.com"],"codIdtSap":"C77757654","msg":"Enviando RFAC"}
{"level":30,"time":1772622731803,"pid":508584,"hostname":"TS-SURAGRA","to":["jadcve@gmail.com"],"cc":["aracelli@suragra.com","marcoantonio@suragra.com","cinthia@suragra.com","jadcve@gmail.com","tesoreria@suragra.com"],"subject":"Resumen de Facturacion SURAGRA","id":"0101019cb88c5cc6-a8f8d20a-1e96-4383-a6db-282d2b40e051-000000","msg":"✉️ Correo enviado por SES"}
{"level":30,"time":1772622750181,"pid":508584,"hostname":"TS-SURAGRA","to":["jadcve@gmail.com"],"codIdtSap":"C77772750","msg":"Enviando RFAC"}
{"level":30,"time":1772622750484,"pid":508584,"hostname":"TS-SURAGRA","to":["jadcve@gmail.com"],"cc":["aracelli@suragra.com","marcoantonio@suragra.com","cinthia@suragra.com","jadcve@gmail.com","tesoreria@suragra.com"],"subject":"Resumen de Facturacion SURAGRA","id":"0101019cb88ca5b8-696898df-261a-4f5b-bd2f-d6a2a709f9f9-000000","msg":"✉️ Correo enviado por SES"}
{"level":30,"time":1772622769053,"pid":508584,"hostname":"TS-SURAGRA","to":["jadcve@gmail.com"],"codIdtSap":"C77835130","msg":"Enviando RFAC"}
{"level":30,"time":1772622769375,"pid":508584,"hostname":"TS-SURAGRA","to":["jadcve@gmail.com"],"cc":["aracelli@suragra.com","marcoantonio@suragra.com","cinthia@suragra.com","jadcve@gmail.com","tesoreria@suragra.com"],"subject":"Resumen de Facturacion SURAGRA","id":"0101019cb88cef74-44518cdf-f0e1-419a-bd1a-7d039f0fa7e5-000000","msg":"✉️ Correo enviado por SES"}
{"level":30,"time":1772622787834,"pid":508584,"hostname":"TS-SURAGRA","to":["jadcve@gmail.com"],"codIdtSap":"C78029510","msg":"Enviando RFAC"}
{"level":30,"time":1772622788114,"pid":508584,"hostname":"TS-SURAGRA","to":["jadcve@gmail.com"],"cc":["aracelli@suragra.com","marcoantonio@suragra.com","cinthia@suragra.com","jadcve@gmail.com","tesoreria@suragra.com"],"subject":"Resumen de Facturacion SURAGRA","id":"0101019cb88d38d8-43735237-8028-42e6-862a-cb9a58208511-000000","msg":"✉️ Correo enviado por SES"}
{"level":30,"time":1772622806900,"pid":508584,"hostname":"TS-SURAGRA","to":["jadcve@gmail.com"],"codIdtSap":"C78101430","msg":"Enviando RFAC"}
{"level":30,"time":1772622807187,"pid":508584,"hostname":"TS-SURAGRA","to":["jadcve@gmail.com"],"cc":["aracelli@suragra.com","marcoantonio@suragra.com","cinthia@suragra.com","jadcve@gmail.com","tesoreria@suragra.com"],"subject":"Resumen de Facturacion SURAGRA","id":"0101019cb88d834d-79105cf0-d2ea-4faa-bc36-2d4652e1cb23-000000","msg":"✉️ Correo enviado por SES"}
{"level":30,"time":1772622828742,"pid":508584,"hostname":"TS-SURAGRA","to":["jadcve@gmail.com"],"codIdtSap":"C78295150","msg":"Enviando RFAC"}
{"level":30,"time":1772622829035,"pid":508584,"hostname":"TS-SURAGRA","to":["jadcve@gmail.com"],"cc":["aracelli@suragra.com","marcoantonio@suragra.com","cinthia@suragra.com","jadcve@gmail.com","tesoreria@suragra.com"],"subject":"Resumen de Facturacion SURAGRA","id":"0101019cb88dd8a2-d6dd0465-4523-44e3-911f-b4236d24e837-000000","msg":"✉️ Correo enviado por SES"}
{"level":30,"time":1772622848215,"pid":508584,"hostname":"TS-SURAGRA","to":["jadcve@gmail.com"],"codIdtSap":"C78319309","msg":"Enviando RFAC"}
{"level":30,"time":1772622848499,"pid":508584,"hostname":"TS-SURAGRA","to":["jadcve@gmail.com"],"cc":["aracelli@suragra.com","marcoantonio@suragra.com","cinthia@suragra.com","jadcve@gmail.com","tesoreria@suragra.com"],"subject":"Resumen de Facturacion SURAGRA","id":"0101019cb88e24b0-98fc70de-9895-415b-bdac-556b131bf341-000000","msg":"✉️ Correo enviado por SES"}
{"level":30,"time":1772622866893,"pid":508584,"hostname":"TS-SURAGRA","to":["jadcve@gmail.com"],"codIdtSap":"C78557210","msg":"Enviando RFAC"}
{"level":30,"time":1772622867157,"pid":508584,"hostname":"TS-SURAGRA","to":["jadcve@gmail.com"],"cc":["aracelli@suragra.com","marcoantonio@suragra.com","cinthia@suragra.com","jadcve@gmail.com","tesoreria@suragra.com"],"subject":"Resumen de Facturacion SURAGRA","id":"0101019cb88e6da3-b454d376-1d88-4f26-9987-ca564749b0d3-000000","msg":"✉️ Correo enviado por SES"}
{"level":30,"time":1772622885679,"pid":508584,"hostname":"TS-SURAGRA","to":["jadcve@gmail.com"],"codIdtSap":"C78808520","msg":"Enviando RFAC"}
{"level":30,"time":1772622886127,"pid":508584,"hostname":"TS-SURAGRA","to":["jadcve@gmail.com"],"cc":["aracelli@suragra.com","marcoantonio@suragra.com","cinthia@suragra.com","jadcve@gmail.com","tesoreria@suragra.com"],"subject":"Resumen de Facturacion SURAGRA","id":"0101019cb88eb7c3-57109962-fdf2-4597-ab41-69595c519c91-000000","msg":"✉️ Correo enviado por SES"}
{"level":30,"time":1772622904701,"pid":508584,"hostname":"TS-SURAGRA","to":["jadcve@gmail.com"],"codIdtSap":"C79660760","msg":"Enviando RFAC"}
{"level":30,"time":1772622905002,"pid":508584,"hostname":"TS-SURAGRA","to":["jadcve@gmail.com"],"cc":["aracelli@suragra.com","marcoantonio@suragra.com","cinthia@suragra.com","jadcve@gmail.com","tesoreria@suragra.com"],"subject":"Resumen de Facturacion SURAGRA","id":"0101019cb88f015b-fd00f927-7706-4b9d-812f-64421c39168d-000000","msg":"✉️ Correo enviado por SES"}
{"level":30,"time":1772622924137,"pid":508584,"hostname":"TS-SURAGRA","to":["jadcve@gmail.com"],"codIdtSap":"C79759730","msg":"Enviando RFAC"}
{"level":30,"time":1772622924455,"pid":508584,"hostname":"TS-SURAGRA","to":["jadcve@gmail.com"],"cc":["aracelli@suragra.com","marcoantonio@suragra.com","cinthia@suragra.com","jadcve@gmail.com","tesoreria@suragra.com"],"subject":"Resumen de Facturacion SURAGRA","id":"0101019cb88f4d52-874dd340-7738-439e-9d00-5f8c700527ea-000000","msg":"✉️ Correo enviado por SES"}
{"level":30,"time":1772622943164,"pid":508584,"hostname":"TS-SURAGRA","to":["jadcve@gmail.com"],"codIdtSap":"C96492000","msg":"Enviando RFAC"}
{"level":30,"time":1772622943433,"pid":508584,"hostname":"TS-SURAGRA","to":["jadcve@gmail.com"],"cc":["aracelli@suragra.com","marcoantonio@suragra.com","cinthia@suragra.com","jadcve@gmail.com","tesoreria@suragra.com"],"subject":"Resumen de Facturacion SURAGRA","id":"0101019cb88f979b-918c6aa6-5a49-480b-9726-6a3ea9e73c91-000000","msg":"✉️ Correo enviado por SES"}
{"level":30,"time":1772622962054,"pid":508584,"hostname":"TS-SURAGRA","to":["jadcve@gmail.com"],"codIdtSap":"C96525040","msg":"Enviando RFAC"}
{"level":30,"time":1772622962327,"pid":508584,"hostname":"TS-SURAGRA","to":["jadcve@gmail.com"],"cc":["aracelli@suragra.com","marcoantonio@suragra.com","cinthia@suragra.com","jadcve@gmail.com","tesoreria@suragra.com"],"subject":"Resumen de Facturacion SURAGRA","id":"0101019cb88fe14d-3500d51b-6100-4fc0-ac0b-d3a3b2d579ee-000000","msg":"✉️ Correo enviado por SES"}
{"level":30,"time":1772622980628,"pid":508584,"hostname":"TS-SURAGRA","to":["jadcve@gmail.com"],"codIdtSap":"C96567890","msg":"Enviando RFAC"}
{"level":30,"time":1772622980872,"pid":508584,"hostname":"TS-SURAGRA","to":["jadcve@gmail.com"],"cc":["aracelli@suragra.com","marcoantonio@suragra.com","cinthia@suragra.com","jadcve@gmail.com","tesoreria@suragra.com"],"subject":"Resumen de Facturacion SURAGRA","id":"0101019cb89029d9-6b3c3244-f27e-40f0-9e49-a5de4481a15c-000000","msg":"✉️ Correo enviado por SES"}
{"level":30,"time":1772622999219,"pid":508584,"hostname":"TS-SURAGRA","to":["jadcve@gmail.com"],"codIdtSap":"C96609410","msg":"Enviando RFAC"}
{"level":30,"time":1772622999514,"pid":508584,"hostname":"TS-SURAGRA","to":["jadcve@gmail.com"],"cc":["aracelli@suragra.com","marcoantonio@suragra.com","cinthia@suragra.com","jadcve@gmail.com","tesoreria@suragra.com"],"subject":"Resumen de Facturacion SURAGRA","id":"0101019cb890728f-245e6d36-215c-45d4-b06e-f737b8476a6e-000000","msg":"✉️ Correo enviado por SES"}
{"level":30,"time":1772623017722,"pid":508584,"hostname":"TS-SURAGRA","to":["jadcve@gmail.com"],"codIdtSap":"C96677410","msg":"Enviando RFAC"}
{"level":30,"time":1772623017977,"pid":508584,"hostname":"TS-SURAGRA","to":["jadcve@gmail.com"],"cc":["aracelli@suragra.com","marcoantonio@suragra.com","cinthia@suragra.com","jadcve@gmail.com","tesoreria@suragra.com"],"subject":"Resumen de Facturacion SURAGRA","id":"0101019cb890babf-4d2815d8-7c06-42ff-b801-9b9d625f292b-000000","msg":"✉️ Correo enviado por SES"}
{"level":30,"time":1772623036318,"pid":508584,"hostname":"TS-SURAGRA","to":["jadcve@gmail.com"],"codIdtSap":"C96681790","msg":"Enviando RFAC"}
{"level":30,"time":1772623036591,"pid":508584,"hostname":"TS-SURAGRA","to":["jadcve@gmail.com"],"cc":["aracelli@suragra.com","marcoantonio@suragra.com","cinthia@suragra.com","jadcve@gmail.com","tesoreria@suragra.com"],"subject":"Resumen de Facturacion SURAGRA","id":"0101019cb8910376-8683e14b-2a4c-4250-9894-097e414d8aef-000000","msg":"✉️ Correo enviado por SES"}
{"level":30,"time":1772623054919,"pid":508584,"hostname":"TS-SURAGRA","to":["jadcve@gmail.com"],"codIdtSap":"C96690500","msg":"Enviando RFAC"}
{"level":30,"time":1772623055220,"pid":508584,"hostname":"TS-SURAGRA","to":["jadcve@gmail.com"],"cc":["aracelli@suragra.com","marcoantonio@suragra.com","cinthia@suragra.com","jadcve@gmail.com","tesoreria@suragra.com"],"subject":"Resumen de Facturacion SURAGRA","id":"0101019cb8914c21-98092f01-9458-43cb-9ba5-5e77e5d31971-000000","msg":"✉️ Correo enviado por SES"}
{"level":30,"time":1772623073439,"pid":508584,"hostname":"TS-SURAGRA","to":["jadcve@gmail.com"],"codIdtSap":"C96717910","msg":"Enviando RFAC"}
{"level":30,"time":1772623073717,"pid":508584,"hostname":"TS-SURAGRA","to":["jadcve@gmail.com"],"cc":["aracelli@suragra.com","marcoantonio@suragra.com","cinthia@suragra.com","jadcve@gmail.com","tesoreria@suragra.com"],"subject":"Resumen de Facturacion SURAGRA","id":"0101019cb8919479-cc030de0-1273-499c-8b55-00723120d85f-000000","msg":"✉️ Correo enviado por SES"}
{"level":30,"time":1772623092084,"pid":508584,"hostname":"TS-SURAGRA","to":["jadcve@gmail.com"],"codIdtSap":"C96867620","msg":"Enviando RFAC"}
{"level":30,"time":1772623092362,"pid":508584,"hostname":"TS-SURAGRA","to":["jadcve@gmail.com"],"cc":["aracelli@suragra.com","marcoantonio@suragra.com","cinthia@suragra.com","jadcve@gmail.com","tesoreria@suragra.com"],"subject":"Resumen de Facturacion SURAGRA","id":"0101019cb891dd53-9708cbda-2752-4cee-84e2-08cf1f310e46-000000","msg":"✉️ Correo enviado por SES"}
{"level":30,"time":1772623110860,"pid":508584,"hostname":"TS-SURAGRA","to":["jadcve@gmail.com"],"codIdtSap":"C96972530","msg":"Enviando RFAC"}
{"level":30,"time":1772623111158,"pid":508584,"hostname":"TS-SURAGRA","to":["jadcve@gmail.com"],"cc":["aracelli@suragra.com","marcoantonio@suragra.com","cinthia@suragra.com","jadcve@gmail.com","tesoreria@suragra.com"],"subject":"Resumen de Facturacion SURAGRA","id":"0101019cb89226a8-3ec90e9e-435e-462e-bc0d-54638f8e5a2e-000000","msg":"✉️ Correo enviado por SES"}
{"level":30,"time":1772623129576,"pid":508584,"hostname":"TS-SURAGRA","to":["jadcve@gmail.com"],"codIdtSap":"C99504220","msg":"Enviando RFAC"}
{"level":30,"time":1772623129833,"pid":508584,"hostname":"TS-SURAGRA","to":["jadcve@gmail.com"],"cc":["aracelli@suragra.com","marcoantonio@suragra.com","cinthia@suragra.com","jadcve@gmail.com","tesoreria@suragra.com"],"subject":"Resumen de Facturacion SURAGRA","id":"0101019cb8926fad-9458ea10-def3-4b05-a803-5bbca314c82b-000000","msg":"✉️ Correo enviado por SES"}
{"level":30,"time":1772623148192,"pid":508584,"hostname":"TS-SURAGRA","to":["jadcve@gmail.com"],"codIdtSap":"C99546180","msg":"Enviando RFAC"}
{"level":30,"time":1772623148503,"pid":508584,"hostname":"TS-SURAGRA","to":["jadcve@gmail.com"],"cc":["aracelli@suragra.com","marcoantonio@suragra.com","cinthia@suragra.com","jadcve@gmail.com","tesoreria@suragra.com"],"subject":"Resumen de Facturacion SURAGRA","id":"0101019cb892b884-3f9a211a-c827-4a8b-bad9-d6eab7e6bd34-000000","msg":"✉️ Correo enviado por SES"}
{"level":30,"time":1772623166695,"pid":508584,"hostname":"TS-SURAGRA","to":["jadcve@gmail.com"],"codIdtSap":"C99551270","msg":"Enviando RFAC"}
{"level":30,"time":1772623166968,"pid":508584,"hostname":"TS-SURAGRA","to":["jadcve@gmail.com"],"cc":["aracelli@suragra.com","marcoantonio@suragra.com","cinthia@suragra.com","jadcve@gmail.com","tesoreria@suragra.com"],"subject":"Resumen de Facturacion SURAGRA","id":"0101019cb89300c3-7ad68544-e1ca-4931-9b30-b021ec8f3cb3-000000","msg":"✉️ Correo enviado por SES"}
{"level":50,"time":1772623166974,"pid":508584,"hostname":"TS-SURAGRA","job":"RESUMEN","err":"Cannot read properties of undefined (reading 'to')","msg":"job failed"}
{"level":50,"time":1772679300710,"pid":508584,"hostname":"TS-SURAGRA","job":"HEARTBEAT","err":"sendEmail: lista \"to\" vacía o inválida","msg":"Heartbeat failed"}
{"level":50,"time":1772765700732,"pid":508584,"hostname":"TS-SURAGRA","job":"HEARTBEAT","err":"sendEmail: lista \"to\" vacía o inválida","msg":"Heartbeat failed"}
{"level":30,"time":1772791201232,"pid":508584,"hostname":"TS-SURAGRA","subject":"Resumen Neto Vencido","msg":"Template cargado"}
{"level":30,"time":1772791228127,"pid":508584,"hostname":"TS-SURAGRA","to":["jadcve@gmail.com"],"codIdtSap":"C79650240","msg":"Enviando NETO"}
{"level":30,"time":1772791229010,"pid":508584,"hostname":"TS-SURAGRA","to":["jadcve@gmail.com"],"cc":["aracelli@suragra.com","marcoantonio@suragra.com","cinthia@suragra.com","jadcve@gmail.com","tesoreria@suragra.com"],"subject":"Resumen Neto Vencido SURAGRA","id":"0101019cc2976d16-f9792df7-786e-444e-b05e-672b8d41ecf6-000000","msg":"📎 Correo con logo inline enviado por SES"}
{"level":30,"time":1772791245420,"pid":508584,"hostname":"TS-SURAGRA","to":["jadcve@gmail.com"],"codIdtSap":"C77341510","msg":"Enviando NETO"}
{"level":30,"time":1772791245688,"pid":508584,"hostname":"TS-SURAGRA","to":["jadcve@gmail.com"],"cc":["aracelli@suragra.com","marcoantonio@suragra.com","cinthia@suragra.com","jadcve@gmail.com","tesoreria@suragra.com"],"subject":"Resumen Neto Vencido SURAGRA","id":"0101019cc297ae4d-0cc103fe-43c3-43cc-ae63-c9d0734225ad-000000","msg":"📎 Correo con logo inline enviado por SES"}
{"level":30,"time":1772791262149,"pid":508584,"hostname":"TS-SURAGRA","to":["jadcve@gmail.com"],"codIdtSap":"C76573605","msg":"Enviando NETO"}
{"level":30,"time":1772791262442,"pid":508584,"hostname":"TS-SURAGRA","to":["jadcve@gmail.com"],"cc":["aracelli@suragra.com","marcoantonio@suragra.com","cinthia@suragra.com","jadcve@gmail.com","tesoreria@suragra.com"],"subject":"Resumen Neto Vencido SURAGRA","id":"0101019cc297efa8-213e82d0-7298-4aad-93b5-3d5eb63e6324-000000","msg":"📎 Correo con logo inline enviado por SES"}
{"level":30,"time":1772791278930,"pid":508584,"hostname":"TS-SURAGRA","to":["jadcve@gmail.com"],"codIdtSap":"C96771340","msg":"Enviando NETO"}
{"level":30,"time":1772791279212,"pid":508584,"hostname":"TS-SURAGRA","to":["jadcve@gmail.com"],"cc":["aracelli@suragra.com","marcoantonio@suragra.com","cinthia@suragra.com","jadcve@gmail.com","tesoreria@suragra.com"],"subject":"Resumen Neto Vencido SURAGRA","id":"0101019cc2983136-e6be1609-0df1-47a1-9f8a-2e0f86329360-000000","msg":"📎 Correo con logo inline enviado por SES"}
{"level":30,"time":1772791295469,"pid":508584,"hostname":"TS-SURAGRA","to":["jadcve@gmail.com"],"codIdtSap":"C76055435","msg":"Enviando NETO"}
{"level":30,"time":1772791295759,"pid":508584,"hostname":"TS-SURAGRA","to":["jadcve@gmail.com"],"cc":["aracelli@suragra.com","marcoantonio@suragra.com","cinthia@suragra.com","jadcve@gmail.com","tesoreria@suragra.com"],"subject":"Resumen Neto Vencido SURAGRA","id":"0101019cc29871d0-df0d8b68-7a1c-42ba-a5a5-d4c03d48129e-000000","msg":"📎 Correo con logo inline enviado por SES"}
{"level":30,"time":1772791312111,"pid":508584,"hostname":"TS-SURAGRA","to":["jadcve@gmail.com"],"codIdtSap":"C89255800","msg":"Enviando NETO"}
{"level":30,"time":1772791312388,"pid":508584,"hostname":"TS-SURAGRA","to":["jadcve@gmail.com"],"cc":["aracelli@suragra.com","marcoantonio@suragra.com","cinthia@suragra.com","jadcve@gmail.com","tesoreria@suragra.com"],"subject":"Resumen Neto Vencido SURAGRA","id":"0101019cc298b2ce-28965d85-6d0a-48e7-8ad0-102eeddd267f-000000","msg":"📎 Correo con logo inline enviado por SES"}
{"level":30,"time":1772791328521,"pid":508584,"hostname":"TS-SURAGRA","to":["jadcve@gmail.com"],"codIdtSap":"C76132135","msg":"Enviando NETO"}
{"level":30,"time":1772791328813,"pid":508584,"hostname":"TS-SURAGRA","to":["jadcve@gmail.com"],"cc":["aracelli@suragra.com","marcoantonio@suragra.com","cinthia@suragra.com","jadcve@gmail.com","tesoreria@suragra.com"],"subject":"Resumen Neto Vencido SURAGRA","id":"0101019cc298f2eb-96fe8b61-5ad5-4fac-a72c-c8071c3840fd-000000","msg":"📎 Correo con logo inline enviado por SES"}
{"level":30,"time":1772791344921,"pid":508584,"hostname":"TS-SURAGRA","to":["jadcve@gmail.com"],"codIdtSap":"C77739754","msg":"Enviando NETO"}
{"level":30,"time":1772791345166,"pid":508584,"hostname":"TS-SURAGRA","to":["jadcve@gmail.com"],"cc":["aracelli@suragra.com","marcoantonio@suragra.com","cinthia@suragra.com","jadcve@gmail.com","tesoreria@suragra.com"],"subject":"Resumen Neto Vencido SURAGRA","id":"0101019cc29932e5-95b6dca8-c166-466d-9678-8ad2b038c8c2-000000","msg":"📎 Correo con logo inline enviado por SES"}
{"level":30,"time":1772791361468,"pid":508584,"hostname":"TS-SURAGRA","to":["jadcve@gmail.com"],"codIdtSap":"C96681790","msg":"Enviando NETO"}
{"level":30,"time":1772791361831,"pid":508584,"hostname":"TS-SURAGRA","to":["jadcve@gmail.com"],"cc":["aracelli@suragra.com","marcoantonio@suragra.com","cinthia@suragra.com","jadcve@gmail.com","tesoreria@suragra.com"],"subject":"Resumen Neto Vencido SURAGRA","id":"0101019cc299739c-1c3e5bef-aa33-4a81-a458-9c1df490a97c-000000","msg":"📎 Correo con logo inline enviado por SES"}
{"level":30,"time":1772791378310,"pid":508584,"hostname":"TS-SURAGRA","to":["jadcve@gmail.com"],"codIdtSap":"C76453978","msg":"Enviando NETO"}
{"level":30,"time":1772791378648,"pid":508584,"hostname":"TS-SURAGRA","to":["jadcve@gmail.com"],"cc":["aracelli@suragra.com","marcoantonio@suragra.com","cinthia@suragra.com","jadcve@gmail.com","tesoreria@suragra.com"],"subject":"Resumen Neto Vencido SURAGRA","id":"0101019cc299b56c-6170615c-0d2c-42b8-9116-a921575df651-000000","msg":"📎 Correo con logo inline enviado por SES"}
{"level":30,"time":1772791395185,"pid":508584,"hostname":"TS-SURAGRA","to":["jadcve@gmail.com"],"codIdtSap":"C76213723","msg":"Enviando NETO"}
{"level":30,"time":1772791395478,"pid":508584,"hostname":"TS-SURAGRA","to":["jadcve@gmail.com"],"cc":["aracelli@suragra.com","marcoantonio@suragra.com","cinthia@suragra.com","jadcve@gmail.com","tesoreria@suragra.com"],"subject":"Resumen Neto Vencido SURAGRA","id":"0101019cc299f74e-5059893e-c823-4df6-a3cd-df086ba79dca-000000","msg":"📎 Correo con logo inline enviado por SES"}
{"level":30,"time":1772791411990,"pid":508584,"hostname":"TS-SURAGRA","to":["jadcve@gmail.com"],"codIdtSap":"C76113439","msg":"Enviando NETO"}
{"level":30,"time":1772791412268,"pid":508584,"hostname":"TS-SURAGRA","to":["jadcve@gmail.com"],"cc":["aracelli@suragra.com","marcoantonio@suragra.com","cinthia@suragra.com","jadcve@gmail.com","tesoreria@suragra.com"],"subject":"Resumen Neto Vencido SURAGRA","id":"0101019cc29a38f7-7c1f9e71-58b5-445d-aef1-b5256b707eca-000000","msg":"📎 Correo con logo inline enviado por SES"}
{"level":30,"time":1772791428597,"pid":508584,"hostname":"TS-SURAGRA","to":["jadcve@gmail.com"],"codIdtSap":"C77350529","msg":"Enviando NETO"}
{"level":30,"time":1772791428894,"pid":508584,"hostname":"TS-SURAGRA","to":["jadcve@gmail.com"],"cc":["aracelli@suragra.com","marcoantonio@suragra.com","cinthia@suragra.com","jadcve@gmail.com","tesoreria@suragra.com"],"subject":"Resumen Neto Vencido SURAGRA","id":"0101019cc29a79d7-f009b0c7-4012-4126-8822-5084c200c147-000000","msg":"📎 Correo con logo inline enviado por SES"}
{"level":30,"time":1772791445342,"pid":508584,"hostname":"TS-SURAGRA","to":["jadcve@gmail.com"],"codIdtSap":"C93329000","msg":"Enviando NETO"}
{"level":30,"time":1772791445615,"pid":508584,"hostname":"TS-SURAGRA","to":["jadcve@gmail.com"],"cc":["aracelli@suragra.com","marcoantonio@suragra.com","cinthia@suragra.com","jadcve@gmail.com","tesoreria@suragra.com"],"subject":"Resumen Neto Vencido SURAGRA","id":"0101019cc29abb41-2c5f815c-43c8-4982-9dd5-9a57597812b8-000000","msg":"📎 Correo con logo inline enviado por SES"}
{"level":30,"time":1772791461797,"pid":508584,"hostname":"TS-SURAGRA","to":["jadcve@gmail.com"],"codIdtSap":"C77280637","msg":"Enviando NETO"}
{"level":30,"time":1772791462079,"pid":508584,"hostname":"TS-SURAGRA","to":["jadcve@gmail.com"],"cc":["aracelli@suragra.com","marcoantonio@suragra.com","cinthia@suragra.com","jadcve@gmail.com","tesoreria@suragra.com"],"subject":"Resumen Neto Vencido SURAGRA","id":"0101019cc29afb82-a5c05b1f-6dea-4098-a455-5b11de3c7c3a-000000","msg":"📎 Correo con logo inline enviado por SES"}
{"level":30,"time":1772791478300,"pid":508584,"hostname":"TS-SURAGRA","to":["jadcve@gmail.com"],"codIdtSap":"C96647510","msg":"Enviando NETO"}
{"level":30,"time":1772791478580,"pid":508584,"hostname":"TS-SURAGRA","to":["jadcve@gmail.com"],"cc":["aracelli@suragra.com","marcoantonio@suragra.com","cinthia@suragra.com","jadcve@gmail.com","tesoreria@suragra.com"],"subject":"Resumen Neto Vencido SURAGRA","id":"0101019cc29b3bfc-4db53c79-84f4-4bef-b20e-4dc50aeb41bc-000000","msg":"📎 Correo con logo inline enviado por SES"}
{"level":30,"time":1772791494841,"pid":508584,"hostname":"TS-SURAGRA","to":["jadcve@gmail.com"],"codIdtSap":"C76411988-6","msg":"Enviando NETO"}
{"level":30,"time":1772791495112,"pid":508584,"hostname":"TS-SURAGRA","to":["jadcve@gmail.com"],"cc":["aracelli@suragra.com","marcoantonio@suragra.com","cinthia@suragra.com","jadcve@gmail.com","tesoreria@suragra.com"],"subject":"Resumen Neto Vencido SURAGRA","id":"0101019cc29b7c93-2cf4cdd6-7f58-4b77-b5a5-2b542e1daea3-000000","msg":"📎 Correo con logo inline enviado por SES"}
{"level":30,"time":1772791511774,"pid":508584,"hostname":"TS-SURAGRA","to":["jadcve@gmail.com"],"codIdtSap":"C77023139","msg":"Enviando NETO"}
{"level":30,"time":1772791512007,"pid":508584,"hostname":"TS-SURAGRA","to":["jadcve@gmail.com"],"cc":["aracelli@suragra.com","marcoantonio@suragra.com","cinthia@suragra.com","jadcve@gmail.com","tesoreria@suragra.com"],"subject":"Resumen Neto Vencido SURAGRA","id":"0101019cc29bbea5-ace0430e-a348-4894-ad34-697b73499c4b-000000","msg":"📎 Correo con logo inline enviado por SES"}
{"level":30,"time":1772791528462,"pid":508584,"hostname":"TS-SURAGRA","to":["jadcve@gmail.com"],"codIdtSap":"C76429771","msg":"Enviando NETO"}
{"level":30,"time":1772791528732,"pid":508584,"hostname":"TS-SURAGRA","to":["jadcve@gmail.com"],"cc":["aracelli@suragra.com","marcoantonio@suragra.com","cinthia@suragra.com","jadcve@gmail.com","tesoreria@suragra.com"],"subject":"Resumen Neto Vencido SURAGRA","id":"0101019cc29bffd6-1b27fc91-44d1-4506-bb18-a322eb648279-000000","msg":"📎 Correo con logo inline enviado por SES"}
{"level":30,"time":1772791545061,"pid":508584,"hostname":"TS-SURAGRA","to":["jadcve@gmail.com"],"codIdtSap":"C76979390","msg":"Enviando NETO"}
{"level":30,"time":1772791545340,"pid":508584,"hostname":"TS-SURAGRA","to":["jadcve@gmail.com"],"cc":["aracelli@suragra.com","marcoantonio@suragra.com","cinthia@suragra.com","jadcve@gmail.com","tesoreria@suragra.com"],"subject":"Resumen Neto Vencido SURAGRA","id":"0101019cc29c40c2-35646b51-cfcb-4e92-9408-171eebc78e50-000000","msg":"📎 Correo con logo inline enviado por SES"}
{"level":30,"time":1772791561850,"pid":508584,"hostname":"TS-SURAGRA","to":["jadcve@gmail.com"],"codIdtSap":"C76885621","msg":"Enviando NETO"}
{"level":30,"time":1772791562131,"pid":508584,"hostname":"TS-SURAGRA","to":["jadcve@gmail.com"],"cc":["aracelli@suragra.com","marcoantonio@suragra.com","cinthia@suragra.com","jadcve@gmail.com","tesoreria@suragra.com"],"subject":"Resumen Neto Vencido SURAGRA","id":"0101019cc29c8259-90d7878c-2c2d-42c0-bf99-dd120df92b8b-000000","msg":"📎 Correo con logo inline enviado por SES"}
{"level":30,"time":1772791578447,"pid":508584,"hostname":"TS-SURAGRA","to":["jadcve@gmail.com"],"codIdtSap":"C76304361","msg":"Enviando NETO"}
{"level":30,"time":1772791578782,"pid":508584,"hostname":"TS-SURAGRA","to":["jadcve@gmail.com"],"cc":["aracelli@suragra.com","marcoantonio@suragra.com","cinthia@suragra.com","jadcve@gmail.com","tesoreria@suragra.com"],"subject":"Resumen Neto Vencido SURAGRA","id":"0101019cc29cc32f-6b12b18b-992b-4bbd-acbf-805fc5174f71-000000","msg":"📎 Correo con logo inline enviado por SES"}
{"level":30,"time":1772791595103,"pid":508584,"hostname":"TS-SURAGRA","to":["jadcve@gmail.com"],"codIdtSap":"C96609410","msg":"Enviando NETO"}
{"level":30,"time":1772791595397,"pid":508584,"hostname":"TS-SURAGRA","to":["jadcve@gmail.com"],"cc":["aracelli@suragra.com","marcoantonio@suragra.com","cinthia@suragra.com","jadcve@gmail.com","tesoreria@suragra.com"],"subject":"Resumen Neto Vencido SURAGRA","id":"0101019cc29d0439-12a673e8-49f9-463c-a9c4-e9a3505e4ae0-000000","msg":"📎 Correo con logo inline enviado por SES"}
{"level":30,"time":1772791611667,"pid":508584,"hostname":"TS-SURAGRA","to":["jadcve@gmail.com"],"codIdtSap":"C76081733","msg":"Enviando NETO"}
{"level":30,"time":1772791611928,"pid":508584,"hostname":"TS-SURAGRA","to":["jadcve@gmail.com"],"cc":["aracelli@suragra.com","marcoantonio@suragra.com","cinthia@suragra.com","jadcve@gmail.com","tesoreria@suragra.com"],"subject":"Resumen Neto Vencido SURAGRA","id":"0101019cc29d44e2-e99a8722-55af-438f-aa49-18fae705231b-000000","msg":"📎 Correo con logo inline enviado por SES"}
{"level":30,"time":1772791628201,"pid":508584,"hostname":"TS-SURAGRA","to":["jadcve@gmail.com"],"codIdtSap":"C99578700","msg":"Enviando NETO"}
{"level":30,"time":1772791628481,"pid":508584,"hostname":"TS-SURAGRA","to":["jadcve@gmail.com"],"cc":["aracelli@suragra.com","marcoantonio@suragra.com","cinthia@suragra.com","jadcve@gmail.com","tesoreria@suragra.com"],"subject":"Resumen Neto Vencido SURAGRA","id":"0101019cc29d858d-6ad21390-2281-43ee-afbe-0fc1965e82bf-000000","msg":"📎 Correo con logo inline enviado por SES"}
{"level":30,"time":1772791644679,"pid":508584,"hostname":"TS-SURAGRA","to":["jadcve@gmail.com"],"codIdtSap":"C76036883","msg":"Enviando NETO"}
{"level":30,"time":1772791644963,"pid":508584,"hostname":"TS-SURAGRA","to":["jadcve@gmail.com"],"cc":["aracelli@suragra.com","marcoantonio@suragra.com","cinthia@suragra.com","jadcve@gmail.com","tesoreria@suragra.com"],"subject":"Resumen Neto Vencido SURAGRA","id":"0101019cc29dc5ea-e07d5d58-18b0-4a4d-af0c-18edf4f697b8-000000","msg":"📎 Correo con logo inline enviado por SES"}
{"level":30,"time":1772791661427,"pid":508584,"hostname":"TS-SURAGRA","to":["jadcve@gmail.com"],"codIdtSap":"C76384094","msg":"Enviando NETO"}
{"level":30,"time":1772791661716,"pid":508584,"hostname":"TS-SURAGRA","to":["jadcve@gmail.com"],"cc":["aracelli@suragra.com","marcoantonio@suragra.com","cinthia@suragra.com","jadcve@gmail.com","tesoreria@suragra.com"],"subject":"Resumen Neto Vencido SURAGRA","id":"0101019cc29e0759-0c4a9f96-255a-4bad-b0ed-c080b034a87c-000000","msg":"📎 Correo con logo inline enviado por SES"}
{"level":30,"time":1772791677959,"pid":508584,"hostname":"TS-SURAGRA","to":["jadcve@gmail.com"],"codIdtSap":"C76109640","msg":"Enviando NETO"}
{"level":30,"time":1772791678249,"pid":508584,"hostname":"TS-SURAGRA","to":["jadcve@gmail.com"],"cc":["aracelli@suragra.com","marcoantonio@suragra.com","cinthia@suragra.com","jadcve@gmail.com","tesoreria@suragra.com"],"subject":"Resumen Neto Vencido SURAGRA","id":"0101019cc29e47ea-e3ba9bbd-c0dc-4cd8-96f1-b1622063a603-000000","msg":"📎 Correo con logo inline enviado por SES"}
{"level":30,"time":1772791694597,"pid":508584,"hostname":"TS-SURAGRA","to":["jadcve@gmail.com"],"codIdtSap":"C86381300","msg":"Enviando NETO"}
{"level":30,"time":1772791694867,"pid":508584,"hostname":"TS-SURAGRA","to":["jadcve@gmail.com"],"cc":["aracelli@suragra.com","marcoantonio@suragra.com","cinthia@suragra.com","jadcve@gmail.com","tesoreria@suragra.com"],"subject":"Resumen Neto Vencido SURAGRA","id":"0101019cc29e88e6-47ab9492-9373-4f03-b0d6-44c0f2f43608-000000","msg":"📎 Correo con logo inline enviado por SES"}
{"level":30,"time":1772791711359,"pid":508584,"hostname":"TS-SURAGRA","to":["jadcve@gmail.com"],"codIdtSap":"C76200382","msg":"Enviando NETO"}
{"level":30,"time":1772791711595,"pid":508584,"hostname":"TS-SURAGRA","to":["jadcve@gmail.com"],"cc":["aracelli@suragra.com","marcoantonio@suragra.com","cinthia@suragra.com","jadcve@gmail.com","tesoreria@suragra.com"],"subject":"Resumen Neto Vencido SURAGRA","id":"0101019cc29eca48-371f0d45-62a0-42aa-9ea6-6b5effd01963-000000","msg":"📎 Correo con logo inline enviado por SES"}
{"level":30,"time":1772791727986,"pid":508584,"hostname":"TS-SURAGRA","to":["jadcve@gmail.com"],"codIdtSap":"C96867620","msg":"Enviando NETO"}
{"level":30,"time":1772791728305,"pid":508584,"hostname":"TS-SURAGRA","to":["jadcve@gmail.com"],"cc":["aracelli@suragra.com","marcoantonio@suragra.com","cinthia@suragra.com","jadcve@gmail.com","tesoreria@suragra.com"],"subject":"Resumen Neto Vencido SURAGRA","id":"0101019cc29f0b57-dd79c0e2-c4e0-4031-a6a7-0b11725b7a32-000000","msg":"📎 Correo con logo inline enviado por SES"}
{"level":30,"time":1772791744627,"pid":508584,"hostname":"TS-SURAGRA","to":["jadcve@gmail.com"],"codIdtSap":"C76738610","msg":"Enviando NETO"}
{"level":30,"time":1772791744880,"pid":508584,"hostname":"TS-SURAGRA","to":["jadcve@gmail.com"],"cc":["aracelli@suragra.com","marcoantonio@suragra.com","cinthia@suragra.com","jadcve@gmail.com","tesoreria@suragra.com"],"subject":"Resumen Neto Vencido SURAGRA","id":"0101019cc29f4c40-d72cf369-f999-4cec-87f4-3ae8d1037505-000000","msg":"📎 Correo con logo inline enviado por SES"}
{"level":30,"time":1772791761264,"pid":508584,"hostname":"TS-SURAGRA","to":["jadcve@gmail.com"],"codIdtSap":"C76011359","msg":"Enviando NETO"}
{"level":30,"time":1772791761551,"pid":508584,"hostname":"TS-SURAGRA","to":["jadcve@gmail.com"],"cc":["aracelli@suragra.com","marcoantonio@suragra.com","cinthia@suragra.com","jadcve@gmail.com","tesoreria@suragra.com"],"subject":"Resumen Neto Vencido SURAGRA","id":"0101019cc29f8d42-9b0042fa-c713-433e-8833-c8a18f86f755-000000","msg":"📎 Correo con logo inline enviado por SES"}
{"level":30,"time":1772791777901,"pid":508584,"hostname":"TS-SURAGRA","to":["jadcve@gmail.com"],"codIdtSap":"C77346494","msg":"Enviando NETO"}
{"level":30,"time":1772791778177,"pid":508584,"hostname":"TS-SURAGRA","to":["jadcve@gmail.com"],"cc":["aracelli@suragra.com","marcoantonio@suragra.com","cinthia@suragra.com","jadcve@gmail.com","tesoreria@suragra.com"],"subject":"Resumen Neto Vencido SURAGRA","id":"0101019cc29fce38-10fd2b60-6145-4273-ba2e-1b52199b31fa-000000","msg":"📎 Correo con logo inline enviado por SES"}
{"level":30,"time":1772791794473,"pid":508584,"hostname":"TS-SURAGRA","to":["jadcve@gmail.com"],"codIdtSap":"C76181799","msg":"Enviando NETO"}
{"level":30,"time":1772791794766,"pid":508584,"hostname":"TS-SURAGRA","to":["jadcve@gmail.com"],"cc":["aracelli@suragra.com","marcoantonio@suragra.com","cinthia@suragra.com","jadcve@gmail.com","tesoreria@suragra.com"],"subject":"Resumen Neto Vencido SURAGRA","id":"0101019cc2a00efb-59ecb3ff-1fec-47ea-b52a-8e487956c34f-000000","msg":"📎 Correo con logo inline enviado por SES"}
{"level":30,"time":1772791811450,"pid":508584,"hostname":"TS-SURAGRA","to":["jadcve@gmail.com"],"codIdtSap":"C76154796","msg":"Enviando NETO"}
{"level":30,"time":1772791811695,"pid":508584,"hostname":"TS-SURAGRA","to":["jadcve@gmail.com"],"cc":["aracelli@suragra.com","marcoantonio@suragra.com","cinthia@suragra.com","jadcve@gmail.com","tesoreria@suragra.com"],"subject":"Resumen Neto Vencido SURAGRA","id":"0101019cc2a05148-1b25e77d-b7b5-4601-be70-3b7d8f6e3443-000000","msg":"📎 Correo con logo inline enviado por SES"}
{"level":30,"time":1772791828162,"pid":508584,"hostname":"TS-SURAGRA","to":["jadcve@gmail.com"],"codIdtSap":"C78557210","msg":"Enviando NETO"}
{"level":30,"time":1772791828453,"pid":508584,"hostname":"TS-SURAGRA","to":["jadcve@gmail.com"],"cc":["aracelli@suragra.com","marcoantonio@suragra.com","cinthia@suragra.com","jadcve@gmail.com","tesoreria@suragra.com"],"subject":"Resumen Neto Vencido SURAGRA","id":"0101019cc2a092a4-cd678f2e-5fa9-48d3-ab31-9a45f6fb3d1f-000000","msg":"📎 Correo con logo inline enviado por SES"}
{"level":30,"time":1772791844734,"pid":508584,"hostname":"TS-SURAGRA","to":["jadcve@gmail.com"],"codIdtSap":"C77835130","msg":"Enviando NETO"}
{"level":30,"time":1772791844992,"pid":508584,"hostname":"TS-SURAGRA","to":["jadcve@gmail.com"],"cc":["aracelli@suragra.com","marcoantonio@suragra.com","cinthia@suragra.com","jadcve@gmail.com","tesoreria@suragra.com"],"subject":"Resumen Neto Vencido SURAGRA","id":"0101019cc2a0d349-c9a17a00-9402-4df8-95b6-8049d841284e-000000","msg":"📎 Correo con logo inline enviado por SES"}
{"level":30,"time":1772791861143,"pid":508584,"hostname":"TS-SURAGRA","to":["jadcve@gmail.com"],"codIdtSap":"C78029510","msg":"Enviando NETO"}
{"level":30,"time":1772791861452,"pid":508584,"hostname":"TS-SURAGRA","to":["jadcve@gmail.com"],"cc":["aracelli@suragra.com","marcoantonio@suragra.com","cinthia@suragra.com","jadcve@gmail.com","tesoreria@suragra.com"],"subject":"Resumen Neto Vencido SURAGRA","id":"0101019cc2a11377-1aa8459f-ca6c-457e-80e9-315f010b862e-000000","msg":"📎 Correo con logo inline enviado por SES"}
{"level":30,"time":1772791877534,"pid":508584,"hostname":"TS-SURAGRA","to":["jadcve@gmail.com"],"codIdtSap":"C761625829","msg":"Enviando NETO"}
{"level":30,"time":1772791877829,"pid":508584,"hostname":"TS-SURAGRA","to":["jadcve@gmail.com"],"cc":["aracelli@suragra.com","marcoantonio@suragra.com","cinthia@suragra.com","jadcve@gmail.com","tesoreria@suragra.com"],"subject":"Resumen Neto Vencido SURAGRA","id":"0101019cc2a1537b-539dffb4-3b9c-45f3-8c14-bb55975903d5-000000","msg":"📎 Correo con logo inline enviado por SES"}
{"level":50,"time":1772791877835,"pid":508584,"hostname":"TS-SURAGRA","job":"NETO","err":"Cannot read properties of undefined (reading 'to')","msg":"job failed"}
{"level":50,"time":1772852100683,"pid":508584,"hostname":"TS-SURAGRA","job":"HEARTBEAT","err":"sendEmail: lista \"to\" vacía o inválida","msg":"Heartbeat failed"}
{"level":50,"time":1772938500675,"pid":508584,"hostname":"TS-SURAGRA","job":"HEARTBEAT","err":"sendEmail: lista \"to\" vacía o inválida","msg":"Heartbeat failed"}
{"level":50,"time":1773024900669,"pid":508584,"hostname":"TS-SURAGRA","job":"HEARTBEAT","err":"sendEmail: lista \"to\" vacía o inválida","msg":"Heartbeat failed"}
{"level":50,"time":1773111300740,"pid":508584,"hostname":"TS-SURAGRA","job":"HEARTBEAT","err":"sendEmail: lista \"to\" vacía o inválida","msg":"Heartbeat failed"}
{"level":50,"time":1773197700703,"pid":508584,"hostname":"TS-SURAGRA","job":"HEARTBEAT","err":"sendEmail: lista \"to\" vacía o inválida","msg":"Heartbeat failed"}
{"level":50,"time":1773284100678,"pid":508584,"hostname":"TS-SURAGRA","job":"HEARTBEAT","err":"sendEmail: lista \"to\" vacía o inválida","msg":"Heartbeat failed"}
{"level":50,"time":1773370500681,"pid":508584,"hostname":"TS-SURAGRA","job":"HEARTBEAT","err":"sendEmail: lista \"to\" vacía o inválida","msg":"Heartbeat failed"}
{"level":30,"time":1773396001284,"pid":508584,"hostname":"TS-SURAGRA","subject":"Resumen Neto Vencido","msg":"Template cargado"}
{"level":30,"time":1773396028465,"pid":508584,"hostname":"TS-SURAGRA","to":["jadcve@gmail.com"],"codIdtSap":"C79650240","msg":"Enviando NETO"}
{"level":30,"time":1773396029407,"pid":508584,"hostname":"TS-SURAGRA","to":["jadcve@gmail.com"],"cc":["aracelli@suragra.com","marcoantonio@suragra.com","cinthia@suragra.com","jadcve@gmail.com","tesoreria@suragra.com"],"subject":"Resumen Neto Vencido SURAGRA","id":"0101019ce6a3f298-02e0586d-1630-4691-b395-9e5039648721-000000","msg":"📎 Correo con logo inline enviado por SES"}
{"level":30,"time":1773396047138,"pid":508584,"hostname":"TS-SURAGRA","to":["jadcve@gmail.com"],"codIdtSap":"C96525040","msg":"Enviando NETO"}
{"level":30,"time":1773396047442,"pid":508584,"hostname":"TS-SURAGRA","to":["jadcve@gmail.com"],"cc":["aracelli@suragra.com","marcoantonio@suragra.com","cinthia@suragra.com","jadcve@gmail.com","tesoreria@suragra.com"],"subject":"Resumen Neto Vencido SURAGRA","id":"0101019ce6a43913-35b06ca9-638e-4a0c-bed4-9572eadc0ab8-000000","msg":"📎 Correo con logo inline enviado por SES"}
{"level":30,"time":1773396073548,"pid":508584,"hostname":"TS-SURAGRA","to":["jadcve@gmail.com"],"codIdtSap":"C77802578","msg":"Enviando NETO"}
{"level":30,"time":1773396073859,"pid":508584,"hostname":"TS-SURAGRA","to":["jadcve@gmail.com"],"cc":["aracelli@suragra.com","marcoantonio@suragra.com","cinthia@suragra.com","jadcve@gmail.com","tesoreria@suragra.com"],"subject":"Resumen Neto Vencido SURAGRA","id":"0101019ce6a4a036-265cea44-a41f-41b5-982e-44365d7f5e5b-000000","msg":"📎 Correo con logo inline enviado por SES"}
{"level":30,"time":1773396091042,"pid":508584,"hostname":"TS-SURAGRA","to":["jadcve@gmail.com"],"codIdtSap":"C76573605","msg":"Enviando NETO"}
{"level":30,"time":1773396091368,"pid":508584,"hostname":"TS-SURAGRA","to":["jadcve@gmail.com"],"cc":["aracelli@suragra.com","marcoantonio@suragra.com","cinthia@suragra.com","jadcve@gmail.com","tesoreria@suragra.com"],"subject":"Resumen Neto Vencido SURAGRA","id":"0101019ce6a4e487-ef8116ff-7f14-40bd-87ab-3144867c19a3-000000","msg":"📎 Correo con logo inline enviado por SES"}
{"level":30,"time":1773396108868,"pid":508584,"hostname":"TS-SURAGRA","to":["jadcve@gmail.com"],"codIdtSap":"C96771340","msg":"Enviando NETO"}
{"level":30,"time":1773396109099,"pid":508584,"hostname":"TS-SURAGRA","to":["jadcve@gmail.com"],"cc":["aracelli@suragra.com","marcoantonio@suragra.com","cinthia@suragra.com","jadcve@gmail.com","tesoreria@suragra.com"],"subject":"Resumen Neto Vencido SURAGRA","id":"0101019ce6a52a10-872144c1-7fd9-4195-88ec-5eb2b5ba65b4-000000","msg":"📎 Correo con logo inline enviado por SES"}
{"level":30,"time":1773396125980,"pid":508584,"hostname":"TS-SURAGRA","to":["jadcve@gmail.com"],"codIdtSap":"C76055435","msg":"Enviando NETO"}
{"level":30,"time":1773396126256,"pid":508584,"hostname":"TS-SURAGRA","to":["jadcve@gmail.com"],"cc":["aracelli@suragra.com","marcoantonio@suragra.com","cinthia@suragra.com","jadcve@gmail.com","tesoreria@suragra.com"],"subject":"Resumen Neto Vencido SURAGRA","id":"0101019ce6a56cfb-5e0b33e1-ea22-4538-9ca8-2af6f901f68f-000000","msg":"📎 Correo con logo inline enviado por SES"}
{"level":30,"time":1773396142711,"pid":508584,"hostname":"TS-SURAGRA","to":["jadcve@gmail.com"],"codIdtSap":"C89255800","msg":"Enviando NETO"}
{"level":30,"time":1773396143045,"pid":508584,"hostname":"TS-SURAGRA","to":["jadcve@gmail.com"],"cc":["aracelli@suragra.com","marcoantonio@suragra.com","cinthia@suragra.com","jadcve@gmail.com","tesoreria@suragra.com"],"subject":"Resumen Neto Vencido SURAGRA","id":"0101019ce6a5ae5a-a5df0ec8-054f-4920-9b21-c60f0c85105d-000000","msg":"📎 Correo con logo inline enviado por SES"}
{"level":30,"time":1773396159350,"pid":508584,"hostname":"TS-SURAGRA","to":["jadcve@gmail.com"],"codIdtSap":"C77032639","msg":"Enviando NETO"}
{"level":30,"time":1773396159632,"pid":508584,"hostname":"TS-SURAGRA","to":["jadcve@gmail.com"],"cc":["aracelli@suragra.com","marcoantonio@suragra.com","cinthia@suragra.com","jadcve@gmail.com","tesoreria@suragra.com"],"subject":"Resumen Neto Vencido SURAGRA","id":"0101019ce6a5ef5b-f45496b2-94ba-4096-a2a5-4e207904a8b8-000000","msg":"📎 Correo con logo inline enviado por SES"}
{"level":30,"time":1773396176457,"pid":508584,"hostname":"TS-SURAGRA","to":["jadcve@gmail.com"],"codIdtSap":"C77739754","msg":"Enviando NETO"}
{"level":30,"time":1773396176744,"pid":508584,"hostname":"TS-SURAGRA","to":["jadcve@gmail.com"],"cc":["aracelli@suragra.com","marcoantonio@suragra.com","cinthia@suragra.com","jadcve@gmail.com","tesoreria@suragra.com"],"subject":"Resumen Neto Vencido SURAGRA","id":"0101019ce6a6322e-4705afed-2dfd-4581-adf6-91b5c8c0020a-000000","msg":"📎 Correo con logo inline enviado por SES"}
{"level":30,"time":1773396193262,"pid":508584,"hostname":"TS-SURAGRA","to":["jadcve@gmail.com"],"codIdtSap":"C77156622","msg":"Enviando NETO"}
{"level":30,"time":1773396193543,"pid":508584,"hostname":"TS-SURAGRA","to":["jadcve@gmail.com"],"cc":["aracelli@suragra.com","marcoantonio@suragra.com","cinthia@suragra.com","jadcve@gmail.com","tesoreria@suragra.com"],"subject":"Resumen Neto Vencido SURAGRA","id":"0101019ce6a673d3-70f3739d-89a4-4ba0-852e-3482c53f39d2-000000","msg":"📎 Correo con logo inline enviado por SES"}
{"level":30,"time":1773396210021,"pid":508584,"hostname":"TS-SURAGRA","to":["jadcve@gmail.com"],"codIdtSap":"C76453978","msg":"Enviando NETO"}
{"level":30,"time":1773396210310,"pid":508584,"hostname":"TS-SURAGRA","to":["jadcve@gmail.com"],"cc":["aracelli@suragra.com","marcoantonio@suragra.com","cinthia@suragra.com","jadcve@gmail.com","tesoreria@suragra.com"],"subject":"Resumen Neto Vencido SURAGRA","id":"0101019ce6a6b550-7338f1d5-8fe4-4c5a-9497-f4c06fcb1612-000000","msg":"📎 Correo con logo inline enviado por SES"}
{"level":30,"time":1773396226759,"pid":508584,"hostname":"TS-SURAGRA","to":["jadcve@gmail.com"],"codIdtSap":"C76213723","msg":"Enviando NETO"}
{"level":30,"time":1773396227082,"pid":508584,"hostname":"TS-SURAGRA","to":["jadcve@gmail.com"],"cc":["aracelli@suragra.com","marcoantonio@suragra.com","cinthia@suragra.com","jadcve@gmail.com","tesoreria@suragra.com"],"subject":"Resumen Neto Vencido SURAGRA","id":"0101019ce6a6f6b2-2dbea3c5-466f-4add-8329-ad5d042e3cd0-000000","msg":"📎 Correo con logo inline enviado por SES"}
{"level":30,"time":1773396243433,"pid":508584,"hostname":"TS-SURAGRA","to":["jadcve@gmail.com"],"codIdtSap":"C77350529","msg":"Enviando NETO"}
{"level":30,"time":1773396243722,"pid":508584,"hostname":"TS-SURAGRA","to":["jadcve@gmail.com"],"cc":["aracelli@suragra.com","marcoantonio@suragra.com","cinthia@suragra.com","jadcve@gmail.com","tesoreria@suragra.com"],"subject":"Resumen Neto Vencido SURAGRA","id":"0101019ce6a737cc-20d96627-7011-4b9c-a016-a5374b3f2c9f-000000","msg":"📎 Correo con logo inline enviado por SES"}
{"level":30,"time":1773396260144,"pid":508584,"hostname":"TS-SURAGRA","to":["jadcve@gmail.com"],"codIdtSap":"C93329000","msg":"Enviando NETO"}
{"level":30,"time":1773396260432,"pid":508584,"hostname":"TS-SURAGRA","to":["jadcve@gmail.com"],"cc":["aracelli@suragra.com","marcoantonio@suragra.com","cinthia@suragra.com","jadcve@gmail.com","tesoreria@suragra.com"],"subject":"Resumen Neto Vencido SURAGRA","id":"0101019ce6a77914-6de36824-b61d-4d89-b4ee-64c59ffa3d80-000000","msg":"📎 Correo con logo inline enviado por SES"}
{"level":30,"time":1773396276886,"pid":508584,"hostname":"TS-SURAGRA","to":["jadcve@gmail.com"],"codIdtSap":"C78319309","msg":"Enviando NETO"}
{"level":30,"time":1773396277174,"pid":508584,"hostname":"TS-SURAGRA","to":["jadcve@gmail.com"],"cc":["aracelli@suragra.com","marcoantonio@suragra.com","cinthia@suragra.com","jadcve@gmail.com","tesoreria@suragra.com"],"subject":"Resumen Neto Vencido SURAGRA","id":"0101019ce6a7ba7b-e04e2c50-79e8-4310-8bfb-1bd1cea6a0bf-000000","msg":"📎 Correo con logo inline enviado por SES"}
{"level":30,"time":1773396293563,"pid":508584,"hostname":"TS-SURAGRA","to":["jadcve@gmail.com"],"codIdtSap":"C77280637","msg":"Enviando NETO"}
{"level":30,"time":1773396293979,"pid":508584,"hostname":"TS-SURAGRA","to":["jadcve@gmail.com"],"cc":["aracelli@suragra.com","marcoantonio@suragra.com","cinthia@suragra.com","jadcve@gmail.com","tesoreria@suragra.com"],"subject":"Resumen Neto Vencido SURAGRA","id":"0101019ce6a7fba8-64ffca61-d5da-479c-9238-f180d50d32dd-000000","msg":"📎 Correo con logo inline enviado por SES"}
{"level":30,"time":1773396310674,"pid":508584,"hostname":"TS-SURAGRA","to":["jadcve@gmail.com"],"codIdtSap":"C76411988-6","msg":"Enviando NETO"}
{"level":30,"time":1773396310958,"pid":508584,"hostname":"TS-SURAGRA","to":["jadcve@gmail.com"],"cc":["aracelli@suragra.com","marcoantonio@suragra.com","cinthia@suragra.com","jadcve@gmail.com","tesoreria@suragra.com"],"subject":"Resumen Neto Vencido SURAGRA","id":"0101019ce6a83e78-8f03c3cb-35c8-4a4b-a2e7-bba5fe7d1d70-000000","msg":"📎 Correo con logo inline enviado por SES"}
{"level":30,"time":1773396327818,"pid":508584,"hostname":"TS-SURAGRA","to":["jadcve@gmail.com"],"codIdtSap":"C77023139","msg":"Enviando NETO"}
{"level":30,"time":1773396328119,"pid":508584,"hostname":"TS-SURAGRA","to":["jadcve@gmail.com"],"cc":["aracelli@suragra.com","marcoantonio@suragra.com","cinthia@suragra.com","jadcve@gmail.com","tesoreria@suragra.com"],"subject":"Resumen Neto Vencido SURAGRA","id":"0101019ce6a8816f-2edde038-6366-4ffd-8452-6dd92448e087-000000","msg":"📎 Correo con logo inline enviado por SES"}
{"level":30,"time":1773396344558,"pid":508584,"hostname":"TS-SURAGRA","to":["jadcve@gmail.com"],"codIdtSap":"C76979390","msg":"Enviando NETO"}
{"level":30,"time":1773396344823,"pid":508584,"hostname":"TS-SURAGRA","to":["jadcve@gmail.com"],"cc":["aracelli@suragra.com","marcoantonio@suragra.com","cinthia@suragra.com","jadcve@gmail.com","tesoreria@suragra.com"],"subject":"Resumen Neto Vencido SURAGRA","id":"0101019ce6a8c2cb-07b38f42-3da3-4b7a-b7d4-d96c6fe112a2-000000","msg":"📎 Correo con logo inline enviado por SES"}
{"level":30,"time":1773396361338,"pid":508584,"hostname":"TS-SURAGRA","to":["jadcve@gmail.com"],"codIdtSap":"C76885621","msg":"Enviando NETO"}
{"level":30,"time":1773396361644,"pid":508584,"hostname":"TS-SURAGRA","to":["jadcve@gmail.com"],"cc":["aracelli@suragra.com","marcoantonio@suragra.com","cinthia@suragra.com","jadcve@gmail.com","tesoreria@suragra.com"],"subject":"Resumen Neto Vencido SURAGRA","id":"0101019ce6a90464-c4ca21a7-56ce-4a10-8e2c-25c34a0ad038-000000","msg":"📎 Correo con logo inline enviado por SES"}
{"level":30,"time":1773396378098,"pid":508584,"hostname":"TS-SURAGRA","to":["jadcve@gmail.com"],"codIdtSap":"C76304361","msg":"Enviando NETO"}
{"level":30,"time":1773396378416,"pid":508584,"hostname":"TS-SURAGRA","to":["jadcve@gmail.com"],"cc":["aracelli@suragra.com","marcoantonio@suragra.com","cinthia@suragra.com","jadcve@gmail.com","tesoreria@suragra.com"],"subject":"Resumen Neto Vencido SURAGRA","id":"0101019ce6a945d8-4434b422-96d1-4ef4-a0ae-19e72041549b-000000","msg":"📎 Correo con logo inline enviado por SES"}
{"level":30,"time":1773396394851,"pid":508584,"hostname":"TS-SURAGRA","to":["jadcve@gmail.com"],"codIdtSap":"C96609410","msg":"Enviando NETO"}
{"level":30,"time":1773396395164,"pid":508584,"hostname":"TS-SURAGRA","to":["jadcve@gmail.com"],"cc":["aracelli@suragra.com","marcoantonio@suragra.com","cinthia@suragra.com","jadcve@gmail.com","tesoreria@suragra.com"],"subject":"Resumen Neto Vencido SURAGRA","id":"0101019ce6a98750-cca68ec2-beb8-4307-895e-d7e28726f562-000000","msg":"📎 Correo con logo inline enviado por SES"}
{"level":30,"time":1773396421637,"pid":508584,"hostname":"TS-SURAGRA","to":["jadcve@gmail.com"],"codIdtSap":"C76081733","msg":"Enviando NETO"}
{"level":30,"time":1773396421967,"pid":508584,"hostname":"TS-SURAGRA","to":["jadcve@gmail.com"],"cc":["aracelli@suragra.com","marcoantonio@suragra.com","cinthia@suragra.com","jadcve@gmail.com","tesoreria@suragra.com"],"subject":"Resumen Neto Vencido SURAGRA","id":"0101019ce6a9eff0-5f48745d-b686-4b2f-9ae6-db42a84cd4ac-000000","msg":"📎 Correo con logo inline enviado por SES"}
{"level":30,"time":1773396439470,"pid":508584,"hostname":"TS-SURAGRA","to":["jadcve@gmail.com"],"codIdtSap":"C99578700","msg":"Enviando NETO"}
{"level":30,"time":1773396439756,"pid":508584,"hostname":"TS-SURAGRA","to":["jadcve@gmail.com"],"cc":["aracelli@suragra.com","marcoantonio@suragra.com","cinthia@suragra.com","jadcve@gmail.com","tesoreria@suragra.com"],"subject":"Resumen Neto Vencido SURAGRA","id":"0101019ce6aa3594-c46ba3a3-0a69-4871-8f18-430a0687cc72-000000","msg":"📎 Correo con logo inline enviado por SES"}
{"level":30,"time":1773396457023,"pid":508584,"hostname":"TS-SURAGRA","to":["jadcve@gmail.com"],"codIdtSap":"C76036883","msg":"Enviando NETO"}
{"level":30,"time":1773396457380,"pid":508584,"hostname":"TS-SURAGRA","to":["jadcve@gmail.com"],"cc":["aracelli@suragra.com","marcoantonio@suragra.com","cinthia@suragra.com","jadcve@gmail.com","tesoreria@suragra.com"],"subject":"Resumen Neto Vencido SURAGRA","id":"0101019ce6aa7a2a-0009d551-e407-4d08-80ef-937189855e3f-000000","msg":"📎 Correo con logo inline enviado por SES"}
{"level":30,"time":1773396474915,"pid":508584,"hostname":"TS-SURAGRA","to":["jadcve@gmail.com"],"codIdtSap":"C76109640","msg":"Enviando NETO"}
{"level":30,"time":1773396475204,"pid":508584,"hostname":"TS-SURAGRA","to":["jadcve@gmail.com"],"cc":["aracelli@suragra.com","marcoantonio@suragra.com","cinthia@suragra.com","jadcve@gmail.com","tesoreria@suragra.com"],"subject":"Resumen Neto Vencido SURAGRA","id":"0101019ce6aac00a-809f1ded-4eef-42d1-91c0-f5693b1ffec4-000000","msg":"📎 Correo con logo inline enviado por SES"}
{"level":30,"time":1773396491794,"pid":508584,"hostname":"TS-SURAGRA","to":["jadcve@gmail.com"],"codIdtSap":"C76970321","msg":"Enviando NETO"}
{"level":30,"time":1773396492099,"pid":508584,"hostname":"TS-SURAGRA","to":["jadcve@gmail.com"],"cc":["aracelli@suragra.com","marcoantonio@suragra.com","cinthia@suragra.com","jadcve@gmail.com","tesoreria@suragra.com"],"subject":"Resumen Neto Vencido SURAGRA","id":"0101019ce6ab01fd-a066df0f-7140-4d8f-be18-f69c118440a8-000000","msg":"📎 Correo con logo inline enviado por SES"}
{"level":30,"time":1773396508662,"pid":508584,"hostname":"TS-SURAGRA","to":["jadcve@gmail.com"],"codIdtSap":"C86381300","msg":"Enviando NETO"}
{"level":30,"time":1773396508958,"pid":508584,"hostname":"TS-SURAGRA","to":["jadcve@gmail.com"],"cc":["aracelli@suragra.com","marcoantonio@suragra.com","cinthia@suragra.com","jadcve@gmail.com","tesoreria@suragra.com"],"subject":"Resumen Neto Vencido SURAGRA","id":"0101019ce6ab43dc-669d5841-a6f8-4a4d-8502-d8e3a68837b5-000000","msg":"📎 Correo con logo inline enviado por SES"}
{"level":30,"time":1773396525570,"pid":508584,"hostname":"TS-SURAGRA","to":["jadcve@gmail.com"],"codIdtSap":"C96867620","msg":"Enviando NETO"}
{"level":30,"time":1773396525859,"pid":508584,"hostname":"TS-SURAGRA","to":["jadcve@gmail.com"],"cc":["aracelli@suragra.com","marcoantonio@suragra.com","cinthia@suragra.com","jadcve@gmail.com","tesoreria@suragra.com"],"subject":"Resumen Neto Vencido SURAGRA","id":"0101019ce6ab85e8-12d5b077-cdf9-454c-9c36-f13115e7cfb0-000000","msg":"📎 Correo con logo inline enviado por SES"}
{"level":30,"time":1773396542370,"pid":508584,"hostname":"TS-SURAGRA","to":["jadcve@gmail.com"],"codIdtSap":"C76738610","msg":"Enviando NETO"}
{"level":30,"time":1773396542675,"pid":508584,"hostname":"TS-SURAGRA","to":["jadcve@gmail.com"],"cc":["aracelli@suragra.com","marcoantonio@suragra.com","cinthia@suragra.com","jadcve@gmail.com","tesoreria@suragra.com"],"subject":"Resumen Neto Vencido SURAGRA","id":"0101019ce6abc782-a9bc936c-3aa6-4667-9d37-8f8f794f328e-000000","msg":"📎 Correo con logo inline enviado por SES"}
{"level":30,"time":1773396559200,"pid":508584,"hostname":"TS-SURAGRA","to":["jadcve@gmail.com"],"codIdtSap":"C76011359","msg":"Enviando NETO"}
{"level":30,"time":1773396559497,"pid":508584,"hostname":"TS-SURAGRA","to":["jadcve@gmail.com"],"cc":["aracelli@suragra.com","marcoantonio@suragra.com","cinthia@suragra.com","jadcve@gmail.com","tesoreria@suragra.com"],"subject":"Resumen Neto Vencido SURAGRA","id":"0101019ce6ac094c-3bd62f4a-1fda-47ec-83fa-90e754d5e5e2-000000","msg":"📎 Correo con logo inline enviado por SES"}
{"level":30,"time":1773396575898,"pid":508584,"hostname":"TS-SURAGRA","to":["jadcve@gmail.com"],"codIdtSap":"C76181799","msg":"Enviando NETO"}
{"level":30,"time":1773396576187,"pid":508584,"hostname":"TS-SURAGRA","to":["jadcve@gmail.com"],"cc":["aracelli@suragra.com","marcoantonio@suragra.com","cinthia@suragra.com","jadcve@gmail.com","tesoreria@suragra.com"],"subject":"Resumen Neto Vencido SURAGRA","id":"0101019ce6ac4a83-06aecded-66d5-49ad-8b55-4f208a1e6b20-000000","msg":"📎 Correo con logo inline enviado por SES"}
{"level":30,"time":1773396592666,"pid":508584,"hostname":"TS-SURAGRA","to":["jadcve@gmail.com"],"codIdtSap":"C78557210","msg":"Enviando NETO"}
{"level":30,"time":1773396592933,"pid":508584,"hostname":"TS-SURAGRA","to":["jadcve@gmail.com"],"cc":["aracelli@suragra.com","marcoantonio@suragra.com","cinthia@suragra.com","jadcve@gmail.com","tesoreria@suragra.com"],"subject":"Resumen Neto Vencido SURAGRA","id":"0101019ce6ac8bfb-55736485-5cb2-41f1-9153-83a69c2ea077-000000","msg":"📎 Correo con logo inline enviado por SES"}
{"level":30,"time":1773396609914,"pid":508584,"hostname":"TS-SURAGRA","to":["jadcve@gmail.com"],"codIdtSap":"C77835130","msg":"Enviando NETO"}
{"level":30,"time":1773396610255,"pid":508584,"hostname":"TS-SURAGRA","to":["jadcve@gmail.com"],"cc":["aracelli@suragra.com","marcoantonio@suragra.com","cinthia@suragra.com","jadcve@gmail.com","tesoreria@suragra.com"],"subject":"Resumen Neto Vencido SURAGRA","id":"0101019ce6accf5a-b9256356-e353-4694-bef7-e1685ead33e2-000000","msg":"📎 Correo con logo inline enviado por SES"}
{"level":30,"time":1773396626818,"pid":508584,"hostname":"TS-SURAGRA","to":["jadcve@gmail.com"],"codIdtSap":"C761625829","msg":"Enviando NETO"}
{"level":30,"time":1773396627104,"pid":508584,"hostname":"TS-SURAGRA","to":["jadcve@gmail.com"],"cc":["aracelli@suragra.com","marcoantonio@suragra.com","cinthia@suragra.com","jadcve@gmail.com","tesoreria@suragra.com"],"subject":"Resumen Neto Vencido SURAGRA","id":"0101019ce6ad1167-618c106f-26a3-4cc0-92c2-79993074076d-000000","msg":"📎 Correo con logo inline enviado por SES"}
{"level":50,"time":1773396627111,"pid":508584,"hostname":"TS-SURAGRA","job":"NETO","err":"Cannot read properties of undefined (reading 'to')","msg":"job failed"}
{"level":50,"time":1773456900708,"pid":508584,"hostname":"TS-SURAGRA","job":"HEARTBEAT","err":"sendEmail: lista \"to\" vacía o inválida","msg":"Heartbeat failed"}
{"level":50,"time":1773543300673,"pid":508584,"hostname":"TS-SURAGRA","job":"HEARTBEAT","err":"sendEmail: lista \"to\" vacía o inválida","msg":"Heartbeat failed"}
{"level":30,"time":1773572400906,"pid":508584,"hostname":"TS-SURAGRA","subject":"Resumen IVA Vencido","msg":"Template IMOR cargado"}
{"level":30,"time":1773572637885,"pid":508584,"hostname":"TS-SURAGRA","to":["jadcve@gmail.com"],"codIdtSap":"C96771340","msg":"Enviando IMOR"}
{"level":30,"time":1773572638641,"pid":508584,"hostname":"TS-SURAGRA","to":["jadcve@gmail.com"],"cc":["aracelli@suragra.com","marcoantonio@suragra.com","cinthia@suragra.com","jadcve@gmail.com","tesoreria@suragra.com"],"subject":"Resumen IVA Vencido SURAGRA","id":"0101019cf12aca62-ad54458d-bc56-4d32-b69a-f92af947ece8-000000","msg":"✉️ Correo enviado por SES"}
{"level":30,"time":1773572652888,"pid":508584,"hostname":"TS-SURAGRA","to":["jadcve@gmail.com"],"codIdtSap":"C96677410","msg":"Enviando IMOR"}
{"level":30,"time":1773572653188,"pid":508584,"hostname":"TS-SURAGRA","to":["jadcve@gmail.com"],"cc":["aracelli@suragra.com","marcoantonio@suragra.com","cinthia@suragra.com","jadcve@gmail.com","tesoreria@suragra.com"],"subject":"Resumen IVA Vencido SURAGRA","id":"0101019cf12b033c-f2849006-554f-4076-911e-877c25381930-000000","msg":"✉️ Correo enviado por SES"}
{"level":30,"time":1773572687628,"pid":508584,"hostname":"TS-SURAGRA","to":["jadcve@gmail.com"],"codIdtSap":"C76180781","msg":"Enviando IMOR"}
{"level":30,"time":1773572687920,"pid":508584,"hostname":"TS-SURAGRA","to":["jadcve@gmail.com"],"cc":["aracelli@suragra.com","marcoantonio@suragra.com","cinthia@suragra.com","jadcve@gmail.com","tesoreria@suragra.com"],"subject":"Resumen IVA Vencido SURAGRA","id":"0101019cf12b8aee-b75ada4c-be36-4fb1-b1cc-b60d03915cb3-000000","msg":"✉️ Correo enviado por SES"}
{"level":30,"time":1773572731295,"pid":508584,"hostname":"TS-SURAGRA","to":["jadcve@gmail.com"],"codIdtSap":"C93329000","msg":"Enviando IMOR"}
{"level":30,"time":1773572731573,"pid":508584,"hostname":"TS-SURAGRA","to":["jadcve@gmail.com"],"cc":["aracelli@suragra.com","marcoantonio@suragra.com","cinthia@suragra.com","jadcve@gmail.com","tesoreria@suragra.com"],"subject":"Resumen IVA Vencido SURAGRA","id":"0101019cf12c357f-b6c3e423-93e8-4391-9e33-8f746a142096-000000","msg":"✉️ Correo enviado por SES"}
{"level":30,"time":1773572749554,"pid":508584,"hostname":"TS-SURAGRA","to":["jadcve@gmail.com"],"codIdtSap":"C76181799","msg":"Enviando IMOR"}
{"level":30,"time":1773572749850,"pid":508584,"hostname":"TS-SURAGRA","to":["jadcve@gmail.com"],"cc":["aracelli@suragra.com","marcoantonio@suragra.com","cinthia@suragra.com","jadcve@gmail.com","tesoreria@suragra.com"],"subject":"Resumen IVA Vencido SURAGRA","id":"0101019cf12c7cd0-9270bca2-898d-4123-8929-cf79323911ce-000000","msg":"✉️ Correo enviado por SES"}
{"level":30,"time":1773572808896,"pid":508584,"hostname":"TS-SURAGRA","to":["jadcve@gmail.com"],"codIdtSap":"C77772750","msg":"Enviando IMOR"}
{"level":30,"time":1773572809175,"pid":508584,"hostname":"TS-SURAGRA","to":["jadcve@gmail.com"],"cc":["aracelli@suragra.com","marcoantonio@suragra.com","cinthia@suragra.com","jadcve@gmail.com","tesoreria@suragra.com"],"subject":"Resumen IVA Vencido SURAGRA","id":"0101019cf12d64a0-a3bc3061-484c-4741-bfa8-1935d17f3167-000000","msg":"✉️ Correo enviado por SES"}
{"level":30,"time":1773572827279,"pid":508584,"hostname":"TS-SURAGRA","to":["jadcve@gmail.com"],"codIdtSap":"C76154796","msg":"Enviando IMOR"}
{"level":30,"time":1773572827570,"pid":508584,"hostname":"TS-SURAGRA","to":["jadcve@gmail.com"],"cc":["aracelli@suragra.com","marcoantonio@suragra.com","cinthia@suragra.com","jadcve@gmail.com","tesoreria@suragra.com"],"subject":"Resumen IVA Vencido SURAGRA","id":"0101019cf12dac71-b33e51a1-0019-4844-a1d5-5902e974eb4f-000000","msg":"✉️ Correo enviado por SES"}
{"level":30,"time":1773572841540,"pid":508584,"hostname":"TS-SURAGRA","to":["jadcve@gmail.com"],"codIdtSap":"C99510450","msg":"Enviando IMOR"}
{"level":30,"time":1773572841812,"pid":508584,"hostname":"TS-SURAGRA","to":["jadcve@gmail.com"],"cc":["aracelli@suragra.com","marcoantonio@suragra.com","cinthia@suragra.com","jadcve@gmail.com","tesoreria@suragra.com"],"subject":"Resumen IVA Vencido SURAGRA","id":"0101019cf12de41f-c2f9859e-956f-4a19-aa27-1fe9f442a190-000000","msg":"✉️ Correo enviado por SES"}
{"level":30,"time":1773572888124,"pid":508584,"hostname":"TS-SURAGRA","to":["jadcve@gmail.com"],"codIdtSap":"C78557210","msg":"Enviando IMOR"}
{"level":30,"time":1773572888412,"pid":508584,"hostname":"TS-SURAGRA","to":["jadcve@gmail.com"],"cc":["aracelli@suragra.com","marcoantonio@suragra.com","cinthia@suragra.com","jadcve@gmail.com","tesoreria@suragra.com"],"subject":"Resumen IVA Vencido SURAGRA","id":"0101019cf12e9a24-d247c72e-7ec7-45f3-8ed1-bf49a6430d35-000000","msg":"✉️ Correo enviado por SES"}
{"level":30,"time":1773572906907,"pid":508584,"hostname":"TS-SURAGRA","to":["jadcve@gmail.com"],"codIdtSap":"C76411436","msg":"Enviando IMOR"}
{"level":30,"time":1773572907142,"pid":508584,"hostname":"TS-SURAGRA","to":["jadcve@gmail.com"],"cc":["aracelli@suragra.com","marcoantonio@suragra.com","cinthia@suragra.com","jadcve@gmail.com","tesoreria@suragra.com"],"subject":"Resumen IVA Vencido SURAGRA","id":"0101019cf12ee360-d1c3abb7-d3d7-4d7c-8d9c-9a1958c8f4ca-000000","msg":"✉️ Correo enviado por SES"}
{"level":30,"time":1773572925502,"pid":508584,"hostname":"TS-SURAGRA","to":["jadcve@gmail.com"],"codIdtSap":"C76076784","msg":"Enviando IMOR"}
{"level":30,"time":1773572925778,"pid":508584,"hostname":"TS-SURAGRA","to":["jadcve@gmail.com"],"cc":["aracelli@suragra.com","marcoantonio@suragra.com","cinthia@suragra.com","jadcve@gmail.com","tesoreria@suragra.com"],"subject":"Resumen IVA Vencido SURAGRA","id":"0101019cf12f2c1e-c94c16a8-8b41-411c-bb7f-e5720fa0bb56-000000","msg":"✉️ Correo enviado por SES"}
{"level":30,"time":1773572944187,"pid":508584,"hostname":"TS-SURAGRA","to":["jadcve@gmail.com"],"codIdtSap":"C76592089","msg":"Enviando IMOR"}
{"level":30,"time":1773572944472,"pid":508584,"hostname":"TS-SURAGRA","to":["jadcve@gmail.com"],"cc":["aracelli@suragra.com","marcoantonio@suragra.com","cinthia@suragra.com","jadcve@gmail.com","tesoreria@suragra.com"],"subject":"Resumen IVA Vencido SURAGRA","id":"0101019cf12f7518-c5864a61-87ee-4eb5-a021-3f399b9ce65f-000000","msg":"✉️ Correo enviado por SES"}
{"level":30,"time":1773572962632,"pid":508584,"hostname":"TS-SURAGRA","to":["jadcve@gmail.com"],"codIdtSap":"c76797699","msg":"Enviando IMOR"}
{"level":30,"time":1773572962926,"pid":508584,"hostname":"TS-SURAGRA","to":["jadcve@gmail.com"],"cc":["aracelli@suragra.com","marcoantonio@suragra.com","cinthia@suragra.com","jadcve@gmail.com","tesoreria@suragra.com"],"subject":"Resumen IVA Vencido SURAGRA","id":"0101019cf12fbd2b-9d4c0db0-4c1c-42cb-8ef4-e4bd6ac49cef-000000","msg":"✉️ Correo enviado por SES"}
{"level":30,"time":1773572997448,"pid":508584,"hostname":"TS-SURAGRA","to":["jadcve@gmail.com"],"codIdtSap":"C78101430","msg":"Enviando IMOR"}
{"level":30,"time":1773572997728,"pid":508584,"hostname":"TS-SURAGRA","to":["jadcve@gmail.com"],"cc":["aracelli@suragra.com","marcoantonio@suragra.com","cinthia@suragra.com","jadcve@gmail.com","tesoreria@suragra.com"],"subject":"Resumen IVA Vencido SURAGRA","id":"0101019cf1304526-528f1158-3b3f-4e62-ab7e-c80e3b03e303-000000","msg":"✉️ Correo enviado por SES"}
{"level":30,"time":1773573012434,"pid":508584,"hostname":"TS-SURAGRA","to":["jadcve@gmail.com"],"codIdtSap":"C76453978","msg":"Enviando IMOR"}
{"level":30,"time":1773573012724,"pid":508584,"hostname":"TS-SURAGRA","to":["jadcve@gmail.com"],"cc":["aracelli@suragra.com","marcoantonio@suragra.com","cinthia@suragra.com","jadcve@gmail.com","tesoreria@suragra.com"],"subject":"Resumen IVA Vencido SURAGRA","id":"0101019cf1307fb2-3f800859-09a7-4d3c-b34c-44b08a486a88-000000","msg":"✉️ Correo enviado por SES"}
{"level":30,"time":1773573039402,"pid":508584,"hostname":"TS-SURAGRA","to":["jadcve@gmail.com"],"codIdtSap":"C76143653","msg":"Enviando IMOR"}
{"level":30,"time":1773573039673,"pid":508584,"hostname":"TS-SURAGRA","to":["jadcve@gmail.com"],"cc":["aracelli@suragra.com","marcoantonio@suragra.com","cinthia@suragra.com","jadcve@gmail.com","tesoreria@suragra.com"],"subject":"Resumen IVA Vencido SURAGRA","id":"0101019cf130e907-87f86e5f-d8d6-4355-9e39-f187e5d2d379-000000","msg":"✉️ Correo enviado por SES"}
{"level":30,"time":1773573061904,"pid":508584,"hostname":"TS-SURAGRA","to":["jadcve@gmail.com"],"codIdtSap":"C77280637","msg":"Enviando IMOR"}
{"level":30,"time":1773573062188,"pid":508584,"hostname":"TS-SURAGRA","to":["jadcve@gmail.com"],"cc":["aracelli@suragra.com","marcoantonio@suragra.com","cinthia@suragra.com","jadcve@gmail.com","tesoreria@suragra.com"],"subject":"Resumen IVA Vencido SURAGRA","id":"0101019cf13140ee-f06a16cf-75c3-42be-9fea-6a97e7680dee-000000","msg":"✉️ Correo enviado por SES"}
{"level":30,"time":1773573080270,"pid":508584,"hostname":"TS-SURAGRA","to":["jadcve@gmail.com"],"codIdtSap":"C77149620","msg":"Enviando IMOR"}
{"level":30,"time":1773573080548,"pid":508584,"hostname":"TS-SURAGRA","to":["jadcve@gmail.com"],"cc":["aracelli@suragra.com","marcoantonio@suragra.com","cinthia@suragra.com","jadcve@gmail.com","tesoreria@suragra.com"],"subject":"Resumen IVA Vencido SURAGRA","id":"0101019cf13188ac-83be0712-36fa-4402-8f2d-2665b071c0c3-000000","msg":"✉️ Correo enviado por SES"}
{"level":30,"time":1773573122862,"pid":508584,"hostname":"TS-SURAGRA","to":["jadcve@gmail.com"],"codIdtSap":"C79660760","msg":"Enviando IMOR"}
{"level":30,"time":1773573123197,"pid":508584,"hostname":"TS-SURAGRA","to":["jadcve@gmail.com"],"cc":["aracelli@suragra.com","marcoantonio@suragra.com","cinthia@suragra.com","jadcve@gmail.com","tesoreria@suragra.com"],"subject":"Resumen IVA Vencido SURAGRA","id":"0101019cf1322f0d-161883c0-f62c-48e8-8324-08fa68e271e7-000000","msg":"✉️ Correo enviado por SES"}
{"level":30,"time":1773573137330,"pid":508584,"hostname":"TS-SURAGRA","to":["jadcve@gmail.com"],"codIdtSap":"C77618380","msg":"Enviando IMOR"}
{"level":30,"time":1773573137612,"pid":508584,"hostname":"TS-SURAGRA","to":["jadcve@gmail.com"],"cc":["aracelli@suragra.com","marcoantonio@suragra.com","cinthia@suragra.com","jadcve@gmail.com","tesoreria@suragra.com"],"subject":"Resumen IVA Vencido SURAGRA","id":"0101019cf132678f-bad449bd-753a-4f7f-9eeb-6058327f3f6f-000000","msg":"✉️ Correo enviado por SES"}
{"level":30,"time":1773573151849,"pid":508584,"hostname":"TS-SURAGRA","to":["jadcve@gmail.com"],"codIdtSap":"C77835130","msg":"Enviando IMOR"}
{"level":30,"time":1773573152141,"pid":508584,"hostname":"TS-SURAGRA","to":["jadcve@gmail.com"],"cc":["aracelli@suragra.com","marcoantonio@suragra.com","cinthia@suragra.com","jadcve@gmail.com","tesoreria@suragra.com"],"subject":"Resumen IVA Vencido SURAGRA","id":"0101019cf132a04a-1a768152-6d64-4f07-a93c-77cf668d74ef-000000","msg":"✉️ Correo enviado por SES"}
{"level":30,"time":1773573170137,"pid":508584,"hostname":"TS-SURAGRA","to":["jadcve@gmail.com"],"codIdtSap":"C96717910","msg":"Enviando IMOR"}
{"level":30,"time":1773573170416,"pid":508584,"hostname":"TS-SURAGRA","to":["jadcve@gmail.com"],"cc":["aracelli@suragra.com","marcoantonio@suragra.com","cinthia@suragra.com","jadcve@gmail.com","tesoreria@suragra.com"],"subject":"Resumen IVA Vencido SURAGRA","id":"0101019cf132e7b2-06775971-0642-47be-9679-0ebd5ad323d1-000000","msg":"✉️ Correo enviado por SES"}
{"level":30,"time":1773573204728,"pid":508584,"hostname":"TS-SURAGRA","to":["jadcve@gmail.com"],"codIdtSap":"C99504220","msg":"Enviando IMOR"}
{"level":30,"time":1773573204982,"pid":508584,"hostname":"TS-SURAGRA","to":["jadcve@gmail.com"],"cc":["aracelli@suragra.com","marcoantonio@suragra.com","cinthia@suragra.com","jadcve@gmail.com","tesoreria@suragra.com"],"subject":"Resumen IVA Vencido SURAGRA","id":"0101019cf1336ec2-6e279361-2de0-49b0-a825-47237dda5e2d-000000","msg":"✉️ Correo enviado por SES"}
{"level":30,"time":1773573219125,"pid":508584,"hostname":"TS-SURAGRA","to":["jadcve@gmail.com"],"codIdtSap":"C76625630-9","msg":"Enviando IMOR"}
{"level":30,"time":1773573219412,"pid":508584,"hostname":"TS-SURAGRA","to":["jadcve@gmail.com"],"cc":["aracelli@suragra.com","marcoantonio@suragra.com","cinthia@suragra.com","jadcve@gmail.com","tesoreria@suragra.com"],"subject":"Resumen IVA Vencido SURAGRA","id":"0101019cf133a717-df4e1c6f-2192-413d-aaba-29c3152bcc9a-000000","msg":"✉️ Correo enviado por SES"}
{"level":30,"time":1773573249775,"pid":508584,"hostname":"TS-SURAGRA","to":["jadcve@gmail.com"],"codIdtSap":"C77076859","msg":"Enviando IMOR"}
{"level":30,"time":1773573250052,"pid":508584,"hostname":"TS-SURAGRA","to":["jadcve@gmail.com"],"cc":["aracelli@suragra.com","marcoantonio@suragra.com","cinthia@suragra.com","jadcve@gmail.com","tesoreria@suragra.com"],"subject":"Resumen IVA Vencido SURAGRA","id":"0101019cf1341ecd-36b0aeca-2051-44ad-ad98-57094e51d7a8-000000","msg":"✉️ Correo enviado por SES"}
{"level":30,"time":1773573296839,"pid":508584,"hostname":"TS-SURAGRA","to":["jadcve@gmail.com"],"codIdtSap":"C76446121","msg":"Enviando IMOR"}
{"level":30,"time":1773573297094,"pid":508584,"hostname":"TS-SURAGRA","to":["jadcve@gmail.com"],"cc":["aracelli@suragra.com","marcoantonio@suragra.com","cinthia@suragra.com","jadcve@gmail.com","tesoreria@suragra.com"],"subject":"Resumen IVA Vencido SURAGRA","id":"0101019cf134d692-7b596fe4-3c1c-4329-afca-f88c95c06bea-000000","msg":"✉️ Correo enviado por SES"}
{"level":30,"time":1773573315657,"pid":508584,"hostname":"TS-SURAGRA","to":["jadcve@gmail.com"],"codIdtSap":"C76904417","msg":"Enviando IMOR"}
{"level":30,"time":1773573315942,"pid":508584,"hostname":"TS-SURAGRA","to":["jadcve@gmail.com"],"cc":["aracelli@suragra.com","marcoantonio@suragra.com","cinthia@suragra.com","jadcve@gmail.com","tesoreria@suragra.com"],"subject":"Resumen IVA Vencido SURAGRA","id":"0101019cf1352025-4159cefb-8a16-45b0-ac56-a3d7e2698721-000000","msg":"✉️ Correo enviado por SES"}
{"level":30,"time":1773573334183,"pid":508584,"hostname":"TS-SURAGRA","to":["jadcve@gmail.com"],"codIdtSap":"C99546180","msg":"Enviando IMOR"}
{"level":30,"time":1773573334466,"pid":508584,"hostname":"TS-SURAGRA","to":["jadcve@gmail.com"],"cc":["aracelli@suragra.com","marcoantonio@suragra.com","cinthia@suragra.com","jadcve@gmail.com","tesoreria@suragra.com"],"subject":"Resumen IVA Vencido SURAGRA","id":"0101019cf1356884-e2698a77-8210-4e88-a9b3-57ab7e548222-000000","msg":"✉️ Correo enviado por SES"}
{"level":30,"time":1773573352483,"pid":508584,"hostname":"TS-SURAGRA","to":["jadcve@gmail.com"],"codIdtSap":"C78808520","msg":"Enviando IMOR"}
{"level":30,"time":1773573352744,"pid":508584,"hostname":"TS-SURAGRA","to":["jadcve@gmail.com"],"cc":["aracelli@suragra.com","marcoantonio@suragra.com","cinthia@suragra.com","jadcve@gmail.com","tesoreria@suragra.com"],"subject":"Resumen IVA Vencido SURAGRA","id":"0101019cf135afed-0758eff5-09c3-4a28-bbc7-8abdb194cdc5-000000","msg":"✉️ Correo enviado por SES"}
{"level":30,"time":1773573374884,"pid":508584,"hostname":"TS-SURAGRA","to":["jadcve@gmail.com"],"codIdtSap":"C76113439","msg":"Enviando IMOR"}
{"level":30,"time":1773573375222,"pid":508584,"hostname":"TS-SURAGRA","to":["jadcve@gmail.com"],"cc":["aracelli@suragra.com","marcoantonio@suragra.com","cinthia@suragra.com","jadcve@gmail.com","tesoreria@suragra.com"],"subject":"Resumen IVA Vencido SURAGRA","id":"0101019cf136077e-62a275b1-a58d-428b-b9f9-334bcc30a808-000000","msg":"✉️ Correo enviado por SES"}
{"level":30,"time":1773573401601,"pid":508584,"hostname":"TS-SURAGRA","to":["jadcve@gmail.com"],"codIdtSap":"C77341510","msg":"Enviando IMOR"}
{"level":30,"time":1773573401925,"pid":508584,"hostname":"TS-SURAGRA","to":["jadcve@gmail.com"],"cc":["aracelli@suragra.com","marcoantonio@suragra.com","cinthia@suragra.com","jadcve@gmail.com","tesoreria@suragra.com"],"subject":"Resumen IVA Vencido SURAGRA","id":"0101019cf1366fdf-6ba4ba14-fc90-440d-8df5-85cd0370336d-000000","msg":"✉️ Correo enviado por SES"}
{"level":30,"time":1773573415956,"pid":508584,"hostname":"TS-SURAGRA","to":["jadcve@gmail.com"],"codIdtSap":"C76171848","msg":"Enviando IMOR"}
{"level":30,"time":1773573416239,"pid":508584,"hostname":"TS-SURAGRA","to":["jadcve@gmail.com"],"cc":["aracelli@suragra.com","marcoantonio@suragra.com","cinthia@suragra.com","jadcve@gmail.com","tesoreria@suragra.com"],"subject":"Resumen IVA Vencido SURAGRA","id":"0101019cf136a7f2-679f0aa0-d428-4d90-ae17-705bc53ae55d-000000","msg":"✉️ Correo enviado por SES"}
{"level":30,"time":1773573430630,"pid":508584,"hostname":"TS-SURAGRA","to":["jadcve@gmail.com"],"codIdtSap":"C76522630","msg":"Enviando IMOR"}
{"level":30,"time":1773573430948,"pid":508584,"hostname":"TS-SURAGRA","to":["jadcve@gmail.com"],"cc":["aracelli@suragra.com","marcoantonio@suragra.com","cinthia@suragra.com","jadcve@gmail.com","tesoreria@suragra.com"],"subject":"Resumen IVA Vencido SURAGRA","id":"0101019cf136e142-b473ecee-43a9-4618-b642-625d90ed46b8-000000","msg":"✉️ Correo enviado por SES"}
{"level":30,"time":1773573448977,"pid":508584,"hostname":"TS-SURAGRA","to":["jadcve@gmail.com"],"codIdtSap":"C76970321","msg":"Enviando IMOR"}
{"level":30,"time":1773573449261,"pid":508584,"hostname":"TS-SURAGRA","to":["jadcve@gmail.com"],"cc":["aracelli@suragra.com","marcoantonio@suragra.com","cinthia@suragra.com","jadcve@gmail.com","tesoreria@suragra.com"],"subject":"Resumen IVA Vencido SURAGRA","id":"0101019cf13728ee-22b97dba-d607-40e5-b653-e6351e4f7cfd-000000","msg":"✉️ Correo enviado por SES"}
{"level":30,"time":1773573499549,"pid":508584,"hostname":"TS-SURAGRA","to":["jadcve@gmail.com"],"codIdtSap":"C76101146","msg":"Enviando IMOR"}
{"level":30,"time":1773573499816,"pid":508584,"hostname":"TS-SURAGRA","to":["jadcve@gmail.com"],"cc":["aracelli@suragra.com","marcoantonio@suragra.com","cinthia@suragra.com","jadcve@gmail.com","tesoreria@suragra.com"],"subject":"Resumen IVA Vencido SURAGRA","id":"0101019cf137ee66-39b0f38f-f4e7-442f-a502-438ed8137668-000000","msg":"✉️ Correo enviado por SES"}
{"level":30,"time":1773573513938,"pid":508584,"hostname":"TS-SURAGRA","to":["jadcve@gmail.com"],"codIdtSap":"C76439030","msg":"Enviando IMOR"}
{"level":30,"time":1773573514240,"pid":508584,"hostname":"TS-SURAGRA","to":["jadcve@gmail.com"],"cc":["aracelli@suragra.com","marcoantonio@suragra.com","cinthia@suragra.com","jadcve@gmail.com","tesoreria@suragra.com"],"subject":"Resumen IVA Vencido SURAGRA","id":"0101019cf13826ad-153bc21e-4861-4f23-a6a2-d2cfaad21298-000000","msg":"✉️ Correo enviado por SES"}
{"level":30,"time":1773573528228,"pid":508584,"hostname":"TS-SURAGRA","to":["jadcve@gmail.com"],"codIdtSap":"C76738610","msg":"Enviando IMOR"}
{"level":30,"time":1773573528537,"pid":508584,"hostname":"TS-SURAGRA","to":["jadcve@gmail.com"],"cc":["aracelli@suragra.com","marcoantonio@suragra.com","cinthia@suragra.com","jadcve@gmail.com","tesoreria@suragra.com"],"subject":"Resumen IVA Vencido SURAGRA","id":"0101019cf1385e83-d79745be-4c24-40dc-8a42-4447200785d8-000000","msg":"✉️ Correo enviado por SES"}
{"level":30,"time":1773573595278,"pid":508584,"hostname":"TS-SURAGRA","to":["jadcve@gmail.com"],"codIdtSap":"C76056132","msg":"Enviando IMOR"}
{"level":30,"time":1773573596136,"pid":508584,"hostname":"TS-SURAGRA","to":["jadcve@gmail.com"],"cc":["aracelli@suragra.com","marcoantonio@suragra.com","cinthia@suragra.com","jadcve@gmail.com","tesoreria@suragra.com"],"subject":"Resumen IVA Vencido SURAGRA","id":"0101019cf13966b4-9e37b511-11c4-4ce5-a55c-7eb0c9963531-000000","msg":"✉️ Correo enviado por SES"}
{"level":30,"time":1773573614889,"pid":508584,"hostname":"TS-SURAGRA","to":["jadcve@gmail.com"],"codIdtSap":"C96972530","msg":"Enviando IMOR"}
{"level":30,"time":1773573615202,"pid":508584,"hostname":"TS-SURAGRA","to":["jadcve@gmail.com"],"cc":["aracelli@suragra.com","marcoantonio@suragra.com","cinthia@suragra.com","jadcve@gmail.com","tesoreria@suragra.com"],"subject":"Resumen IVA Vencido SURAGRA","id":"0101019cf139b10d-9a8bfd97-3088-4317-b5ba-015748a66081-000000","msg":"✉️ Correo enviado por SES"}
{"level":30,"time":1773573641982,"pid":508584,"hostname":"TS-SURAGRA","to":["jadcve@gmail.com"],"codIdtSap":"C76073818","msg":"Enviando IMOR"}
{"level":30,"time":1773573642283,"pid":508584,"hostname":"TS-SURAGRA","to":["jadcve@gmail.com"],"cc":["aracelli@suragra.com","marcoantonio@suragra.com","cinthia@suragra.com","jadcve@gmail.com","tesoreria@suragra.com"],"subject":"Resumen IVA Vencido SURAGRA","id":"0101019cf13a1ad4-85775e70-06f3-4d62-98ed-3da4fed8a01c-000000","msg":"✉️ Correo enviado por SES"}
{"level":30,"time":1773573664343,"pid":508584,"hostname":"TS-SURAGRA","to":["jadcve@gmail.com"],"codIdtSap":"C77757654","msg":"Enviando IMOR"}
{"level":30,"time":1773573664615,"pid":508584,"hostname":"TS-SURAGRA","to":["jadcve@gmail.com"],"cc":["aracelli@suragra.com","marcoantonio@suragra.com","cinthia@suragra.com","jadcve@gmail.com","tesoreria@suragra.com"],"subject":"Resumen IVA Vencido SURAGRA","id":"0101019cf13a7235-084f3515-15df-411a-ad3e-c8623e684caf-000000","msg":"✉️ Correo enviado por SES"}
{"level":30,"time":1773573702939,"pid":508584,"hostname":"TS-SURAGRA","to":["jadcve@gmail.com"],"codIdtSap":"C96609410","msg":"Enviando IMOR"}
{"level":30,"time":1773573703226,"pid":508584,"hostname":"TS-SURAGRA","to":["jadcve@gmail.com"],"cc":["aracelli@suragra.com","marcoantonio@suragra.com","cinthia@suragra.com","jadcve@gmail.com","tesoreria@suragra.com"],"subject":"Resumen IVA Vencido SURAGRA","id":"0101019cf13b08fd-369da07a-56d7-4801-b0d9-46b36c14d5b4-000000","msg":"✉️ Correo enviado por SES"}
{"level":30,"time":1773573717303,"pid":508584,"hostname":"TS-SURAGRA","to":["jadcve@gmail.com"],"codIdtSap":"C76681878","msg":"Enviando IMOR"}
{"level":30,"time":1773573717603,"pid":508584,"hostname":"TS-SURAGRA","to":["jadcve@gmail.com"],"cc":["aracelli@suragra.com","marcoantonio@suragra.com","cinthia@suragra.com","jadcve@gmail.com","tesoreria@suragra.com"],"subject":"Resumen IVA Vencido SURAGRA","id":"0101019cf13b4118-9b0c6bd4-2252-4b10-900d-5ae397fdbd03-000000","msg":"✉️ Correo enviado por SES"}
{"level":30,"time":1773573735762,"pid":508584,"hostname":"TS-SURAGRA","to":["jadcve@gmail.com"],"codIdtSap":"C79759730","msg":"Enviando IMOR"}
{"level":30,"time":1773573736053,"pid":508584,"hostname":"TS-SURAGRA","to":["jadcve@gmail.com"],"cc":["aracelli@suragra.com","marcoantonio@suragra.com","cinthia@suragra.com","jadcve@gmail.com","tesoreria@suragra.com"],"subject":"Resumen IVA Vencido SURAGRA","id":"0101019cf13b8932-87511e67-2d90-4a62-8eca-1672fb41a85b-000000","msg":"✉️ Correo enviado por SES"}
{"level":30,"time":1773573766322,"pid":508584,"hostname":"TS-SURAGRA","to":["jadcve@gmail.com"],"codIdtSap":"C76633540","msg":"Enviando IMOR"}
{"level":30,"time":1773573766614,"pid":508584,"hostname":"TS-SURAGRA","to":["jadcve@gmail.com"],"cc":["aracelli@suragra.com","marcoantonio@suragra.com","cinthia@suragra.com","jadcve@gmail.com","tesoreria@suragra.com"],"subject":"Resumen IVA Vencido SURAGRA","id":"0101019cf13c0095-dfa6ea3f-fa09-4f87-b68c-4940c7fe9cfb-000000","msg":"✉️ Correo enviado por SES"}
{"level":30,"time":1773573796719,"pid":508584,"hostname":"TS-SURAGRA","to":["jadcve@gmail.com"],"codIdtSap":"C96525040","msg":"Enviando IMOR"}
{"level":30,"time":1773573796984,"pid":508584,"hostname":"TS-SURAGRA","to":["jadcve@gmail.com"],"cc":["aracelli@suragra.com","marcoantonio@suragra.com","cinthia@suragra.com","jadcve@gmail.com","tesoreria@suragra.com"],"subject":"Resumen IVA Vencido SURAGRA","id":"0101019cf13c774a-0b4c2235-2e56-4859-8541-012c79aaba49-000000","msg":"✉️ Correo enviado por SES"}
{"level":30,"time":1773573819035,"pid":508584,"hostname":"TS-SURAGRA","to":["jadcve@gmail.com"],"codIdtSap":"C96681790","msg":"Enviando IMOR"}
{"level":30,"time":1773573819315,"pid":508584,"hostname":"TS-SURAGRA","to":["jadcve@gmail.com"],"cc":["aracelli@suragra.com","marcoantonio@suragra.com","cinthia@suragra.com","jadcve@gmail.com","tesoreria@suragra.com"],"subject":"Resumen IVA Vencido SURAGRA","id":"0101019cf13cce7a-344095c2-7c6b-4a36-8055-cc1e5d3338ac-000000","msg":"✉️ Correo enviado por SES"}
{"level":30,"time":1773573841491,"pid":508584,"hostname":"TS-SURAGRA","to":["jadcve@gmail.com"],"codIdtSap":"C76918170","msg":"Enviando IMOR"}
{"level":30,"time":1773573841725,"pid":508584,"hostname":"TS-SURAGRA","to":["jadcve@gmail.com"],"cc":["aracelli@suragra.com","marcoantonio@suragra.com","cinthia@suragra.com","jadcve@gmail.com","tesoreria@suragra.com"],"subject":"Resumen IVA Vencido SURAGRA","id":"0101019cf13d2619-479cb97b-6b40-4dba-9518-bf33091f41e5-000000","msg":"✉️ Correo enviado por SES"}
{"level":30,"time":1773573863920,"pid":508584,"hostname":"TS-SURAGRA","to":["jadcve@gmail.com"],"codIdtSap":"C76979390","msg":"Enviando IMOR"}
{"level":30,"time":1773573864208,"pid":508584,"hostname":"TS-SURAGRA","to":["jadcve@gmail.com"],"cc":["aracelli@suragra.com","marcoantonio@suragra.com","cinthia@suragra.com","jadcve@gmail.com","tesoreria@suragra.com"],"subject":"Resumen IVA Vencido SURAGRA","id":"0101019cf13d7dba-a290a9de-3145-4f8b-b7ad-ca7ba6772c68-000000","msg":"✉️ Correo enviado por SES"}
{"level":30,"time":1773573878321,"pid":508584,"hostname":"TS-SURAGRA","to":["jadcve@gmail.com"],"codIdtSap":"C78029510","msg":"Enviando IMOR"}
{"level":30,"time":1773573878611,"pid":508584,"hostname":"TS-SURAGRA","to":["jadcve@gmail.com"],"cc":["aracelli@suragra.com","marcoantonio@suragra.com","cinthia@suragra.com","jadcve@gmail.com","tesoreria@suragra.com"],"subject":"Resumen IVA Vencido SURAGRA","id":"0101019cf13db611-0109b973-0b92-4d2b-aa64-b44d01a5ffe5-000000","msg":"✉️ Correo enviado por SES"}
{"level":30,"time":1773573892621,"pid":508584,"hostname":"TS-SURAGRA","to":["jadcve@gmail.com"],"codIdtSap":"C99551270","msg":"Enviando IMOR"}
{"level":30,"time":1773573892905,"pid":508584,"hostname":"TS-SURAGRA","to":["jadcve@gmail.com"],"cc":["aracelli@suragra.com","marcoantonio@suragra.com","cinthia@suragra.com","jadcve@gmail.com","tesoreria@suragra.com"],"subject":"Resumen IVA Vencido SURAGRA","id":"0101019cf13dedee-fcdca725-ef4a-4e15-afd2-0586267465be-000000","msg":"✉️ Correo enviado por SES"}
{"level":30,"time":1773573915516,"pid":508584,"hostname":"TS-SURAGRA","to":["jadcve@gmail.com"],"codIdtSap":"C6481839-2","msg":"Enviando IMOR"}
{"level":30,"time":1773573915798,"pid":508584,"hostname":"TS-SURAGRA","to":["jadcve@gmail.com"],"cc":["aracelli@suragra.com","marcoantonio@suragra.com","cinthia@suragra.com","jadcve@gmail.com","tesoreria@suragra.com"],"subject":"Resumen IVA Vencido SURAGRA","id":"0101019cf13e4759-c5dffa58-c463-465e-8543-999726e8c2a4-000000","msg":"✉️ Correo enviado por SES"}
{"level":30,"time":1773573929887,"pid":508584,"hostname":"TS-SURAGRA","to":["jadcve@gmail.com"],"codIdtSap":"C96492000","msg":"Enviando IMOR"}
{"level":30,"time":1773573930176,"pid":508584,"hostname":"TS-SURAGRA","to":["jadcve@gmail.com"],"cc":["aracelli@suragra.com","marcoantonio@suragra.com","cinthia@suragra.com","jadcve@gmail.com","tesoreria@suragra.com"],"subject":"Resumen IVA Vencido SURAGRA","id":"0101019cf13e7f81-4bc45f2e-b219-46ca-ba94-7e2e1d1e1b4b-000000","msg":"✉️ Correo enviado por SES"}
{"level":30,"time":1773573944141,"pid":508584,"hostname":"TS-SURAGRA","to":["jadcve@gmail.com"],"codIdtSap":"C76769209","msg":"Enviando IMOR"}
{"level":30,"time":1773573944428,"pid":508584,"hostname":"TS-SURAGRA","to":["jadcve@gmail.com"],"cc":["aracelli@suragra.com","marcoantonio@suragra.com","cinthia@suragra.com","jadcve@gmail.com","tesoreria@suragra.com"],"subject":"Resumen IVA Vencido SURAGRA","id":"0101019cf13eb730-4d6adc93-e1a0-43bd-a812-1eb6d37be767-000000","msg":"✉️ Correo enviado por SES"}
{"level":30,"time":1773574046867,"pid":508584,"hostname":"TS-SURAGRA","to":["jadcve@gmail.com"],"codIdtSap":"C76213723","msg":"Enviando IMOR"}
{"level":30,"time":1773574047755,"pid":508584,"hostname":"TS-SURAGRA","to":["jadcve@gmail.com"],"cc":["aracelli@suragra.com","marcoantonio@suragra.com","cinthia@suragra.com","jadcve@gmail.com","tesoreria@suragra.com"],"subject":"Resumen IVA Vencido SURAGRA","id":"0101019cf1404ace-bcf9c20a-60db-49e2-9a57-91eadc9d8e50-000000","msg":"✉️ Correo enviado por SES"}
{"level":30,"time":1773574061787,"pid":508584,"hostname":"TS-SURAGRA","to":["jadcve@gmail.com"],"codIdtSap":"C76044491","msg":"Enviando IMOR"}
{"level":30,"time":1773574062073,"pid":508584,"hostname":"TS-SURAGRA","to":["jadcve@gmail.com"],"cc":["aracelli@suragra.com","marcoantonio@suragra.com","cinthia@suragra.com","jadcve@gmail.com","tesoreria@suragra.com"],"subject":"Resumen IVA Vencido SURAGRA","id":"0101019cf14082b8-110a9df1-2306-45fd-8192-f1456ecc3ea2-000000","msg":"✉️ Correo enviado por SES"}
{"level":50,"time":1773574062075,"pid":508584,"hostname":"TS-SURAGRA","job":"IVA","err":"Cannot read properties of undefined (reading 'to')","msg":"job failed"}
{"level":50,"time":1773629700668,"pid":508584,"hostname":"TS-SURAGRA","job":"HEARTBEAT","err":"sendEmail: lista \"to\" vacía o inválida","msg":"Heartbeat failed"}
{"level":50,"time":1773716100839,"pid":508584,"hostname":"TS-SURAGRA","job":"HEARTBEAT","err":"sendEmail: lista \"to\" vacía o inválida","msg":"Heartbeat failed"}
{"level":50,"time":1773802500847,"pid":508584,"hostname":"TS-SURAGRA","job":"HEARTBEAT","err":"sendEmail: lista \"to\" vacía o inválida","msg":"Heartbeat failed"}
{"level":50,"time":1773888900778,"pid":508584,"hostname":"TS-SURAGRA","job":"HEARTBEAT","err":"sendEmail: lista \"to\" vacía o inválida","msg":"Heartbeat failed"}
{"level":50,"time":1773975300675,"pid":508584,"hostname":"TS-SURAGRA","job":"HEARTBEAT","err":"sendEmail: lista \"to\" vacía o inválida","msg":"Heartbeat failed"}
{"level":30,"time":1774000801794,"pid":508584,"hostname":"TS-SURAGRA","subject":"Resumen Neto Vencido","msg":"Template cargado"}
{"level":50,"time":1774000802143,"pid":508584,"hostname":"TS-SURAGRA","job":"NETO","err":"An error occurred while preparing the query \"SELECT * FROM \"SURAGRA\".\"OINV\"\" for execution against OLE DB provider \"MSDASQL\" for linked server \"HANA_SGR_LINK\". ","msg":"job failed"}
{"level":50,"time":1774061700716,"pid":508584,"hostname":"TS-SURAGRA","job":"HEARTBEAT","err":"sendEmail: lista \"to\" vacía o inválida","msg":"Heartbeat failed"}
{"level":50,"time":1774148100669,"pid":508584,"hostname":"TS-SURAGRA","job":"HEARTBEAT","err":"sendEmail: lista \"to\" vacía o inválida","msg":"Heartbeat failed"}
{"level":50,"time":1774234500668,"pid":508584,"hostname":"TS-SURAGRA","job":"HEARTBEAT","err":"sendEmail: lista \"to\" vacía o inválida","msg":"Heartbeat failed"}
{"level":50,"time":1774320901197,"pid":508584,"hostname":"TS-SURAGRA","job":"HEARTBEAT","err":"sendEmail: lista \"to\" vacía o inválida","msg":"Heartbeat failed"}
{"level":50,"time":1774407300787,"pid":508584,"hostname":"TS-SURAGRA","job":"HEARTBEAT","err":"sendEmail: lista \"to\" vacía o inválida","msg":"Heartbeat failed"}
{"level":30,"time":1774464548023,"pid":11260,"hostname":"TS-SURAGRA","altTest":1,"dryRun":false,"testRecipients":["jadcve@gmail.com"],"cc":["aracelli@suragra.com","marcoantonio@suragra.com","cinthia@suragra.com","jadcve@gmail.com","tesoreria@suragra.com"],"tz":"America/Santiago","msg":"Mailer mode loaded"}
Alarms up. TZ: America/Santiago
{"level":50,"time":1774493700124,"pid":11260,"hostname":"TS-SURAGRA","job":"HEARTBEAT","err":"sendEmail is not defined","msg":"Heartbeat failed"}
{"level":50,"time":1774580100670,"pid":11260,"hostname":"TS-SURAGRA","job":"HEARTBEAT","err":"sendEmail is not defined","msg":"Heartbeat failed"}
{"level":30,"time":1774605600437,"pid":11260,"hostname":"TS-SURAGRA","msg":"Inicializando conexión MSSQL..."}
{"level":30,"time":1774605600870,"pid":11260,"hostname":"TS-SURAGRA","subject":"Resumen Neto Vencido","msg":"Template cargado"}
{"level":50,"time":1774605601098,"pid":11260,"hostname":"TS-SURAGRA","job":"NETO","err":"An error occurred while preparing the query \"SELECT * FROM \"SURAGRA\".\"OINV\"\" for execution against OLE DB provider \"MSDASQL\" for linked server \"HANA_SGR_LINK\". ","msg":"job failed"}
{"level":50,"time":1774666500663,"pid":11260,"hostname":"TS-SURAGRA","job":"HEARTBEAT","err":"sendEmail is not defined","msg":"Heartbeat failed"}
{"level":50,"time":1774839300671,"pid":11260,"hostname":"TS-SURAGRA","job":"HEARTBEAT","err":"sendEmail is not defined","msg":"Heartbeat failed"}
{"level":50,"time":1774925700665,"pid":11260,"hostname":"TS-SURAGRA","job":"HEARTBEAT","err":"sendEmail is not defined","msg":"Heartbeat failed"}
{"level":50,"time":1775012100668,"pid":11260,"hostname":"TS-SURAGRA","job":"HEARTBEAT","err":"sendEmail is not defined","msg":"Heartbeat failed"}
{"level":50,"time":1775098500666,"pid":11260,"hostname":"TS-SURAGRA","job":"HEARTBEAT","err":"sendEmail is not defined","msg":"Heartbeat failed"}
{"level":50,"time":1775184900668,"pid":11260,"hostname":"TS-SURAGRA","job":"HEARTBEAT","err":"sendEmail is not defined","msg":"Heartbeat failed"}
{"level":30,"time":1775210400835,"pid":11260,"hostname":"TS-SURAGRA","subject":"Resumen Neto Vencido","msg":"Template cargado"}
{"level":50,"time":1775210400881,"pid":11260,"hostname":"TS-SURAGRA","job":"NETO","err":"An error occurred while preparing the query \"SELECT * FROM \"SURAGRA\".\"OINV\"\" for execution against OLE DB provider \"MSDASQL\" for linked server \"HANA_SGR_LINK\". ","msg":"job failed"}
{"level":50,"time":1775271300662,"pid":11260,"hostname":"TS-SURAGRA","job":"HEARTBEAT","err":"sendEmail is not defined","msg":"Heartbeat failed"}
{"level":30,"time":1775300400673,"pid":11260,"hostname":"TS-SURAGRA","subject":"Resumen de Facturacion","msg":"Template RFAC cargado"}
{"level":50,"time":1775300400723,"pid":11260,"hostname":"TS-SURAGRA","job":"RESUMEN","err":"An error occurred while preparing the query \"SELECT * FROM \"SURAGRA\".\"OINV\"\" for execution against OLE DB provider \"MSDASQL\" for linked server \"HANA_SGR_LINK\". ","msg":"job failed"}
{"level":50,"time":1775357700663,"pid":11260,"hostname":"TS-SURAGRA","job":"HEARTBEAT","err":"sendEmail is not defined","msg":"Heartbeat failed"}
{"level":50,"time":1775447700033,"pid":11260,"hostname":"TS-SURAGRA","job":"HEARTBEAT","err":"sendEmail is not defined","msg":"Heartbeat failed"}
{"level":50,"time":1775534100673,"pid":11260,"hostname":"TS-SURAGRA","job":"HEARTBEAT","err":"sendEmail is not defined","msg":"Heartbeat failed"}
{"level":50,"time":1775620500673,"pid":11260,"hostname":"TS-SURAGRA","job":"HEARTBEAT","err":"sendEmail is not defined","msg":"Heartbeat failed"}
{"level":50,"time":1775706900674,"pid":11260,"hostname":"TS-SURAGRA","job":"HEARTBEAT","err":"sendEmail is not defined","msg":"Heartbeat failed"}
{"level":50,"time":1775793300671,"pid":11260,"hostname":"TS-SURAGRA","job":"HEARTBEAT","err":"sendEmail is not defined","msg":"Heartbeat failed"}
{"level":30,"time":1775818800250,"pid":11260,"hostname":"TS-SURAGRA","subject":"Resumen Neto Vencido","msg":"Template cargado"}
{"level":30,"time":1775818833452,"pid":11260,"hostname":"TS-SURAGRA","to":["ADQUISICIONES@CRANA.CL","aracelli@suragra.com","marcoantonio@suragra.com","cinthia@suragra.com","jadcve@gmail.com","tesoreria@suragra.com"],"codIdtSap":"C79650240","msg":"Enviando NETO"}
{"level":30,"time":1775818834338,"pid":11260,"hostname":"TS-SURAGRA","to":["ADQUISICIONES@CRANA.CL","aracelli@suragra.com","marcoantonio@suragra.com","cinthia@suragra.com","jadcve@gmail.com","tesoreria@suragra.com"],"cc":["aracelli@suragra.com","marcoantonio@suragra.com","cinthia@suragra.com","jadcve@gmail.com","tesoreria@suragra.com"],"subject":"Resumen Neto Vencido SURAGRA","id":"0101019d770d02bb-bcf11429-6f40-4092-999b-00aa8e5115e5-000000","msg":"📎 Correo con logo inline enviado por SES"}
{"level":30,"time":1775818851394,"pid":11260,"hostname":"TS-SURAGRA","to":["bmaruri@llahuen.com","aracelli@suragra.com","marcoantonio@suragra.com","cinthia@suragra.com","jadcve@gmail.com","tesoreria@suragra.com"],"codIdtSap":"C78295150","msg":"Enviando NETO"}
{"level":30,"time":1775818851691,"pid":11260,"hostname":"TS-SURAGRA","to":["bmaruri@llahuen.com","aracelli@suragra.com","marcoantonio@suragra.com","cinthia@suragra.com","jadcve@gmail.com","tesoreria@suragra.com"],"cc":["aracelli@suragra.com","marcoantonio@suragra.com","cinthia@suragra.com","jadcve@gmail.com","tesoreria@suragra.com"],"subject":"Resumen Neto Vencido SURAGRA","id":"0101019d770d4697-7f9377b8-7133-45ae-a0c5-35998128cce6-000000","msg":"📎 Correo con logo inline enviado por SES"}
{"level":30,"time":1775818868955,"pid":11260,"hostname":"TS-SURAGRA","to":["S.IRARRAZABAL@MONCURI.CL","aracelli@suragra.com","marcoantonio@suragra.com","cinthia@suragra.com","jadcve@gmail.com","tesoreria@suragra.com"],"codIdtSap":"C96525040","msg":"Enviando NETO"}
{"level":30,"time":1775818869262,"pid":11260,"hostname":"TS-SURAGRA","to":["S.IRARRAZABAL@MONCURI.CL","aracelli@suragra.com","marcoantonio@suragra.com","cinthia@suragra.com","jadcve@gmail.com","tesoreria@suragra.com"],"cc":["aracelli@suragra.com","marcoantonio@suragra.com","cinthia@suragra.com","jadcve@gmail.com","tesoreria@suragra.com"],"subject":"Resumen Neto Vencido SURAGRA","id":"0101019d770d8b3d-d83aad2d-0c56-49f0-815b-8752f2792388-000000","msg":"📎 Correo con logo inline enviado por SES"}
{"level":30,"time":1775818886146,"pid":11260,"hostname":"TS-SURAGRA","to":["frojas@norfrut.cl","aracelli@suragra.com","marcoantonio@suragra.com","cinthia@suragra.com","jadcve@gmail.com","tesoreria@suragra.com"],"codIdtSap":"C78101430","msg":"Enviando NETO"}
{"level":30,"time":1775818886460,"pid":11260,"hostname":"TS-SURAGRA","to":["frojas@norfrut.cl","aracelli@suragra.com","marcoantonio@suragra.com","cinthia@suragra.com","jadcve@gmail.com","tesoreria@suragra.com"],"cc":["aracelli@suragra.com","marcoantonio@suragra.com","cinthia@suragra.com","jadcve@gmail.com","tesoreria@suragra.com"],"subject":"Resumen Neto Vencido SURAGRA","id":"0101019d770dce5a-7ec59b72-bf8f-4f88-8994-f1e63832d39b-000000","msg":"📎 Correo con logo inline enviado por SES"}
{"level":30,"time":1775818903333,"pid":11260,"hostname":"TS-SURAGRA","to":["Hercanagrolimitada.export@gmail.com","aracelli@suragra.com","marcoantonio@suragra.com","cinthia@suragra.com","jadcve@gmail.com","tesoreria@suragra.com"],"codIdtSap":"C76573605","msg":"Enviando NETO"}
{"level":30,"time":1775818903625,"pid":11260,"hostname":"TS-SURAGRA","to":["Hercanagrolimitada.export@gmail.com","aracelli@suragra.com","marcoantonio@suragra.com","cinthia@suragra.com","jadcve@gmail.com","tesoreria@suragra.com"],"cc":["aracelli@suragra.com","marcoantonio@suragra.com","cinthia@suragra.com","jadcve@gmail.com","tesoreria@suragra.com"],"subject":"Resumen Neto Vencido SURAGRA","id":"0101019d770e1187-c8954ec4-3eb2-4b69-a77e-8abee3b17835-000000","msg":"📎 Correo con logo inline enviado por SES"}
{"level":30,"time":1775818920502,"pid":11260,"hostname":"TS-SURAGRA","to":["f.martinez@agrofruta.cl","aracelli@suragra.com","marcoantonio@suragra.com","cinthia@suragra.com","jadcve@gmail.com","tesoreria@suragra.com"],"codIdtSap":"C77618380","msg":"Enviando NETO"}
{"level":30,"time":1775818920808,"pid":11260,"hostname":"TS-SURAGRA","to":["f.martinez@agrofruta.cl","aracelli@suragra.com","marcoantonio@suragra.com","cinthia@suragra.com","jadcve@gmail.com","tesoreria@suragra.com"],"cc":["aracelli@suragra.com","marcoantonio@suragra.com","cinthia@suragra.com","jadcve@gmail.com","tesoreria@suragra.com"],"subject":"Resumen Neto Vencido SURAGRA","id":"0101019d770e5494-45cbb5d9-c834-4e49-89fb-a52234e87965-000000","msg":"📎 Correo con logo inline enviado por SES"}
{"level":30,"time":1775818937892,"pid":11260,"hostname":"TS-SURAGRA","to":["TESORERIA@AGROFRUTA.CL","aracelli@suragra.com","marcoantonio@suragra.com","cinthia@suragra.com","jadcve@gmail.com","tesoreria@suragra.com"],"codIdtSap":"C96771340","msg":"Enviando NETO"}
{"level":30,"time":1775818938290,"pid":11260,"hostname":"TS-SURAGRA","to":["TESORERIA@AGROFRUTA.CL","aracelli@suragra.com","marcoantonio@suragra.com","cinthia@suragra.com","jadcve@gmail.com","tesoreria@suragra.com"],"cc":["aracelli@suragra.com","marcoantonio@suragra.com","cinthia@suragra.com","jadcve@gmail.com","tesoreria@suragra.com"],"subject":"Resumen Neto Vencido SURAGRA","id":"0101019d770e986c-434b1fc3-70cd-4ddc-8fb2-5d8589029463-000000","msg":"📎 Correo con logo inline enviado por SES"}
{"level":30,"time":1775818955653,"pid":11260,"hostname":"TS-SURAGRA","to":["rre@naturalquality.cl","aracelli@suragra.com","marcoantonio@suragra.com","cinthia@suragra.com","jadcve@gmail.com","tesoreria@suragra.com"],"codIdtSap":"C76055435","msg":"Enviando NETO"}
{"level":30,"time":1775818955978,"pid":11260,"hostname":"TS-SURAGRA","to":["rre@naturalquality.cl","aracelli@suragra.com","marcoantonio@suragra.com","cinthia@suragra.com","jadcve@gmail.com","tesoreria@suragra.com"],"cc":["aracelli@suragra.com","marcoantonio@suragra.com","cinthia@suragra.com","jadcve@gmail.com","tesoreria@suragra.com"],"subject":"Resumen Neto Vencido SURAGRA","id":"0101019d770edde0-f9f079df-71e5-4e59-ac42-601b78416c23-000000","msg":"📎 Correo con logo inline enviado por SES"}
{"level":30,"time":1775818973472,"pid":11260,"hostname":"TS-SURAGRA","to":["info.packing@soler.cl","aracelli@suragra.com","marcoantonio@suragra.com","cinthia@suragra.com","jadcve@gmail.com","tesoreria@suragra.com"],"codIdtSap":"C89255800","msg":"Enviando NETO"}
{"level":30,"time":1775818973753,"pid":11260,"hostname":"TS-SURAGRA","to":["info.packing@soler.cl","aracelli@suragra.com","marcoantonio@suragra.com","cinthia@suragra.com","jadcve@gmail.com","tesoreria@suragra.com"],"cc":["aracelli@suragra.com","marcoantonio@suragra.com","cinthia@suragra.com","jadcve@gmail.com","tesoreria@suragra.com"],"subject":"Resumen Neto Vencido SURAGRA","id":"0101019d770f2375-db84f50d-183e-4e62-ae0c-296c18ba4db7-000000","msg":"📎 Correo con logo inline enviado por SES"}
{"level":30,"time":1775818991003,"pid":11260,"hostname":"TS-SURAGRA","to":["aracelli@suragra.com","marcoantonio@suragra.com","cinthia@suragra.com","jadcve@gmail.com","tesoreria@suragra.com"],"codIdtSap":"C77739754","msg":"Enviando NETO"}
{"level":30,"time":1775818991343,"pid":11260,"hostname":"TS-SURAGRA","to":["aracelli@suragra.com","marcoantonio@suragra.com","cinthia@suragra.com","jadcve@gmail.com","tesoreria@suragra.com"],"cc":["aracelli@suragra.com","marcoantonio@suragra.com","cinthia@suragra.com","jadcve@gmail.com","tesoreria@suragra.com"],"subject":"Resumen Neto Vencido SURAGRA","id":"0101019d770f67f2-62b2c7a2-ce6d-46c9-9477-e7d9960f28e8-000000","msg":"📎 Correo con logo inline enviado por SES"}
{"level":30,"time":1775819008619,"pid":11260,"hostname":"TS-SURAGRA","to":["hbarros@atlasfresh.cl","aracelli@suragra.com","marcoantonio@suragra.com","cinthia@suragra.com","jadcve@gmail.com","tesoreria@suragra.com"],"codIdtSap":"C96681790","msg":"Enviando NETO"}
{"level":30,"time":1775819008919,"pid":11260,"hostname":"TS-SURAGRA","to":["hbarros@atlasfresh.cl","aracelli@suragra.com","marcoantonio@suragra.com","cinthia@suragra.com","jadcve@gmail.com","tesoreria@suragra.com"],"cc":["aracelli@suragra.com","marcoantonio@suragra.com","cinthia@suragra.com","jadcve@gmail.com","tesoreria@suragra.com"],"subject":"Resumen Neto Vencido SURAGRA","id":"0101019d770faccf-cc97e425-6915-46fd-a08f-e3c4f8a9ed92-000000","msg":"📎 Correo con logo inline enviado por SES"}
{"level":30,"time":1775819026341,"pid":11260,"hostname":"TS-SURAGRA","to":["fgavilan@bycifrut.com","aracelli@suragra.com","marcoantonio@suragra.com","cinthia@suragra.com","jadcve@gmail.com","tesoreria@suragra.com"],"codIdtSap":"C76453978","msg":"Enviando NETO"}
{"level":30,"time":1775819026644,"pid":11260,"hostname":"TS-SURAGRA","to":["fgavilan@bycifrut.com","aracelli@suragra.com","marcoantonio@suragra.com","cinthia@suragra.com","jadcve@gmail.com","tesoreria@suragra.com"],"cc":["aracelli@suragra.com","marcoantonio@suragra.com","cinthia@suragra.com","jadcve@gmail.com","tesoreria@suragra.com"],"subject":"Resumen Neto Vencido SURAGRA","id":"0101019d770ff1fd-cb661626-5a71-4a51-8f47-b679a3fb866b-000000","msg":"📎 Correo con logo inline enviado por SES"}
{"level":30,"time":1775819044397,"pid":11260,"hostname":"TS-SURAGRA","to":["jmarihuen@cyd.cl","aracelli@suragra.com","marcoantonio@suragra.com","cinthia@suragra.com","jadcve@gmail.com","tesoreria@suragra.com"],"codIdtSap":"C96717910","msg":"Enviando NETO"}
{"level":30,"time":1775819044686,"pid":11260,"hostname":"TS-SURAGRA","to":["jmarihuen@cyd.cl","aracelli@suragra.com","marcoantonio@suragra.com","cinthia@suragra.com","jadcve@gmail.com","tesoreria@suragra.com"],"cc":["aracelli@suragra.com","marcoantonio@suragra.com","cinthia@suragra.com","jadcve@gmail.com","tesoreria@suragra.com"],"subject":"Resumen Neto Vencido SURAGRA","id":"0101019d7710388a-f99e18f9-3865-48fa-b0ee-3224fe2171ac-000000","msg":"📎 Correo con logo inline enviado por SES"}
{"level":30,"time":1775819062047,"pid":11260,"hostname":"TS-SURAGRA","to":["ADMINISTRACION@CMXGROUP.NET","aracelli@suragra.com","marcoantonio@suragra.com","cinthia@suragra.com","jadcve@gmail.com","tesoreria@suragra.com"],"codIdtSap":"C76446121","msg":"Enviando NETO"}
{"level":30,"time":1775819062345,"pid":11260,"hostname":"TS-SURAGRA","to":["ADMINISTRACION@CMXGROUP.NET","aracelli@suragra.com","marcoantonio@suragra.com","cinthia@suragra.com","jadcve@gmail.com","tesoreria@suragra.com"],"cc":["aracelli@suragra.com","marcoantonio@suragra.com","cinthia@suragra.com","jadcve@gmail.com","tesoreria@suragra.com"],"subject":"Resumen Neto Vencido SURAGRA","id":"0101019d77107d7b-e42f98b7-2c19-43ad-bfe1-a3b319c502a4-000000","msg":"📎 Correo con logo inline enviado por SES"}
{"level":30,"time":1775819080217,"pid":11260,"hostname":"TS-SURAGRA","to":["alopez@elcaminospa.cl","aracelli@suragra.com","marcoantonio@suragra.com","cinthia@suragra.com","jadcve@gmail.com","tesoreria@suragra.com"],"codIdtSap":"C76180781","msg":"Enviando NETO"}
{"level":30,"time":1775819080491,"pid":11260,"hostname":"TS-SURAGRA","to":["alopez@elcaminospa.cl","aracelli@suragra.com","marcoantonio@suragra.com","cinthia@suragra.com","jadcve@gmail.com","tesoreria@suragra.com"],"cc":["aracelli@suragra.com","marcoantonio@suragra.com","cinthia@suragra.com","jadcve@gmail.com","tesoreria@suragra.com"],"subject":"Resumen Neto Vencido SURAGRA","id":"0101019d7710c45b-297c9889-fd9d-4b75-a34d-a950ca4ad6bb-000000","msg":"📎 Correo con logo inline enviado por SES"}
{"level":30,"time":1775819098008,"pid":11260,"hostname":"TS-SURAGRA","to":["ksalazar@greenpack.cl","aracelli@suragra.com","marcoantonio@suragra.com","cinthia@suragra.com","jadcve@gmail.com","tesoreria@suragra.com"],"codIdtSap":"C76213723","msg":"Enviando NETO"}
{"level":30,"time":1775819098286,"pid":11260,"hostname":"TS-SURAGRA","to":["ksalazar@greenpack.cl","aracelli@suragra.com","marcoantonio@suragra.com","cinthia@suragra.com","jadcve@gmail.com","tesoreria@suragra.com"],"cc":["aracelli@suragra.com","marcoantonio@suragra.com","cinthia@suragra.com","jadcve@gmail.com","tesoreria@suragra.com"],"subject":"Resumen Neto Vencido SURAGRA","id":"0101019d771109ed-884c12ec-981f-4f9b-a248-f27da1a9b05f-000000","msg":"📎 Correo con logo inline enviado por SES"}
{"level":30,"time":1775819116640,"pid":11260,"hostname":"TS-SURAGRA","to":["materiales@prize.cl","aracelli@suragra.com","marcoantonio@suragra.com","cinthia@suragra.com","jadcve@gmail.com","tesoreria@suragra.com"],"codIdtSap":"C76768906","msg":"Enviando NETO"}
{"level":30,"time":1775819116934,"pid":11260,"hostname":"TS-SURAGRA","to":["materiales@prize.cl","aracelli@suragra.com","marcoantonio@suragra.com","cinthia@suragra.com","jadcve@gmail.com","tesoreria@suragra.com"],"cc":["aracelli@suragra.com","marcoantonio@suragra.com","cinthia@suragra.com","jadcve@gmail.com","tesoreria@suragra.com"],"subject":"Resumen Neto Vencido SURAGRA","id":"0101019d771152ba-ffe0ef8e-a740-4897-9cc1-b23044e7595a-000000","msg":"📎 Correo con logo inline enviado por SES"}
{"level":30,"time":1775819133773,"pid":11260,"hostname":"TS-SURAGRA","to":["pablojohow@yahoo.com","aracelli@suragra.com","marcoantonio@suragra.com","cinthia@suragra.com","jadcve@gmail.com","tesoreria@suragra.com"],"codIdtSap":"C78808520","msg":"Enviando NETO"}
{"level":30,"time":1775819134062,"pid":11260,"hostname":"TS-SURAGRA","to":["pablojohow@yahoo.com","aracelli@suragra.com","marcoantonio@suragra.com","cinthia@suragra.com","jadcve@gmail.com","tesoreria@suragra.com"],"cc":["aracelli@suragra.com","marcoantonio@suragra.com","cinthia@suragra.com","jadcve@gmail.com","tesoreria@suragra.com"],"subject":"Resumen Neto Vencido SURAGRA","id":"0101019d771195a8-304b12dc-2333-4eeb-8dac-32a47aaa9415-000000","msg":"📎 Correo con logo inline enviado por SES"}
{"level":30,"time":1775819150781,"pid":11260,"hostname":"TS-SURAGRA","to":["rsg@entre-valles.cl","aracelli@suragra.com","marcoantonio@suragra.com","cinthia@suragra.com","jadcve@gmail.com","tesoreria@suragra.com"],"codIdtSap":"C76113439","msg":"Enviando NETO"}
{"level":30,"time":1775819151081,"pid":11260,"hostname":"TS-SURAGRA","to":["rsg@entre-valles.cl","aracelli@suragra.com","marcoantonio@suragra.com","cinthia@suragra.com","jadcve@gmail.com","tesoreria@suragra.com"],"cc":["aracelli@suragra.com","marcoantonio@suragra.com","cinthia@suragra.com","jadcve@gmail.com","tesoreria@suragra.com"],"subject":"Resumen Neto Vencido SURAGRA","id":"0101019d7711d816-da84d61b-1c23-4c67-92b7-b802b85db753-000000","msg":"📎 Correo con logo inline enviado por SES"}
{"level":30,"time":1775819168201,"pid":11260,"hostname":"TS-SURAGRA","to":["mc.gumucio@consultorathinking.com","aracelli@suragra.com","marcoantonio@suragra.com","cinthia@suragra.com","jadcve@gmail.com","tesoreria@suragra.com"],"codIdtSap":"C77350529","msg":"Enviando NETO"}
{"level":30,"time":1775819168458,"pid":11260,"hostname":"TS-SURAGRA","to":["mc.gumucio@consultorathinking.com","aracelli@suragra.com","marcoantonio@suragra.com","cinthia@suragra.com","jadcve@gmail.com","tesoreria@suragra.com"],"cc":["aracelli@suragra.com","marcoantonio@suragra.com","cinthia@suragra.com","jadcve@gmail.com","tesoreria@suragra.com"],"subject":"Resumen Neto Vencido SURAGRA","id":"0101019d77121c12-56bf701c-31e0-48a5-9c91-37f3f5aee6ea-000000","msg":"📎 Correo con logo inline enviado por SES"}
{"level":30,"time":1775819185303,"pid":11260,"hostname":"TS-SURAGRA","to":["diego.correa@ddc.cl","aracelli@suragra.com","marcoantonio@suragra.com","cinthia@suragra.com","jadcve@gmail.com","tesoreria@suragra.com"],"codIdtSap":"C93329000","msg":"Enviando NETO"}
{"level":30,"time":1775819185633,"pid":11260,"hostname":"TS-SURAGRA","to":["diego.correa@ddc.cl","aracelli@suragra.com","marcoantonio@suragra.com","cinthia@suragra.com","jadcve@gmail.com","tesoreria@suragra.com"],"cc":["aracelli@suragra.com","marcoantonio@suragra.com","cinthia@suragra.com","jadcve@gmail.com","tesoreria@suragra.com"],"subject":"Resumen Neto Vencido SURAGRA","id":"0101019d77125ef0-2e28e35a-460b-428b-9f98-c7c03c943f79-000000","msg":"📎 Correo con logo inline enviado por SES"}
{"level":30,"time":1775819206265,"pid":11260,"hostname":"TS-SURAGRA","to":["plopez@grupodelirio.cl","aracelli@suragra.com","marcoantonio@suragra.com","cinthia@suragra.com","jadcve@gmail.com","tesoreria@suragra.com"],"codIdtSap":"C76101146","msg":"Enviando NETO"}
{"level":30,"time":1775819206550,"pid":11260,"hostname":"TS-SURAGRA","to":["plopez@grupodelirio.cl","aracelli@suragra.com","marcoantonio@suragra.com","cinthia@suragra.com","jadcve@gmail.com","tesoreria@suragra.com"],"cc":["aracelli@suragra.com","marcoantonio@suragra.com","cinthia@suragra.com","jadcve@gmail.com","tesoreria@suragra.com"],"subject":"Resumen Neto Vencido SURAGRA","id":"0101019d7712b0d2-3dd2d112-1420-44e7-9ce3-c6e0229f1acf-000000","msg":"📎 Correo con logo inline enviado por SES"}
{"level":30,"time":1775819227377,"pid":11260,"hostname":"TS-SURAGRA","to":["fernanda@espejofruits.com","aracelli@suragra.com","marcoantonio@suragra.com","cinthia@suragra.com","jadcve@gmail.com","tesoreria@suragra.com"],"codIdtSap":"C77280637","msg":"Enviando NETO"}
{"level":30,"time":1775819227663,"pid":11260,"hostname":"TS-SURAGRA","to":["fernanda@espejofruits.com","aracelli@suragra.com","marcoantonio@suragra.com","cinthia@suragra.com","jadcve@gmail.com","tesoreria@suragra.com"],"cc":["aracelli@suragra.com","marcoantonio@suragra.com","cinthia@suragra.com","jadcve@gmail.com","tesoreria@suragra.com"],"subject":"Resumen Neto Vencido SURAGRA","id":"0101019d7713034c-54d1d551-aaee-4269-a372-8808131ac324-000000","msg":"📎 Correo con logo inline enviado por SES"}
{"level":30,"time":1775819245054,"pid":11260,"hostname":"TS-SURAGRA","to":["mbm@brix.cl","aracelli@suragra.com","marcoantonio@suragra.com","cinthia@suragra.com","jadcve@gmail.com","tesoreria@suragra.com"],"codIdtSap":"C76143653","msg":"Enviando NETO"}
{"level":30,"time":1775819245359,"pid":11260,"hostname":"TS-SURAGRA","to":["mbm@brix.cl","aracelli@suragra.com","marcoantonio@suragra.com","cinthia@suragra.com","jadcve@gmail.com","tesoreria@suragra.com"],"cc":["aracelli@suragra.com","marcoantonio@suragra.com","cinthia@suragra.com","jadcve@gmail.com","tesoreria@suragra.com"],"subject":"Resumen Neto Vencido SURAGRA","id":"0101019d7713485b-98d93164-489a-4ba2-8a7e-6aa2b297cba0-000000","msg":"📎 Correo con logo inline enviado por SES"}
{"level":30,"time":1775819262333,"pid":11260,"hostname":"TS-SURAGRA","to":["jibacache71@gmail.com","aracelli@suragra.com","marcoantonio@suragra.com","cinthia@suragra.com","jadcve@gmail.com","tesoreria@suragra.com"],"codIdtSap":"C76439030","msg":"Enviando NETO"}
{"level":30,"time":1775819262588,"pid":11260,"hostname":"TS-SURAGRA","to":["jibacache71@gmail.com","aracelli@suragra.com","marcoantonio@suragra.com","cinthia@suragra.com","jadcve@gmail.com","tesoreria@suragra.com"],"cc":["aracelli@suragra.com","marcoantonio@suragra.com","cinthia@suragra.com","jadcve@gmail.com","tesoreria@suragra.com"],"subject":"Resumen Neto Vencido SURAGRA","id":"0101019d77138bc5-7c84ad5c-9ff7-441d-a6d4-90084f95df02-000000","msg":"📎 Correo con logo inline enviado por SES"}
{"level":30,"time":1775819279874,"pid":11260,"hostname":"TS-SURAGRA","to":["lpinto@fundolacampana.cl","aracelli@suragra.com","marcoantonio@suragra.com","cinthia@suragra.com","jadcve@gmail.com","tesoreria@suragra.com"],"codIdtSap":"C76979390","msg":"Enviando NETO"}
{"level":30,"time":1775819280162,"pid":11260,"hostname":"TS-SURAGRA","to":["lpinto@fundolacampana.cl","aracelli@suragra.com","marcoantonio@suragra.com","cinthia@suragra.com","jadcve@gmail.com","tesoreria@suragra.com"],"cc":["aracelli@suragra.com","marcoantonio@suragra.com","cinthia@suragra.com","jadcve@gmail.com","tesoreria@suragra.com"],"subject":"Resumen Neto Vencido SURAGRA","id":"0101019d7713d061-492e7e26-f461-49e8-ae91-7322befadf02-000000","msg":"📎 Correo con logo inline enviado por SES"}
{"level":30,"time":1775819297260,"pid":11260,"hostname":"TS-SURAGRA","to":["JCORTEZ@GROUPVALLEY.CL","aracelli@suragra.com","marcoantonio@suragra.com","cinthia@suragra.com","jadcve@gmail.com","tesoreria@suragra.com"],"codIdtSap":"C76885621","msg":"Enviando NETO"}
{"level":30,"time":1775819297528,"pid":11260,"hostname":"TS-SURAGRA","to":["JCORTEZ@GROUPVALLEY.CL","aracelli@suragra.com","marcoantonio@suragra.com","cinthia@suragra.com","jadcve@gmail.com","tesoreria@suragra.com"],"cc":["aracelli@suragra.com","marcoantonio@suragra.com","cinthia@suragra.com","jadcve@gmail.com","tesoreria@suragra.com"],"subject":"Resumen Neto Vencido SURAGRA","id":"0101019d77141438-e9a9491e-b658-4415-a2b4-f336ad661fe7-000000","msg":"📎 Correo con logo inline enviado por SES"}
{"level":30,"time":1775819314460,"pid":11260,"hostname":"TS-SURAGRA","to":["estadistica@grupoesmeralda.cl","aracelli@suragra.com","marcoantonio@suragra.com","cinthia@suragra.com","jadcve@gmail.com","tesoreria@suragra.com"],"codIdtSap":"C76177143","msg":"Enviando NETO"}
{"level":30,"time":1775819314755,"pid":11260,"hostname":"TS-SURAGRA","to":["estadistica@grupoesmeralda.cl","aracelli@suragra.com","marcoantonio@suragra.com","cinthia@suragra.com","jadcve@gmail.com","tesoreria@suragra.com"],"cc":["aracelli@suragra.com","marcoantonio@suragra.com","cinthia@suragra.com","jadcve@gmail.com","tesoreria@suragra.com"],"subject":"Resumen Neto Vencido SURAGRA","id":"0101019d77145777-a49d7d3e-f41d-4cdb-846a-ea459f1c4c46-000000","msg":"📎 Correo con logo inline enviado por SES"}
{"level":30,"time":1775819331738,"pid":11260,"hostname":"TS-SURAGRA","to":["naedo@fieldsfruits.com","aracelli@suragra.com","marcoantonio@suragra.com","cinthia@suragra.com","jadcve@gmail.com","tesoreria@suragra.com"],"codIdtSap":"C76304361","msg":"Enviando NETO"}
{"level":30,"time":1775819332029,"pid":11260,"hostname":"TS-SURAGRA","to":["naedo@fieldsfruits.com","aracelli@suragra.com","marcoantonio@suragra.com","cinthia@suragra.com","jadcve@gmail.com","tesoreria@suragra.com"],"cc":["aracelli@suragra.com","marcoantonio@suragra.com","cinthia@suragra.com","jadcve@gmail.com","tesoreria@suragra.com"],"subject":"Resumen Neto Vencido SURAGRA","id":"0101019d77149af7-f73a037d-ab5a-4442-a52c-dce036fc9686-000000","msg":"📎 Correo con logo inline enviado por SES"}
{"level":30,"time":1775819349471,"pid":11260,"hostname":"TS-SURAGRA","to":["jcastro@geofrut.cl","aracelli@suragra.com","marcoantonio@suragra.com","cinthia@suragra.com","jadcve@gmail.com","tesoreria@suragra.com"],"codIdtSap":"C96609410","msg":"Enviando NETO"}
{"level":30,"time":1775819349765,"pid":11260,"hostname":"TS-SURAGRA","to":["jcastro@geofrut.cl","aracelli@suragra.com","marcoantonio@suragra.com","cinthia@suragra.com","jadcve@gmail.com","tesoreria@suragra.com"],"cc":["aracelli@suragra.com","marcoantonio@suragra.com","cinthia@suragra.com","jadcve@gmail.com","tesoreria@suragra.com"],"subject":"Resumen Neto Vencido SURAGRA","id":"0101019d7714e035-10beedbf-5b96-450e-89c4-4aed8aec8a80-000000","msg":"📎 Correo con logo inline enviado por SES"}
{"level":30,"time":1775819366639,"pid":11260,"hostname":"TS-SURAGRA","to":["frojas@norfrut.cl","aracelli@suragra.com","marcoantonio@suragra.com","cinthia@suragra.com","jadcve@gmail.com","tesoreria@suragra.com"],"codIdtSap":"C76056132","msg":"Enviando NETO"}
{"level":30,"time":1775819367009,"pid":11260,"hostname":"TS-SURAGRA","to":["frojas@norfrut.cl","aracelli@suragra.com","marcoantonio@suragra.com","cinthia@suragra.com","jadcve@gmail.com","tesoreria@suragra.com"],"cc":["aracelli@suragra.com","marcoantonio@suragra.com","cinthia@suragra.com","jadcve@gmail.com","tesoreria@suragra.com"],"subject":"Resumen Neto Vencido SURAGRA","id":"0101019d7715234b-4c1a65d5-57fb-45c5-a54b-d6157f31f986-000000","msg":"📎 Correo con logo inline enviado por SES"}
{"level":30,"time":1775819383999,"pid":11260,"hostname":"TS-SURAGRA","to":["ALEJANDRASM@QUINTAYFRUIT.CL","aracelli@suragra.com","marcoantonio@suragra.com","cinthia@suragra.com","jadcve@gmail.com","tesoreria@suragra.com"],"codIdtSap":"C99578700","msg":"Enviando NETO"}
{"level":30,"time":1775819384290,"pid":11260,"hostname":"TS-SURAGRA","to":["ALEJANDRASM@QUINTAYFRUIT.CL","aracelli@suragra.com","marcoantonio@suragra.com","cinthia@suragra.com","jadcve@gmail.com","tesoreria@suragra.com"],"cc":["aracelli@suragra.com","marcoantonio@suragra.com","cinthia@suragra.com","jadcve@gmail.com","tesoreria@suragra.com"],"subject":"Resumen Neto Vencido SURAGRA","id":"0101019d77156717-54d59982-b65b-47ee-9b90-a01f823dabe2-000000","msg":"📎 Correo con logo inline enviado por SES"}
{"level":30,"time":1775819401109,"pid":11260,"hostname":"TS-SURAGRA","to":["diegozenteno@zetafruit.cl","aracelli@suragra.com","marcoantonio@suragra.com","cinthia@suragra.com","jadcve@gmail.com","tesoreria@suragra.com"],"codIdtSap":"C76970321","msg":"Enviando NETO"}
{"level":30,"time":1775819401437,"pid":11260,"hostname":"TS-SURAGRA","to":["diegozenteno@zetafruit.cl","aracelli@suragra.com","marcoantonio@suragra.com","cinthia@suragra.com","jadcve@gmail.com","tesoreria@suragra.com"],"cc":["aracelli@suragra.com","marcoantonio@suragra.com","cinthia@suragra.com","jadcve@gmail.com","tesoreria@suragra.com"],"subject":"Resumen Neto Vencido SURAGRA","id":"0101019d7715a9ed-e097e9f5-c0f3-4539-9806-c0e22d6a452a-000000","msg":"📎 Correo con logo inline enviado por SES"}
{"level":30,"time":1775819419275,"pid":11260,"hostname":"TS-SURAGRA","to":["juanalbertotapiav@gmail.com","aracelli@suragra.com","marcoantonio@suragra.com","cinthia@suragra.com","jadcve@gmail.com","tesoreria@suragra.com"],"codIdtSap":"C96677410","msg":"Enviando NETO"}
{"level":30,"time":1775819419574,"pid":11260,"hostname":"TS-SURAGRA","to":["juanalbertotapiav@gmail.com","aracelli@suragra.com","marcoantonio@suragra.com","cinthia@suragra.com","jadcve@gmail.com","tesoreria@suragra.com"],"cc":["aracelli@suragra.com","marcoantonio@suragra.com","cinthia@suragra.com","jadcve@gmail.com","tesoreria@suragra.com"],"subject":"Resumen Neto Vencido SURAGRA","id":"0101019d7715f0dc-ed3e56bc-cdb1-4bad-b0c4-1b3fcf6787c2-000000","msg":"📎 Correo con logo inline enviado por SES"}
{"level":30,"time":1775819436600,"pid":11260,"hostname":"TS-SURAGRA","to":["jgonzalezd@frutoslaaguada.cl","aracelli@suragra.com","marcoantonio@suragra.com","cinthia@suragra.com","jadcve@gmail.com","tesoreria@suragra.com"],"codIdtSap":"C76625630-9","msg":"Enviando NETO"}
{"level":30,"time":1775819436863,"pid":11260,"hostname":"TS-SURAGRA","to":["jgonzalezd@frutoslaaguada.cl","aracelli@suragra.com","marcoantonio@suragra.com","cinthia@suragra.com","jadcve@gmail.com","tesoreria@suragra.com"],"cc":["aracelli@suragra.com","marcoantonio@suragra.com","cinthia@suragra.com","jadcve@gmail.com","tesoreria@suragra.com"],"subject":"Resumen Neto Vencido SURAGRA","id":"0101019d77163487-f3816527-ac8a-4edb-a51b-c112caf01f5b-000000","msg":"📎 Correo con logo inline enviado por SES"}
{"level":30,"time":1775819454329,"pid":11260,"hostname":"TS-SURAGRA","to":["cmanzor@gls.cl","aracelli@suragra.com","marcoantonio@suragra.com","cinthia@suragra.com","jadcve@gmail.com","tesoreria@suragra.com"],"codIdtSap":"C77772750","msg":"Enviando NETO"}
{"level":30,"time":1775819454674,"pid":11260,"hostname":"TS-SURAGRA","to":["cmanzor@gls.cl","aracelli@suragra.com","marcoantonio@suragra.com","cinthia@suragra.com","jadcve@gmail.com","tesoreria@suragra.com"],"cc":["aracelli@suragra.com","marcoantonio@suragra.com","cinthia@suragra.com","jadcve@gmail.com","tesoreria@suragra.com"],"subject":"Resumen Neto Vencido SURAGRA","id":"0101019d771679d0-4529054c-57b8-49d7-92ea-ea25c9e9bb49-000000","msg":"📎 Correo con logo inline enviado por SES"}
{"level":30,"time":1775819471862,"pid":11260,"hostname":"TS-SURAGRA","to":["storo@upacfruit.com","aracelli@suragra.com","marcoantonio@suragra.com","cinthia@suragra.com","jadcve@gmail.com","tesoreria@suragra.com"],"codIdtSap":"C76738610","msg":"Enviando NETO"}
{"level":30,"time":1775819472149,"pid":11260,"hostname":"TS-SURAGRA","to":["storo@upacfruit.com","aracelli@suragra.com","marcoantonio@suragra.com","cinthia@suragra.com","jadcve@gmail.com","tesoreria@suragra.com"],"cc":["aracelli@suragra.com","marcoantonio@suragra.com","cinthia@suragra.com","jadcve@gmail.com","tesoreria@suragra.com"],"subject":"Resumen Neto Vencido SURAGRA","id":"0101019d7716be39-36eb8c13-a949-42f0-b4b6-a719a369d1d2-000000","msg":"📎 Correo con logo inline enviado por SES"}
{"level":30,"time":1775819488909,"pid":11260,"hostname":"TS-SURAGRA","to":["vinka.ureta@grupometro.cl","aracelli@suragra.com","marcoantonio@suragra.com","cinthia@suragra.com","jadcve@gmail.com","tesoreria@suragra.com"],"codIdtSap":"C76011359","msg":"Enviando NETO"}
{"level":30,"time":1775819489205,"pid":11260,"hostname":"TS-SURAGRA","to":["vinka.ureta@grupometro.cl","aracelli@suragra.com","marcoantonio@suragra.com","cinthia@suragra.com","jadcve@gmail.com","tesoreria@suragra.com"],"cc":["aracelli@suragra.com","marcoantonio@suragra.com","cinthia@suragra.com","jadcve@gmail.com","tesoreria@suragra.com"],"subject":"Resumen Neto Vencido SURAGRA","id":"0101019d771700e6-6b06ed0a-c36e-4724-9eb9-9fb48fb4477e-000000","msg":"📎 Correo con logo inline enviado por SES"}
{"level":30,"time":1775819509477,"pid":11260,"hostname":"TS-SURAGRA","to":["fernandot@hmcfarms.com","aracelli@suragra.com","marcoantonio@suragra.com","cinthia@suragra.com","jadcve@gmail.com","tesoreria@suragra.com"],"codIdtSap":"C96834030","msg":"Enviando NETO"}
{"level":30,"time":1775819509747,"pid":11260,"hostname":"TS-SURAGRA","to":["fernandot@hmcfarms.com","aracelli@suragra.com","marcoantonio@suragra.com","cinthia@suragra.com","jadcve@gmail.com","tesoreria@suragra.com"],"cc":["aracelli@suragra.com","marcoantonio@suragra.com","cinthia@suragra.com","jadcve@gmail.com","tesoreria@suragra.com"],"subject":"Resumen Neto Vencido SURAGRA","id":"0101019d77175130-583293b6-d5cc-42b1-b91f-a2c08d4e460e-000000","msg":"📎 Correo con logo inline enviado por SES"}
{"level":30,"time":1775819530934,"pid":11260,"hostname":"TS-SURAGRA","to":["felipecamponovo@gmail.com","aracelli@suragra.com","marcoantonio@suragra.com","cinthia@suragra.com","jadcve@gmail.com","tesoreria@suragra.com"],"codIdtSap":"C6481839-2","msg":"Enviando NETO"}
{"level":30,"time":1775819531239,"pid":11260,"hostname":"TS-SURAGRA","to":["felipecamponovo@gmail.com","aracelli@suragra.com","marcoantonio@suragra.com","cinthia@suragra.com","jadcve@gmail.com","tesoreria@suragra.com"],"cc":["aracelli@suragra.com","marcoantonio@suragra.com","cinthia@suragra.com","jadcve@gmail.com","tesoreria@suragra.com"],"subject":"Resumen Neto Vencido SURAGRA","id":"0101019d7717a50c-5888f0d1-ea4a-4e86-aacb-ce3084f48fca-000000","msg":"📎 Correo con logo inline enviado por SES"}
{"level":30,"time":1775819548162,"pid":11260,"hostname":"TS-SURAGRA","to":["cnunez@ppsromeral.cl","aracelli@suragra.com","marcoantonio@suragra.com","cinthia@suragra.com","jadcve@gmail.com","tesoreria@suragra.com"],"codIdtSap":"C76181799","msg":"Enviando NETO"}
{"level":30,"time":1775819548449,"pid":11260,"hostname":"TS-SURAGRA","to":["cnunez@ppsromeral.cl","aracelli@suragra.com","marcoantonio@suragra.com","cinthia@suragra.com","jadcve@gmail.com","tesoreria@suragra.com"],"cc":["aracelli@suragra.com","marcoantonio@suragra.com","cinthia@suragra.com","jadcve@gmail.com","tesoreria@suragra.com"],"subject":"Resumen Neto Vencido SURAGRA","id":"0101019d7717e84a-3e535c2f-dd3e-4b01-bf1d-f7510f83dd29-000000","msg":"📎 Correo con logo inline enviado por SES"}
{"level":30,"time":1775819566148,"pid":11260,"hostname":"TS-SURAGRA","to":["DTORO@PROVEXSA.COM","aracelli@suragra.com","marcoantonio@suragra.com","cinthia@suragra.com","jadcve@gmail.com","tesoreria@suragra.com"],"codIdtSap":"C77076859","msg":"Enviando NETO"}
{"level":30,"time":1775819566511,"pid":11260,"hostname":"TS-SURAGRA","to":["DTORO@PROVEXSA.COM","aracelli@suragra.com","marcoantonio@suragra.com","cinthia@suragra.com","jadcve@gmail.com","tesoreria@suragra.com"],"cc":["aracelli@suragra.com","marcoantonio@suragra.com","cinthia@suragra.com","jadcve@gmail.com","tesoreria@suragra.com"],"subject":"Resumen Neto Vencido SURAGRA","id":"0101019d77182eae-fb7258a8-a158-43be-b4ab-293bee029a9f-000000","msg":"📎 Correo con logo inline enviado por SES"}
{"level":30,"time":1775819583666,"pid":11260,"hostname":"TS-SURAGRA","to":["adquisicionescarsal@gmail.com","aracelli@suragra.com","marcoantonio@suragra.com","cinthia@suragra.com","jadcve@gmail.com","tesoreria@suragra.com"],"codIdtSap":"C78557210","msg":"Enviando NETO"}
{"level":30,"time":1775819583998,"pid":11260,"hostname":"TS-SURAGRA","to":["adquisicionescarsal@gmail.com","aracelli@suragra.com","marcoantonio@suragra.com","cinthia@suragra.com","jadcve@gmail.com","tesoreria@suragra.com"],"cc":["aracelli@suragra.com","marcoantonio@suragra.com","cinthia@suragra.com","jadcve@gmail.com","tesoreria@suragra.com"],"subject":"Resumen Neto Vencido SURAGRA","id":"0101019d7718730d-f14129d7-5869-416b-85b9-5efd2b9ef286-000000","msg":"📎 Correo con logo inline enviado por SES"}
{"level":30,"time":1775819601171,"pid":11260,"hostname":"TS-SURAGRA","to":["miguel.marquez@provalle.com","aracelli@suragra.com","marcoantonio@suragra.com","cinthia@suragra.com","jadcve@gmail.com","tesoreria@suragra.com"],"codIdtSap":"C99546180","msg":"Enviando NETO"}
{"level":30,"time":1775819601478,"pid":11260,"hostname":"TS-SURAGRA","to":["miguel.marquez@provalle.com","aracelli@suragra.com","marcoantonio@suragra.com","cinthia@suragra.com","jadcve@gmail.com","tesoreria@suragra.com"],"cc":["aracelli@suragra.com","marcoantonio@suragra.com","cinthia@suragra.com","jadcve@gmail.com","tesoreria@suragra.com"],"subject":"Resumen Neto Vencido SURAGRA","id":"0101019d7718b770-51c1a01e-8dce-4abb-9580-67d5f4a95303-000000","msg":"📎 Correo con logo inline enviado por SES"}
{"level":30,"time":1775819618538,"pid":11260,"hostname":"TS-SURAGRA","to":["mauchaco@gmail.com","aracelli@suragra.com","marcoantonio@suragra.com","cinthia@suragra.com","jadcve@gmail.com","tesoreria@suragra.com"],"codIdtSap":"C76609683","msg":"Enviando NETO"}
{"level":30,"time":1775819618895,"pid":11260,"hostname":"TS-SURAGRA","to":["mauchaco@gmail.com","aracelli@suragra.com","marcoantonio@suragra.com","cinthia@suragra.com","jadcve@gmail.com","tesoreria@suragra.com"],"cc":["aracelli@suragra.com","marcoantonio@suragra.com","cinthia@suragra.com","jadcve@gmail.com","tesoreria@suragra.com"],"subject":"Resumen Neto Vencido SURAGRA","id":"0101019d7718fb4a-07a9a71d-b8b9-4a63-89f5-e4afe82cc22d-000000","msg":"📎 Correo con logo inline enviado por SES"}
{"level":30,"time":1775819635845,"pid":11260,"hostname":"TS-SURAGRA","to":["cbarrera@zurgroup.cl","aracelli@suragra.com","marcoantonio@suragra.com","cinthia@suragra.com","jadcve@gmail.com","tesoreria@suragra.com"],"codIdtSap":"C761625829","msg":"Enviando NETO"}
{"level":30,"time":1775819636139,"pid":11260,"hostname":"TS-SURAGRA","to":["cbarrera@zurgroup.cl","aracelli@suragra.com","marcoantonio@suragra.com","cinthia@suragra.com","jadcve@gmail.com","tesoreria@suragra.com"],"cc":["aracelli@suragra.com","marcoantonio@suragra.com","cinthia@suragra.com","jadcve@gmail.com","tesoreria@suragra.com"],"subject":"Resumen Neto Vencido SURAGRA","id":"0101019d77193ee4-f3aad4bd-b444-4b7f-b68a-9620e91c68c7-000000","msg":"📎 Correo con logo inline enviado por SES"}
{"level":30,"time":1775819636142,"pid":11260,"hostname":"TS-SURAGRA","job":"NETO","msg":"job done"}
{"level":50,"time":1775879700673,"pid":11260,"hostname":"TS-SURAGRA","job":"HEARTBEAT","err":"sendEmail is not defined","msg":"Heartbeat failed"}
{"level":50,"time":1775966100665,"pid":11260,"hostname":"TS-SURAGRA","job":"HEARTBEAT","err":"sendEmail is not defined","msg":"Heartbeat failed"}
{"level":50,"time":1776052500654,"pid":11260,"hostname":"TS-SURAGRA","job":"HEARTBEAT","err":"sendEmail is not defined","msg":"Heartbeat failed"}
{"level":50,"time":1776138900650,"pid":11260,"hostname":"TS-SURAGRA","job":"HEARTBEAT","err":"sendEmail is not defined","msg":"Heartbeat failed"}
{"level":50,"time":1776225300659,"pid":11260,"hostname":"TS-SURAGRA","job":"HEARTBEAT","err":"sendEmail is not defined","msg":"Heartbeat failed"}
{"level":30,"time":1776254400632,"pid":11260,"hostname":"TS-SURAGRA","subject":"Resumen IVA Vencido","msg":"Template IMOR cargado"}
{"level":30,"time":1776254701322,"pid":11260,"hostname":"TS-SURAGRA","to":["TESORERIA@AGROFRUTA.CL","aracelli@suragra.com","marcoantonio@suragra.com","cinthia@suragra.com","jadcve@gmail.com","tesoreria@suragra.com"],"codIdtSap":"C96771340","msg":"Enviando IMOR"}
{"level":30,"time":1776254702812,"pid":11260,"hostname":"TS-SURAGRA","to":["TESORERIA@AGROFRUTA.CL","aracelli@suragra.com","marcoantonio@suragra.com","cinthia@suragra.com","jadcve@gmail.com","tesoreria@suragra.com"],"cc":["aracelli@suragra.com","marcoantonio@suragra.com","cinthia@suragra.com","jadcve@gmail.com","tesoreria@suragra.com"],"subject":"Resumen IVA Vencido SURAGRA","id":"0101019d9107d2dd-8528a0ef-ef76-4ad0-89db-6d32ea66b97f-000000","msg":"✉️ Correo enviado por SES"}
{"level":30,"time":1776254717282,"pid":11260,"hostname":"TS-SURAGRA","to":["juanalbertotapiav@gmail.com","aracelli@suragra.com","marcoantonio@suragra.com","cinthia@suragra.com","jadcve@gmail.com","tesoreria@suragra.com"],"codIdtSap":"C96677410","msg":"Enviando IMOR"}
{"level":30,"time":1776254717562,"pid":11260,"hostname":"TS-SURAGRA","to":["juanalbertotapiav@gmail.com","aracelli@suragra.com","marcoantonio@suragra.com","cinthia@suragra.com","jadcve@gmail.com","tesoreria@suragra.com"],"cc":["aracelli@suragra.com","marcoantonio@suragra.com","cinthia@suragra.com","jadcve@gmail.com","tesoreria@suragra.com"],"subject":"Resumen IVA Vencido SURAGRA","id":"0101019d91080fc3-dbbb10ea-37ff-4306-b6dc-7c8783f3e96a-000000","msg":"✉️ Correo enviado por SES"}
{"level":30,"time":1776254751726,"pid":11260,"hostname":"TS-SURAGRA","to":["alopez@elcaminospa.cl","aracelli@suragra.com","marcoantonio@suragra.com","cinthia@suragra.com","jadcve@gmail.com","tesoreria@suragra.com"],"codIdtSap":"C76180781","msg":"Enviando IMOR"}
{"level":30,"time":1776254752015,"pid":11260,"hostname":"TS-SURAGRA","to":["alopez@elcaminospa.cl","aracelli@suragra.com","marcoantonio@suragra.com","cinthia@suragra.com","jadcve@gmail.com","tesoreria@suragra.com"],"cc":["aracelli@suragra.com","marcoantonio@suragra.com","cinthia@suragra.com","jadcve@gmail.com","tesoreria@suragra.com"],"subject":"Resumen IVA Vencido SURAGRA","id":"0101019d91089654-85e36acc-c553-40da-8867-3f5a6b243f31-000000","msg":"✉️ Correo enviado por SES"}
{"level":30,"time":1776254770191,"pid":11260,"hostname":"TS-SURAGRA","to":["diego.correa@ddc.cl","aracelli@suragra.com","marcoantonio@suragra.com","cinthia@suragra.com","jadcve@gmail.com","tesoreria@suragra.com"],"codIdtSap":"C93329000","msg":"Enviando IMOR"}
{"level":30,"time":1776254770464,"pid":11260,"hostname":"TS-SURAGRA","to":["diego.correa@ddc.cl","aracelli@suragra.com","marcoantonio@suragra.com","cinthia@suragra.com","jadcve@gmail.com","tesoreria@suragra.com"],"cc":["aracelli@suragra.com","marcoantonio@suragra.com","cinthia@suragra.com","jadcve@gmail.com","tesoreria@suragra.com"],"subject":"Resumen IVA Vencido SURAGRA","id":"0101019d9108de73-672178e4-74af-4f7b-8a0b-86ff3203d5d2-000000","msg":"✉️ Correo enviado por SES"}
{"level":30,"time":1776254788661,"pid":11260,"hostname":"TS-SURAGRA","to":["cnunez@ppsromeral.cl","aracelli@suragra.com","marcoantonio@suragra.com","cinthia@suragra.com","jadcve@gmail.com","tesoreria@suragra.com"],"codIdtSap":"C76181799","msg":"Enviando IMOR"}
{"level":30,"time":1776254788952,"pid":11260,"hostname":"TS-SURAGRA","to":["cnunez@ppsromeral.cl","aracelli@suragra.com","marcoantonio@suragra.com","cinthia@suragra.com","jadcve@gmail.com","tesoreria@suragra.com"],"cc":["aracelli@suragra.com","marcoantonio@suragra.com","cinthia@suragra.com","jadcve@gmail.com","tesoreria@suragra.com"],"subject":"Resumen IVA Vencido SURAGRA","id":"0101019d9109269d-1b08d95f-e2ae-42ec-9a60-e6c33fa18953-000000","msg":"✉️ Correo enviado por SES"}
{"level":30,"time":1776254827288,"pid":11260,"hostname":"TS-SURAGRA","to":["ALAN@CFSM.CL","aracelli@suragra.com","marcoantonio@suragra.com","cinthia@suragra.com","jadcve@gmail.com","tesoreria@suragra.com"],"codIdtSap":"C96567890","msg":"Enviando IMOR"}
{"level":30,"time":1776254827576,"pid":11260,"hostname":"TS-SURAGRA","to":["ALAN@CFSM.CL","aracelli@suragra.com","marcoantonio@suragra.com","cinthia@suragra.com","jadcve@gmail.com","tesoreria@suragra.com"],"cc":["aracelli@suragra.com","marcoantonio@suragra.com","cinthia@suragra.com","jadcve@gmail.com","tesoreria@suragra.com"],"subject":"Resumen IVA Vencido SURAGRA","id":"0101019d9109bd87-acbaf28c-1c68-499e-8073-435929f62678-000000","msg":"✉️ Correo enviado por SES"}
{"level":30,"time":1776254861860,"pid":11260,"hostname":"TS-SURAGRA","to":["cmanzor@gls.cl","aracelli@suragra.com","marcoantonio@suragra.com","cinthia@suragra.com","jadcve@gmail.com","tesoreria@suragra.com"],"codIdtSap":"C77772750","msg":"Enviando IMOR"}
{"level":30,"time":1776254862175,"pid":11260,"hostname":"TS-SURAGRA","to":["cmanzor@gls.cl","aracelli@suragra.com","marcoantonio@suragra.com","cinthia@suragra.com","jadcve@gmail.com","tesoreria@suragra.com"],"cc":["aracelli@suragra.com","marcoantonio@suragra.com","cinthia@suragra.com","jadcve@gmail.com","tesoreria@suragra.com"],"subject":"Resumen IVA Vencido SURAGRA","id":"0101019d910a4490-c05cb034-3953-4282-be55-eef19c6344b2-000000","msg":"✉️ Correo enviado por SES"}
{"level":30,"time":1776254876289,"pid":11260,"hostname":"TS-SURAGRA","to":["FELIPE@UTILITAS.CL","aracelli@suragra.com","marcoantonio@suragra.com","cinthia@suragra.com","jadcve@gmail.com","tesoreria@suragra.com"],"codIdtSap":"C76189003","msg":"Enviando IMOR"}
{"level":30,"time":1776254876588,"pid":11260,"hostname":"TS-SURAGRA","to":["FELIPE@UTILITAS.CL","aracelli@suragra.com","marcoantonio@suragra.com","cinthia@suragra.com","jadcve@gmail.com","tesoreria@suragra.com"],"cc":["aracelli@suragra.com","marcoantonio@suragra.com","cinthia@suragra.com","jadcve@gmail.com","tesoreria@suragra.com"],"subject":"Resumen IVA Vencido SURAGRA","id":"0101019d910a7cf8-995dff30-fd14-41e4-9fb5-deec978157b0-000000","msg":"✉️ Correo enviado por SES"}
{"level":30,"time":1776254890625,"pid":11260,"hostname":"TS-SURAGRA","to":["ecanaves@i-fruit.cl","aracelli@suragra.com","marcoantonio@suragra.com","cinthia@suragra.com","jadcve@gmail.com","tesoreria@suragra.com"],"codIdtSap":"C77346494","msg":"Enviando IMOR"}
{"level":30,"time":1776254890898,"pid":11260,"hostname":"TS-SURAGRA","to":["ecanaves@i-fruit.cl","aracelli@suragra.com","marcoantonio@suragra.com","cinthia@suragra.com","jadcve@gmail.com","tesoreria@suragra.com"],"cc":["aracelli@suragra.com","marcoantonio@suragra.com","cinthia@suragra.com","jadcve@gmail.com","tesoreria@suragra.com"],"subject":"Resumen IVA Vencido SURAGRA","id":"0101019d910ab4e4-0abaa145-41f8-437b-97e8-dd3af545cf8c-000000","msg":"✉️ Correo enviado por SES"}
{"level":30,"time":1776254905187,"pid":11260,"hostname":"TS-SURAGRA","to":["PANGELINI@SFC.CL","aracelli@suragra.com","marcoantonio@suragra.com","cinthia@suragra.com","jadcve@gmail.com","tesoreria@suragra.com"],"codIdtSap":"C76154796","msg":"Enviando IMOR"}
{"level":30,"time":1776254905467,"pid":11260,"hostname":"TS-SURAGRA","to":["PANGELINI@SFC.CL","aracelli@suragra.com","marcoantonio@suragra.com","cinthia@suragra.com","jadcve@gmail.com","tesoreria@suragra.com"],"cc":["aracelli@suragra.com","marcoantonio@suragra.com","cinthia@suragra.com","jadcve@gmail.com","tesoreria@suragra.com"],"subject":"Resumen IVA Vencido SURAGRA","id":"0101019d910aedc7-ffd9f2a3-fb5e-4069-b697-a5eaaa9f5224-000000","msg":"✉️ Correo enviado por SES"}
{"level":30,"time":1776254919727,"pid":11260,"hostname":"TS-SURAGRA","to":["cmanzor@gls.cl","aracelli@suragra.com","marcoantonio@suragra.com","cinthia@suragra.com","jadcve@gmail.com","tesoreria@suragra.com"],"codIdtSap":"C99510450","msg":"Enviando IMOR"}
{"level":30,"time":1776254920011,"pid":11260,"hostname":"TS-SURAGRA","to":["cmanzor@gls.cl","aracelli@suragra.com","marcoantonio@suragra.com","cinthia@suragra.com","jadcve@gmail.com","tesoreria@suragra.com"],"cc":["aracelli@suragra.com","marcoantonio@suragra.com","cinthia@suragra.com","jadcve@gmail.com","tesoreria@suragra.com"],"subject":"Resumen IVA Vencido SURAGRA","id":"0101019d910b2683-800683f6-3558-41c7-be77-f9c717cf5cff-000000","msg":"✉️ Correo enviado por SES"}
{"level":30,"time":1776254958523,"pid":11260,"hostname":"TS-SURAGRA","to":["BMARCHANT@CFN.CL","aracelli@suragra.com","marcoantonio@suragra.com","cinthia@suragra.com","jadcve@gmail.com","tesoreria@suragra.com"],"codIdtSap":"C96893740","msg":"Enviando IMOR"}
{"level":30,"time":1776254958856,"pid":11260,"hostname":"TS-SURAGRA","to":["BMARCHANT@CFN.CL","aracelli@suragra.com","marcoantonio@suragra.com","cinthia@suragra.com","jadcve@gmail.com","tesoreria@suragra.com"],"cc":["aracelli@suragra.com","marcoantonio@suragra.com","cinthia@suragra.com","jadcve@gmail.com","tesoreria@suragra.com"],"subject":"Resumen IVA Vencido SURAGRA","id":"0101019d910bbe21-276cfc65-6cf4-43d3-9a2f-d7968683430c-000000","msg":"✉️ Correo enviado por SES"}
{"level":30,"time":1776254989036,"pid":11260,"hostname":"TS-SURAGRA","to":["adquisicionescarsal@gmail.com","aracelli@suragra.com","marcoantonio@suragra.com","cinthia@suragra.com","jadcve@gmail.com","tesoreria@suragra.com"],"codIdtSap":"C78557210","msg":"Enviando IMOR"}
{"level":30,"time":1776254989333,"pid":11260,"hostname":"TS-SURAGRA","to":["adquisicionescarsal@gmail.com","aracelli@suragra.com","marcoantonio@suragra.com","cinthia@suragra.com","jadcve@gmail.com","tesoreria@suragra.com"],"cc":["aracelli@suragra.com","marcoantonio@suragra.com","cinthia@suragra.com","jadcve@gmail.com","tesoreria@suragra.com"],"subject":"Resumen IVA Vencido SURAGRA","id":"0101019d910c3553-3562bb3c-1321-465b-a9f8-ee515210cf8e-000000","msg":"✉️ Correo enviado por SES"}
{"level":30,"time":1776255011988,"pid":11260,"hostname":"TS-SURAGRA","to":["jzfernandez@uc.cl","aracelli@suragra.com","marcoantonio@suragra.com","cinthia@suragra.com","jadcve@gmail.com","tesoreria@suragra.com"],"codIdtSap":"C76076784","msg":"Enviando IMOR"}
{"level":30,"time":1776255012280,"pid":11260,"hostname":"TS-SURAGRA","to":["jzfernandez@uc.cl","aracelli@suragra.com","marcoantonio@suragra.com","cinthia@suragra.com","jadcve@gmail.com","tesoreria@suragra.com"],"cc":["aracelli@suragra.com","marcoantonio@suragra.com","cinthia@suragra.com","jadcve@gmail.com","tesoreria@suragra.com"],"subject":"Resumen IVA Vencido SURAGRA","id":"0101019d910c8efc-ea1c0b2d-9071-40bb-bfae-15bcf84c5018-000000","msg":"✉️ Correo enviado por SES"}
{"level":30,"time":1776255034921,"pid":11260,"hostname":"TS-SURAGRA","to":["MATERIALES@LOSOLMOS.CL","aracelli@suragra.com","marcoantonio@suragra.com","cinthia@suragra.com","jadcve@gmail.com","tesoreria@suragra.com"],"codIdtSap":"C76081733","msg":"Enviando IMOR"}
{"level":30,"time":1776255035184,"pid":11260,"hostname":"TS-SURAGRA","to":["MATERIALES@LOSOLMOS.CL","aracelli@suragra.com","marcoantonio@suragra.com","cinthia@suragra.com","jadcve@gmail.com","tesoreria@suragra.com"],"cc":["aracelli@suragra.com","marcoantonio@suragra.com","cinthia@suragra.com","jadcve@gmail.com","tesoreria@suragra.com"],"subject":"Resumen IVA Vencido SURAGRA","id":"0101019d910ce87c-9df58b1a-78d8-43f5-a725-7e33223b3ebb-000000","msg":"✉️ Correo enviado por SES"}
{"level":30,"time":1776255053279,"pid":11260,"hostname":"TS-SURAGRA","to":["cramleon@gmail.com","aracelli@suragra.com","marcoantonio@suragra.com","cinthia@suragra.com","jadcve@gmail.com","tesoreria@suragra.com"],"codIdtSap":"C76592089","msg":"Enviando IMOR"}
{"level":30,"time":1776255053541,"pid":11260,"hostname":"TS-SURAGRA","to":["cramleon@gmail.com","aracelli@suragra.com","marcoantonio@suragra.com","cinthia@suragra.com","jadcve@gmail.com","tesoreria@suragra.com"],"cc":["aracelli@suragra.com","marcoantonio@suragra.com","cinthia@suragra.com","jadcve@gmail.com","tesoreria@suragra.com"],"subject":"Resumen IVA Vencido SURAGRA","id":"0101019d910d3034-3b3f2814-ef16-464b-a1e9-52588733a347-000000","msg":"✉️ Correo enviado por SES"}
{"level":30,"time":1776255067652,"pid":11260,"hostname":"TS-SURAGRA","to":["frojas@norfrut.cl","aracelli@suragra.com","marcoantonio@suragra.com","cinthia@suragra.com","jadcve@gmail.com","tesoreria@suragra.com"],"codIdtSap":"C78101430","msg":"Enviando IMOR"}
{"level":30,"time":1776255067946,"pid":11260,"hostname":"TS-SURAGRA","to":["frojas@norfrut.cl","aracelli@suragra.com","marcoantonio@suragra.com","cinthia@suragra.com","jadcve@gmail.com","tesoreria@suragra.com"],"cc":["aracelli@suragra.com","marcoantonio@suragra.com","cinthia@suragra.com","jadcve@gmail.com","tesoreria@suragra.com"],"subject":"Resumen IVA Vencido SURAGRA","id":"0101019d910d6869-88fc556c-c01f-4a10-bb41-f338fcdc9f0a-000000","msg":"✉️ Correo enviado por SES"}
{"level":30,"time":1776255089950,"pid":11260,"hostname":"TS-SURAGRA","to":["fernanda@espejofruits.com","aracelli@suragra.com","marcoantonio@suragra.com","cinthia@suragra.com","jadcve@gmail.com","tesoreria@suragra.com"],"codIdtSap":"C77280637","msg":"Enviando IMOR"}
{"level":30,"time":1776255090236,"pid":11260,"hostname":"TS-SURAGRA","to":["fernanda@espejofruits.com","aracelli@suragra.com","marcoantonio@suragra.com","cinthia@suragra.com","jadcve@gmail.com","tesoreria@suragra.com"],"cc":["aracelli@suragra.com","marcoantonio@suragra.com","cinthia@suragra.com","jadcve@gmail.com","tesoreria@suragra.com"],"subject":"Resumen IVA Vencido SURAGRA","id":"0101019d910dbf84-33d59a52-f6c3-4048-b359-6202c36b08e3-000000","msg":"✉️ Correo enviado por SES"}
{"level":30,"time":1776255108272,"pid":11260,"hostname":"TS-SURAGRA","to":["mbm@brix.cl","aracelli@suragra.com","marcoantonio@suragra.com","cinthia@suragra.com","jadcve@gmail.com","tesoreria@suragra.com"],"codIdtSap":"C76143653","msg":"Enviando IMOR"}
{"level":30,"time":1776255108548,"pid":11260,"hostname":"TS-SURAGRA","to":["mbm@brix.cl","aracelli@suragra.com","marcoantonio@suragra.com","cinthia@suragra.com","jadcve@gmail.com","tesoreria@suragra.com"],"cc":["aracelli@suragra.com","marcoantonio@suragra.com","cinthia@suragra.com","jadcve@gmail.com","tesoreria@suragra.com"],"subject":"Resumen IVA Vencido SURAGRA","id":"0101019d910e071a-cea1d0b6-141c-4f5f-b585-c901be17d28d-000000","msg":"✉️ Correo enviado por SES"}
{"level":30,"time":1776255130683,"pid":11260,"hostname":"TS-SURAGRA","to":["brevismanuel@gmail.com","aracelli@suragra.com","marcoantonio@suragra.com","cinthia@suragra.com","jadcve@gmail.com","tesoreria@suragra.com"],"codIdtSap":"C77149620","msg":"Enviando IMOR"}
{"level":30,"time":1776255130954,"pid":11260,"hostname":"TS-SURAGRA","to":["brevismanuel@gmail.com","aracelli@suragra.com","marcoantonio@suragra.com","cinthia@suragra.com","jadcve@gmail.com","tesoreria@suragra.com"],"cc":["aracelli@suragra.com","marcoantonio@suragra.com","cinthia@suragra.com","jadcve@gmail.com","tesoreria@suragra.com"],"subject":"Resumen IVA Vencido SURAGRA","id":"0101019d910e5ea3-d89d0f77-17ee-4515-9cf9-9084289c94d0-000000","msg":"✉️ Correo enviado por SES"}
{"level":30,"time":1776255145647,"pid":11260,"hostname":"TS-SURAGRA","to":["tomas@fruteraguasblancas.cl","aracelli@suragra.com","marcoantonio@suragra.com","cinthia@suragra.com","jadcve@gmail.com","tesoreria@suragra.com"],"codIdtSap":"C79660760","msg":"Enviando IMOR"}
{"level":30,"time":1776255146098,"pid":11260,"hostname":"TS-SURAGRA","to":["tomas@fruteraguasblancas.cl","aracelli@suragra.com","marcoantonio@suragra.com","cinthia@suragra.com","jadcve@gmail.com","tesoreria@suragra.com"],"cc":["aracelli@suragra.com","marcoantonio@suragra.com","cinthia@suragra.com","jadcve@gmail.com","tesoreria@suragra.com"],"subject":"Resumen IVA Vencido SURAGRA","id":"0101019d910e9901-2a4ae36a-b32c-482a-8ff0-0071268e1036-000000","msg":"✉️ Correo enviado por SES"}
{"level":30,"time":1776255163692,"pid":11260,"hostname":"TS-SURAGRA","to":["hector@fruitsana.com","aracelli@suragra.com","marcoantonio@suragra.com","cinthia@suragra.com","jadcve@gmail.com","tesoreria@suragra.com"],"codIdtSap":"C89578800","msg":"Enviando IMOR"}
{"level":30,"time":1776255163991,"pid":11260,"hostname":"TS-SURAGRA","to":["hector@fruitsana.com","aracelli@suragra.com","marcoantonio@suragra.com","cinthia@suragra.com","jadcve@gmail.com","tesoreria@suragra.com"],"cc":["aracelli@suragra.com","marcoantonio@suragra.com","cinthia@suragra.com","jadcve@gmail.com","tesoreria@suragra.com"],"subject":"Resumen IVA Vencido SURAGRA","id":"0101019d910edf99-3404c76f-336c-4bf5-a38f-cae362f7e94f-000000","msg":"✉️ Correo enviado por SES"}
{"level":30,"time":1776255178182,"pid":11260,"hostname":"TS-SURAGRA","to":["alfredochimenti@gmail.com","aracelli@suragra.com","marcoantonio@suragra.com","cinthia@suragra.com","jadcve@gmail.com","tesoreria@suragra.com"],"codIdtSap":"C4344518","msg":"Enviando IMOR"}
{"level":30,"time":1776255178436,"pid":11260,"hostname":"TS-SURAGRA","to":["alfredochimenti@gmail.com","aracelli@suragra.com","marcoantonio@suragra.com","cinthia@suragra.com","jadcve@gmail.com","tesoreria@suragra.com"],"cc":["aracelli@suragra.com","marcoantonio@suragra.com","cinthia@suragra.com","jadcve@gmail.com","tesoreria@suragra.com"],"subject":"Resumen IVA Vencido SURAGRA","id":"0101019d910f181a-72a6afa5-2d1d-4a6e-a6e6-5adec6654318-000000","msg":"✉️ Correo enviado por SES"}
{"level":30,"time":1776255192636,"pid":11260,"hostname":"TS-SURAGRA","to":["f.martinez@agrofruta.cl","aracelli@suragra.com","marcoantonio@suragra.com","cinthia@suragra.com","jadcve@gmail.com","tesoreria@suragra.com"],"codIdtSap":"C77618380","msg":"Enviando IMOR"}
{"level":30,"time":1776255192928,"pid":11260,"hostname":"TS-SURAGRA","to":["f.martinez@agrofruta.cl","aracelli@suragra.com","marcoantonio@suragra.com","cinthia@suragra.com","jadcve@gmail.com","tesoreria@suragra.com"],"cc":["aracelli@suragra.com","marcoantonio@suragra.com","cinthia@suragra.com","jadcve@gmail.com","tesoreria@suragra.com"],"subject":"Resumen IVA Vencido SURAGRA","id":"0101019d910f509f-8e6e2bb6-8f65-4ed0-a7d4-ed75b98cf0c6-000000","msg":"✉️ Correo enviado por SES"}
{"level":30,"time":1776255211145,"pid":11260,"hostname":"TS-SURAGRA","to":["CMANZOR@GLS.CL","aracelli@suragra.com","marcoantonio@suragra.com","cinthia@suragra.com","jadcve@gmail.com","tesoreria@suragra.com"],"codIdtSap":"C99504220","msg":"Enviando IMOR"}
{"level":30,"time":1776255211427,"pid":11260,"hostname":"TS-SURAGRA","to":["CMANZOR@GLS.CL","aracelli@suragra.com","marcoantonio@suragra.com","cinthia@suragra.com","jadcve@gmail.com","tesoreria@suragra.com"],"cc":["aracelli@suragra.com","marcoantonio@suragra.com","cinthia@suragra.com","jadcve@gmail.com","tesoreria@suragra.com"],"subject":"Resumen IVA Vencido SURAGRA","id":"0101019d910f98f1-c3e7ad35-6115-43ec-b268-58b0c6729a79-000000","msg":"✉️ Correo enviado por SES"}
{"level":30,"time":1776255237758,"pid":11260,"hostname":"TS-SURAGRA","to":["GHERNANDEZ@SALC.CL","aracelli@suragra.com","marcoantonio@suragra.com","cinthia@suragra.com","jadcve@gmail.com","tesoreria@suragra.com"],"codIdtSap":"C77221510","msg":"Enviando IMOR"}
{"level":30,"time":1776255238072,"pid":11260,"hostname":"TS-SURAGRA","to":["GHERNANDEZ@SALC.CL","aracelli@suragra.com","marcoantonio@suragra.com","cinthia@suragra.com","jadcve@gmail.com","tesoreria@suragra.com"],"cc":["aracelli@suragra.com","marcoantonio@suragra.com","cinthia@suragra.com","jadcve@gmail.com","tesoreria@suragra.com"],"subject":"Resumen IVA Vencido SURAGRA","id":"0101019d911000e3-1b174fb4-dd2d-4e89-901c-f7c0fc723dde-000000","msg":"✉️ Correo enviado por SES"}
{"level":30,"time":1776255252311,"pid":11260,"hostname":"TS-SURAGRA","to":["jgonzalezd@frutoslaaguada.cl","aracelli@suragra.com","marcoantonio@suragra.com","cinthia@suragra.com","jadcve@gmail.com","tesoreria@suragra.com"],"codIdtSap":"C76625630-9","msg":"Enviando IMOR"}
{"level":30,"time":1776255252591,"pid":11260,"hostname":"TS-SURAGRA","to":["jgonzalezd@frutoslaaguada.cl","aracelli@suragra.com","marcoantonio@suragra.com","cinthia@suragra.com","jadcve@gmail.com","tesoreria@suragra.com"],"cc":["aracelli@suragra.com","marcoantonio@suragra.com","cinthia@suragra.com","jadcve@gmail.com","tesoreria@suragra.com"],"subject":"Resumen IVA Vencido SURAGRA","id":"0101019d911039bc-845375f8-6174-4cb9-bf62-80e0c0a0f8bc-000000","msg":"✉️ Correo enviado por SES"}
{"level":30,"time":1776255295077,"pid":11260,"hostname":"TS-SURAGRA","to":["maria.nahuel@geexsa.com","aracelli@suragra.com","marcoantonio@suragra.com","cinthia@suragra.com","jadcve@gmail.com","tesoreria@suragra.com"],"codIdtSap":"C96867620","msg":"Enviando IMOR"}
{"level":30,"time":1776255295354,"pid":11260,"hostname":"TS-SURAGRA","to":["maria.nahuel@geexsa.com","aracelli@suragra.com","marcoantonio@suragra.com","cinthia@suragra.com","jadcve@gmail.com","tesoreria@suragra.com"],"cc":["aracelli@suragra.com","marcoantonio@suragra.com","cinthia@suragra.com","jadcve@gmail.com","tesoreria@suragra.com"],"subject":"Resumen IVA Vencido SURAGRA","id":"0101019d9110e0cd-36d1a66e-f7a3-47e1-810c-55425e3ec60e-000000","msg":"✉️ Correo enviado por SES"}
{"level":30,"time":1776255362062,"pid":11260,"hostname":"TS-SURAGRA","to":["DTORO@PROVEXSA.COM","aracelli@suragra.com","marcoantonio@suragra.com","cinthia@suragra.com","jadcve@gmail.com","tesoreria@suragra.com"],"codIdtSap":"C77076859","msg":"Enviando IMOR"}
{"level":30,"time":1776255362912,"pid":11260,"hostname":"TS-SURAGRA","to":["DTORO@PROVEXSA.COM","aracelli@suragra.com","marcoantonio@suragra.com","cinthia@suragra.com","jadcve@gmail.com","tesoreria@suragra.com"],"cc":["aracelli@suragra.com","marcoantonio@suragra.com","cinthia@suragra.com","jadcve@gmail.com","tesoreria@suragra.com"],"subject":"Resumen IVA Vencido SURAGRA","id":"0101019d9111e89f-d643fc3a-7ea1-4fb6-8cda-e0c7234c982a-000000","msg":"✉️ Correo enviado por SES"}
{"level":30,"time":1776255389449,"pid":11260,"hostname":"TS-SURAGRA","to":["ADMINISTRACION@CMXGROUP.NET","aracelli@suragra.com","marcoantonio@suragra.com","cinthia@suragra.com","jadcve@gmail.com","tesoreria@suragra.com"],"codIdtSap":"C76446121","msg":"Enviando IMOR"}
{"level":30,"time":1776255389735,"pid":11260,"hostname":"TS-SURAGRA","to":["ADMINISTRACION@CMXGROUP.NET","aracelli@suragra.com","marcoantonio@suragra.com","cinthia@suragra.com","jadcve@gmail.com","tesoreria@suragra.com"],"cc":["aracelli@suragra.com","marcoantonio@suragra.com","cinthia@suragra.com","jadcve@gmail.com","tesoreria@suragra.com"],"subject":"Resumen IVA Vencido SURAGRA","id":"0101019d91125170-9417fe0e-d1aa-4d89-8be6-60b647959b47-000000","msg":"✉️ Correo enviado por SES"}
{"level":30,"time":1776255403765,"pid":11260,"hostname":"TS-SURAGRA","to":["lmiranda@cylfrut.cl","aracelli@suragra.com","marcoantonio@suragra.com","cinthia@suragra.com","jadcve@gmail.com","tesoreria@suragra.com"],"codIdtSap":"C76904417","msg":"Enviando IMOR"}
{"level":30,"time":1776255404070,"pid":11260,"hostname":"TS-SURAGRA","to":["lmiranda@cylfrut.cl","aracelli@suragra.com","marcoantonio@suragra.com","cinthia@suragra.com","jadcve@gmail.com","tesoreria@suragra.com"],"cc":["aracelli@suragra.com","marcoantonio@suragra.com","cinthia@suragra.com","jadcve@gmail.com","tesoreria@suragra.com"],"subject":"Resumen IVA Vencido SURAGRA","id":"0101019d9112895c-38a24cf9-5904-4a62-b7fa-34183daf51d2-000000","msg":"✉️ Correo enviado por SES"}
{"level":30,"time":1776255418103,"pid":11260,"hostname":"TS-SURAGRA","to":["CGONZALEZ@MEYERSA.CL","aracelli@suragra.com","marcoantonio@suragra.com","cinthia@suragra.com","jadcve@gmail.com","tesoreria@suragra.com"],"codIdtSap":"C96688810","msg":"Enviando IMOR"}
{"level":30,"time":1776255418423,"pid":11260,"hostname":"TS-SURAGRA","to":["CGONZALEZ@MEYERSA.CL","aracelli@suragra.com","marcoantonio@suragra.com","cinthia@suragra.com","jadcve@gmail.com","tesoreria@suragra.com"],"cc":["aracelli@suragra.com","marcoantonio@suragra.com","cinthia@suragra.com","jadcve@gmail.com","tesoreria@suragra.com"],"subject":"Resumen IVA Vencido SURAGRA","id":"0101019d9112c182-15f13a93-e4c8-494a-a1a2-50ec2a599faa-000000","msg":"✉️ Correo enviado por SES"}
{"level":30,"time":1776255448565,"pid":11260,"hostname":"TS-SURAGRA","to":["RAMON.ACOSTA@ACOSTAHNOS.CL","aracelli@suragra.com","marcoantonio@suragra.com","cinthia@suragra.com","jadcve@gmail.com","tesoreria@suragra.com"],"codIdtSap":"C77142343","msg":"Enviando IMOR"}
{"level":30,"time":1776255448868,"pid":11260,"hostname":"TS-SURAGRA","to":["RAMON.ACOSTA@ACOSTAHNOS.CL","aracelli@suragra.com","marcoantonio@suragra.com","cinthia@suragra.com","jadcve@gmail.com","tesoreria@suragra.com"],"cc":["aracelli@suragra.com","marcoantonio@suragra.com","cinthia@suragra.com","jadcve@gmail.com","tesoreria@suragra.com"],"subject":"Resumen IVA Vencido SURAGRA","id":"0101019d91133860-c9f4975c-05c9-4aa8-bcb9-32e9fd2c9589-000000","msg":"✉️ Correo enviado por SES"}
{"level":30,"time":1776255462940,"pid":11260,"hostname":"TS-SURAGRA","to":["jherrera@laberintospa.cl","aracelli@suragra.com","marcoantonio@suragra.com","cinthia@suragra.com","jadcve@gmail.com","tesoreria@suragra.com"],"codIdtSap":"C76514077","msg":"Enviando IMOR"}
{"level":30,"time":1776255463237,"pid":11260,"hostname":"TS-SURAGRA","to":["jherrera@laberintospa.cl","aracelli@suragra.com","marcoantonio@suragra.com","cinthia@suragra.com","jadcve@gmail.com","tesoreria@suragra.com"],"cc":["aracelli@suragra.com","marcoantonio@suragra.com","cinthia@suragra.com","jadcve@gmail.com","tesoreria@suragra.com"],"subject":"Resumen IVA Vencido SURAGRA","id":"0101019d91137083-757b42a9-c15a-4950-aef9-ab406ad00a18-000000","msg":"✉️ Correo enviado por SES"}
{"level":30,"time":1776255477306,"pid":11260,"hostname":"TS-SURAGRA","to":["fcm@johnsonfruit.cl","aracelli@suragra.com","marcoantonio@suragra.com","cinthia@suragra.com","jadcve@gmail.com","tesoreria@suragra.com"],"codIdtSap":"C77341510","msg":"Enviando IMOR"}
{"level":30,"time":1776255477632,"pid":11260,"hostname":"TS-SURAGRA","to":["fcm@johnsonfruit.cl","aracelli@suragra.com","marcoantonio@suragra.com","cinthia@suragra.com","jadcve@gmail.com","tesoreria@suragra.com"],"cc":["aracelli@suragra.com","marcoantonio@suragra.com","cinthia@suragra.com","jadcve@gmail.com","tesoreria@suragra.com"],"subject":"Resumen IVA Vencido SURAGRA","id":"0101019d9113a8a6-25c1c248-7652-420b-bdc0-3ac0a05cb7c7-000000","msg":"✉️ Correo enviado por SES"}
{"level":30,"time":1776255491756,"pid":11260,"hostname":"TS-SURAGRA","to":["silvia.morales@famyfruit.cl","aracelli@suragra.com","marcoantonio@suragra.com","cinthia@suragra.com","jadcve@gmail.com","tesoreria@suragra.com"],"codIdtSap":"C76171848","msg":"Enviando IMOR"}
{"level":30,"time":1776255492078,"pid":11260,"hostname":"TS-SURAGRA","to":["silvia.morales@famyfruit.cl","aracelli@suragra.com","marcoantonio@suragra.com","cinthia@suragra.com","jadcve@gmail.com","tesoreria@suragra.com"],"cc":["aracelli@suragra.com","marcoantonio@suragra.com","cinthia@suragra.com","jadcve@gmail.com","tesoreria@suragra.com"],"subject":"Resumen IVA Vencido SURAGRA","id":"0101019d9113e11c-f839edb7-bf65-45f0-90cb-4aa2c768a008-000000","msg":"✉️ Correo enviado por SES"}
{"level":30,"time":1776255506291,"pid":11260,"hostname":"TS-SURAGRA","to":["mleiva@ptoazul.cl","aracelli@suragra.com","marcoantonio@suragra.com","cinthia@suragra.com","jadcve@gmail.com","tesoreria@suragra.com"],"codIdtSap":"C76522630","msg":"Enviando IMOR"}
{"level":30,"time":1776255506586,"pid":11260,"hostname":"TS-SURAGRA","to":["mleiva@ptoazul.cl","aracelli@suragra.com","marcoantonio@suragra.com","cinthia@suragra.com","jadcve@gmail.com","tesoreria@suragra.com"],"cc":["aracelli@suragra.com","marcoantonio@suragra.com","cinthia@suragra.com","jadcve@gmail.com","tesoreria@suragra.com"],"subject":"Resumen IVA Vencido SURAGRA","id":"0101019d911419e0-017403d1-ceda-492a-9f94-263c819c4cae-000000","msg":"✉️ Correo enviado por SES"}
{"level":30,"time":1776255515756,"pid":11260,"hostname":"TS-SURAGRA","to":["mauchaco@gmail.com","aracelli@suragra.com","marcoantonio@suragra.com","cinthia@suragra.com","jadcve@gmail.com","tesoreria@suragra.com"],"codIdtSap":"C76609683","msg":"Enviando IMOR"}
{"level":30,"time":1776255516063,"pid":11260,"hostname":"TS-SURAGRA","to":["mauchaco@gmail.com","aracelli@suragra.com","marcoantonio@suragra.com","cinthia@suragra.com","jadcve@gmail.com","tesoreria@suragra.com"],"cc":["aracelli@suragra.com","marcoantonio@suragra.com","cinthia@suragra.com","jadcve@gmail.com","tesoreria@suragra.com"],"subject":"Resumen IVA Vencido SURAGRA","id":"0101019d91143ec0-0818c8a5-ebf8-4f49-a8e8-0a0f4fdb831e-000000","msg":"✉️ Correo enviado por SES"}
{"level":30,"time":1776255542236,"pid":11260,"hostname":"TS-SURAGRA","to":["plopez@grupodelirio.cl","aracelli@suragra.com","marcoantonio@suragra.com","cinthia@suragra.com","jadcve@gmail.com","tesoreria@suragra.com"],"codIdtSap":"C76101146","msg":"Enviando IMOR"}
{"level":30,"time":1776255542529,"pid":11260,"hostname":"TS-SURAGRA","to":["plopez@grupodelirio.cl","aracelli@suragra.com","marcoantonio@suragra.com","cinthia@suragra.com","jadcve@gmail.com","tesoreria@suragra.com"],"cc":["aracelli@suragra.com","marcoantonio@suragra.com","cinthia@suragra.com","jadcve@gmail.com","tesoreria@suragra.com"],"subject":"Resumen IVA Vencido SURAGRA","id":"0101019d9114a643-40589552-66a2-4c7b-8e2e-31081936fb94-000000","msg":"✉️ Correo enviado por SES"}
{"level":30,"time":1776255556667,"pid":11260,"hostname":"TS-SURAGRA","to":["storo@upacfruit.com","aracelli@suragra.com","marcoantonio@suragra.com","cinthia@suragra.com","jadcve@gmail.com","tesoreria@suragra.com"],"codIdtSap":"C76738610","msg":"Enviando IMOR"}
{"level":30,"time":1776255556951,"pid":11260,"hostname":"TS-SURAGRA","to":["storo@upacfruit.com","aracelli@suragra.com","marcoantonio@suragra.com","cinthia@suragra.com","jadcve@gmail.com","tesoreria@suragra.com"],"cc":["aracelli@suragra.com","marcoantonio@suragra.com","cinthia@suragra.com","jadcve@gmail.com","tesoreria@suragra.com"],"subject":"Resumen IVA Vencido SURAGRA","id":"0101019d9114de9e-73eeab32-b5d7-4369-b16b-e973d683577a-000000","msg":"✉️ Correo enviado por SES"}
{"level":30,"time":1776255583268,"pid":11260,"hostname":"TS-SURAGRA","to":["frojas@norfrut.cl","aracelli@suragra.com","marcoantonio@suragra.com","cinthia@suragra.com","jadcve@gmail.com","tesoreria@suragra.com"],"codIdtSap":"C76056132","msg":"Enviando IMOR"}
{"level":30,"time":1776255583617,"pid":11260,"hostname":"TS-SURAGRA","to":["frojas@norfrut.cl","aracelli@suragra.com","marcoantonio@suragra.com","cinthia@suragra.com","jadcve@gmail.com","tesoreria@suragra.com"],"cc":["aracelli@suragra.com","marcoantonio@suragra.com","cinthia@suragra.com","jadcve@gmail.com","tesoreria@suragra.com"],"subject":"Resumen IVA Vencido SURAGRA","id":"0101019d9115468d-f773ffe8-9cee-4604-8590-e28985fd9139-000000","msg":"✉️ Correo enviado por SES"}
{"level":30,"time":1776255610105,"pid":11260,"hostname":"TS-SURAGRA","to":["agricolaitaliana6@gmail.com","aracelli@suragra.com","marcoantonio@suragra.com","cinthia@suragra.com","jadcve@gmail.com","tesoreria@suragra.com"],"codIdtSap":"C76073818","msg":"Enviando IMOR"}
{"level":30,"time":1776255610408,"pid":11260,"hostname":"TS-SURAGRA","to":["agricolaitaliana6@gmail.com","aracelli@suragra.com","marcoantonio@suragra.com","cinthia@suragra.com","jadcve@gmail.com","tesoreria@suragra.com"],"cc":["aracelli@suragra.com","marcoantonio@suragra.com","cinthia@suragra.com","jadcve@gmail.com","tesoreria@suragra.com"],"subject":"Resumen IVA Vencido SURAGRA","id":"0101019d9115af63-3454c551-a10e-4994-b765-184f10455b09-000000","msg":"✉️ Correo enviado por SES"}
{"level":30,"time":1776255662127,"pid":11260,"hostname":"TS-SURAGRA","to":["paula.munoz@santa-rosario.com","aracelli@suragra.com","marcoantonio@suragra.com","cinthia@suragra.com","jadcve@gmail.com","tesoreria@suragra.com"],"codIdtSap":"C77757654","msg":"Enviando IMOR"}
{"level":30,"time":1776255662495,"pid":11260,"hostname":"TS-SURAGRA","to":["paula.munoz@santa-rosario.com","aracelli@suragra.com","marcoantonio@suragra.com","cinthia@suragra.com","jadcve@gmail.com","tesoreria@suragra.com"],"cc":["aracelli@suragra.com","marcoantonio@suragra.com","cinthia@suragra.com","jadcve@gmail.com","tesoreria@suragra.com"],"subject":"Resumen IVA Vencido SURAGRA","id":"0101019d91167a99-b44d245d-1cf1-4c42-8b16-1072772c181b-000000","msg":"✉️ Correo enviado por SES"}
{"level":30,"time":1776255685780,"pid":11260,"hostname":"TS-SURAGRA","to":["jcastro@geofrut.cl","aracelli@suragra.com","marcoantonio@suragra.com","cinthia@suragra.com","jadcve@gmail.com","tesoreria@suragra.com"],"codIdtSap":"C96609410","msg":"Enviando IMOR"}
{"level":30,"time":1776255686085,"pid":11260,"hostname":"TS-SURAGRA","to":["jcastro@geofrut.cl","aracelli@suragra.com","marcoantonio@suragra.com","cinthia@suragra.com","jadcve@gmail.com","tesoreria@suragra.com"],"cc":["aracelli@suragra.com","marcoantonio@suragra.com","cinthia@suragra.com","jadcve@gmail.com","tesoreria@suragra.com"],"subject":"Resumen IVA Vencido SURAGRA","id":"0101019d9116d6fa-e647eda2-dea5-4179-a043-90646e656581-000000","msg":"✉️ Correo enviado por SES"}
{"level":30,"time":1776255716430,"pid":11260,"hostname":"TS-SURAGRA","to":["abaeza@fruka.cl","aracelli@suragra.com","marcoantonio@suragra.com","cinthia@suragra.com","jadcve@gmail.com","tesoreria@suragra.com"],"codIdtSap":"C76681878","msg":"Enviando IMOR"}
{"level":30,"time":1776255716727,"pid":11260,"hostname":"TS-SURAGRA","to":["abaeza@fruka.cl","aracelli@suragra.com","marcoantonio@suragra.com","cinthia@suragra.com","jadcve@gmail.com","tesoreria@suragra.com"],"cc":["aracelli@suragra.com","marcoantonio@suragra.com","cinthia@suragra.com","jadcve@gmail.com","tesoreria@suragra.com"],"subject":"Resumen IVA Vencido SURAGRA","id":"0101019d91174eb6-91767c15-40ca-4d16-a989-a36f592a90b6-000000","msg":"✉️ Correo enviado por SES"}
{"level":30,"time":1776255731023,"pid":11260,"hostname":"TS-SURAGRA","to":["LAFRUT@LAFRUT.CL","aracelli@suragra.com","marcoantonio@suragra.com","cinthia@suragra.com","jadcve@gmail.com","tesoreria@suragra.com"],"codIdtSap":"C79759730","msg":"Enviando IMOR"}
{"level":30,"time":1776255731311,"pid":11260,"hostname":"TS-SURAGRA","to":["LAFRUT@LAFRUT.CL","aracelli@suragra.com","marcoantonio@suragra.com","cinthia@suragra.com","jadcve@gmail.com","tesoreria@suragra.com"],"cc":["aracelli@suragra.com","marcoantonio@suragra.com","cinthia@suragra.com","jadcve@gmail.com","tesoreria@suragra.com"],"subject":"Resumen IVA Vencido SURAGRA","id":"0101019d911787b5-a5e5d7d2-c240-490d-8d25-6aa3ead9163d-000000","msg":"✉️ Correo enviado por SES"}
{"level":30,"time":1776255740492,"pid":11260,"hostname":"TS-SURAGRA","to":["rrojas@chilfresh.cl","aracelli@suragra.com","marcoantonio@suragra.com","cinthia@suragra.com","jadcve@gmail.com","tesoreria@suragra.com"],"codIdtSap":"C96690500","msg":"Enviando IMOR"}
{"level":30,"time":1776255740789,"pid":11260,"hostname":"TS-SURAGRA","to":["rrojas@chilfresh.cl","aracelli@suragra.com","marcoantonio@suragra.com","cinthia@suragra.com","jadcve@gmail.com","tesoreria@suragra.com"],"cc":["aracelli@suragra.com","marcoantonio@suragra.com","cinthia@suragra.com","jadcve@gmail.com","tesoreria@suragra.com"],"subject":"Resumen IVA Vencido SURAGRA","id":"0101019d9117acb8-26033138-5483-47f4-966e-d434624a0b63-000000","msg":"✉️ Correo enviado por SES"}
{"level":30,"time":1776255763110,"pid":11260,"hostname":"TS-SURAGRA","to":["SANDRA@IDAHUECHILE.CL","aracelli@suragra.com","marcoantonio@suragra.com","cinthia@suragra.com","jadcve@gmail.com","tesoreria@suragra.com"],"codIdtSap":"C76918170","msg":"Enviando IMOR"}
{"level":30,"time":1776255763472,"pid":11260,"hostname":"TS-SURAGRA","to":["SANDRA@IDAHUECHILE.CL","aracelli@suragra.com","marcoantonio@suragra.com","cinthia@suragra.com","jadcve@gmail.com","tesoreria@suragra.com"],"cc":["aracelli@suragra.com","marcoantonio@suragra.com","cinthia@suragra.com","jadcve@gmail.com","tesoreria@suragra.com"],"subject":"Resumen IVA Vencido SURAGRA","id":"0101019d91180507-c96b2ed5-d505-405a-a1e0-acbaca102988-000000","msg":"✉️ Correo enviado por SES"}
{"level":30,"time":1776255785937,"pid":11260,"hostname":"TS-SURAGRA","to":["lpinto@fundolacampana.cl","aracelli@suragra.com","marcoantonio@suragra.com","cinthia@suragra.com","jadcve@gmail.com","tesoreria@suragra.com"],"codIdtSap":"C76979390","msg":"Enviando IMOR"}
{"level":30,"time":1776255786229,"pid":11260,"hostname":"TS-SURAGRA","to":["lpinto@fundolacampana.cl","aracelli@suragra.com","marcoantonio@suragra.com","cinthia@suragra.com","jadcve@gmail.com","tesoreria@suragra.com"],"cc":["aracelli@suragra.com","marcoantonio@suragra.com","cinthia@suragra.com","jadcve@gmail.com","tesoreria@suragra.com"],"subject":"Resumen IVA Vencido SURAGRA","id":"0101019d91185e25-0f6d26b6-2680-4816-bab6-199ad9454dfe-000000","msg":"✉️ Correo enviado por SES"}
{"level":30,"time":1776255804534,"pid":11260,"hostname":"TS-SURAGRA","to":["r.jimenez@exportadoradisfruta.cl","aracelli@suragra.com","marcoantonio@suragra.com","cinthia@suragra.com","jadcve@gmail.com","tesoreria@suragra.com"],"codIdtSap":"C76429771","msg":"Enviando IMOR"}
{"level":30,"time":1776255804811,"pid":11260,"hostname":"TS-SURAGRA","to":["r.jimenez@exportadoradisfruta.cl","aracelli@suragra.com","marcoantonio@suragra.com","cinthia@suragra.com","jadcve@gmail.com","tesoreria@suragra.com"],"cc":["aracelli@suragra.com","marcoantonio@suragra.com","cinthia@suragra.com","jadcve@gmail.com","tesoreria@suragra.com"],"subject":"Resumen IVA Vencido SURAGRA","id":"0101019d9118a6d9-9b6b22d6-edbe-4e86-a577-9b3a1f10231a-000000","msg":"✉️ Correo enviado por SES"}
{"level":30,"time":1776255823039,"pid":11260,"hostname":"TS-SURAGRA","to":["felipecamponovo@gmail.com","aracelli@suragra.com","marcoantonio@suragra.com","cinthia@suragra.com","jadcve@gmail.com","tesoreria@suragra.com"],"codIdtSap":"C6481839-2","msg":"Enviando IMOR"}
{"level":30,"time":1776255823325,"pid":11260,"hostname":"TS-SURAGRA","to":["felipecamponovo@gmail.com","aracelli@suragra.com","marcoantonio@suragra.com","cinthia@suragra.com","jadcve@gmail.com","tesoreria@suragra.com"],"cc":["aracelli@suragra.com","marcoantonio@suragra.com","cinthia@suragra.com","jadcve@gmail.com","tesoreria@suragra.com"],"subject":"Resumen IVA Vencido SURAGRA","id":"0101019d9118ef23-c0165397-c764-44a4-bfc1-f87223bd7f7d-000000","msg":"✉️ Correo enviado por SES"}
{"level":30,"time":1776255837640,"pid":11260,"hostname":"TS-SURAGRA","to":["VICTOR.MUNOZ@FRUCENTRO.CL","aracelli@suragra.com","marcoantonio@suragra.com","cinthia@suragra.com","jadcve@gmail.com","tesoreria@suragra.com"],"codIdtSap":"C96492000","msg":"Enviando IMOR"}
{"level":30,"time":1776255837925,"pid":11260,"hostname":"TS-SURAGRA","to":["VICTOR.MUNOZ@FRUCENTRO.CL","aracelli@suragra.com","marcoantonio@suragra.com","cinthia@suragra.com","jadcve@gmail.com","tesoreria@suragra.com"],"cc":["aracelli@suragra.com","marcoantonio@suragra.com","cinthia@suragra.com","jadcve@gmail.com","tesoreria@suragra.com"],"subject":"Resumen IVA Vencido SURAGRA","id":"0101019d91192830-27b3e949-07f2-4863-906b-728fa48d52e7-000000","msg":"✉️ Correo enviado por SES"}
{"level":30,"time":1776255852167,"pid":11260,"hostname":"TS-SURAGRA","to":["asistente@agrosercom.cl","aracelli@suragra.com","marcoantonio@suragra.com","cinthia@suragra.com","jadcve@gmail.com","tesoreria@suragra.com"],"codIdtSap":"C76769209","msg":"Enviando IMOR"}
{"level":30,"time":1776255852485,"pid":11260,"hostname":"TS-SURAGRA","to":["asistente@agrosercom.cl","aracelli@suragra.com","marcoantonio@suragra.com","cinthia@suragra.com","jadcve@gmail.com","tesoreria@suragra.com"],"cc":["aracelli@suragra.com","marcoantonio@suragra.com","cinthia@suragra.com","jadcve@gmail.com","tesoreria@suragra.com"],"subject":"Resumen IVA Vencido SURAGRA","id":"0101019d911960ee-389d17fd-5daa-4e70-945b-298275817ea0-000000","msg":"✉️ Correo enviado por SES"}
{"level":30,"time":1776255920146,"pid":11260,"hostname":"TS-SURAGRA","to":["ksalazar@greenpack.cl","aracelli@suragra.com","marcoantonio@suragra.com","cinthia@suragra.com","jadcve@gmail.com","tesoreria@suragra.com"],"codIdtSap":"C76213723","msg":"Enviando IMOR"}
{"level":30,"time":1776255921048,"pid":11260,"hostname":"TS-SURAGRA","to":["ksalazar@greenpack.cl","aracelli@suragra.com","marcoantonio@suragra.com","cinthia@suragra.com","jadcve@gmail.com","tesoreria@suragra.com"],"cc":["aracelli@suragra.com","marcoantonio@suragra.com","cinthia@suragra.com","jadcve@gmail.com","tesoreria@suragra.com"],"subject":"Resumen IVA Vencido SURAGRA","id":"0101019d911a6cd8-ccfc3089-6303-4439-ac2d-7e536b67f643-000000","msg":"✉️ Correo enviado por SES"}
{"level":30,"time":1776255921050,"pid":11260,"hostname":"TS-SURAGRA","job":"IVA","msg":"job done"}
{"level":50,"time":1776311700632,"pid":11260,"hostname":"TS-SURAGRA","job":"HEARTBEAT","err":"sendEmail is not defined","msg":"Heartbeat failed"}
{"level":50,"time":1776398100648,"pid":11260,"hostname":"TS-SURAGRA","job":"HEARTBEAT","err":"sendEmail is not defined","msg":"Heartbeat failed"}
{"level":30,"time":1776423600833,"pid":11260,"hostname":"TS-SURAGRA","subject":"Resumen Neto Vencido","msg":"Template cargado"}
{"level":30,"time":1776423628346,"pid":11260,"hostname":"TS-SURAGRA","to":["ADQUISICIONES@CRANA.CL","aracelli@suragra.com","marcoantonio@suragra.com","cinthia@suragra.com","jadcve@gmail.com","tesoreria@suragra.com"],"codIdtSap":"C79650240","msg":"Enviando NETO"}
{"level":30,"time":1776423629225,"pid":11260,"hostname":"TS-SURAGRA","to":["ADQUISICIONES@CRANA.CL","aracelli@suragra.com","marcoantonio@suragra.com","cinthia@suragra.com","jadcve@gmail.com","tesoreria@suragra.com"],"cc":["aracelli@suragra.com","marcoantonio@suragra.com","cinthia@suragra.com","jadcve@gmail.com","tesoreria@suragra.com"],"subject":"Resumen Neto Vencido SURAGRA","id":"0101019d9b1972d3-09ba7b81-1d9f-46e0-b301-9644ce84edb4-000000","msg":"📎 Correo con logo inline enviado por SES"}
{"level":30,"time":1776423645645,"pid":11260,"hostname":"TS-SURAGRA","to":["Hercanagrolimitada.export@gmail.com","aracelli@suragra.com","marcoantonio@suragra.com","cinthia@suragra.com","jadcve@gmail.com","tesoreria@suragra.com"],"codIdtSap":"C76573605","msg":"Enviando NETO"}
{"level":30,"time":1776423645948,"pid":11260,"hostname":"TS-SURAGRA","to":["Hercanagrolimitada.export@gmail.com","aracelli@suragra.com","marcoantonio@suragra.com","cinthia@suragra.com","jadcve@gmail.com","tesoreria@suragra.com"],"cc":["aracelli@suragra.com","marcoantonio@suragra.com","cinthia@suragra.com","jadcve@gmail.com","tesoreria@suragra.com"],"subject":"Resumen Neto Vencido SURAGRA","id":"0101019d9b19b441-3b6682a5-0355-45c9-9959-4272c04030f1-000000","msg":"📎 Correo con logo inline enviado por SES"}
{"level":30,"time":1776423662360,"pid":11260,"hostname":"TS-SURAGRA","to":["cramleon@gmail.com","aracelli@suragra.com","marcoantonio@suragra.com","cinthia@suragra.com","jadcve@gmail.com","tesoreria@suragra.com"],"codIdtSap":"C76592089","msg":"Enviando NETO"}
{"level":30,"time":1776423662674,"pid":11260,"hostname":"TS-SURAGRA","to":["cramleon@gmail.com","aracelli@suragra.com","marcoantonio@suragra.com","cinthia@suragra.com","jadcve@gmail.com","tesoreria@suragra.com"],"cc":["aracelli@suragra.com","marcoantonio@suragra.com","cinthia@suragra.com","jadcve@gmail.com","tesoreria@suragra.com"],"subject":"Resumen Neto Vencido SURAGRA","id":"0101019d9b19f58c-f1a340b1-c7a4-49bd-9041-6435a80db509-000000","msg":"📎 Correo con logo inline enviado por SES"}
{"level":30,"time":1776423678961,"pid":11260,"hostname":"TS-SURAGRA","to":["f.martinez@agrofruta.cl","aracelli@suragra.com","marcoantonio@suragra.com","cinthia@suragra.com","jadcve@gmail.com","tesoreria@suragra.com"],"codIdtSap":"C77618380","msg":"Enviando NETO"}
{"level":30,"time":1776423679272,"pid":11260,"hostname":"TS-SURAGRA","to":["f.martinez@agrofruta.cl","aracelli@suragra.com","marcoantonio@suragra.com","cinthia@suragra.com","jadcve@gmail.com","tesoreria@suragra.com"],"cc":["aracelli@suragra.com","marcoantonio@suragra.com","cinthia@suragra.com","jadcve@gmail.com","tesoreria@suragra.com"],"subject":"Resumen Neto Vencido SURAGRA","id":"0101019d9b1a365a-35e5c678-a7e2-4ec4-be0a-743c190c3b6a-000000","msg":"📎 Correo con logo inline enviado por SES"}
{"level":30,"time":1776423695861,"pid":11260,"hostname":"TS-SURAGRA","to":["TESORERIA@AGROFRUTA.CL","aracelli@suragra.com","marcoantonio@suragra.com","cinthia@suragra.com","jadcve@gmail.com","tesoreria@suragra.com"],"codIdtSap":"C96771340","msg":"Enviando NETO"}
{"level":30,"time":1776423696163,"pid":11260,"hostname":"TS-SURAGRA","to":["TESORERIA@AGROFRUTA.CL","aracelli@suragra.com","marcoantonio@suragra.com","cinthia@suragra.com","jadcve@gmail.com","tesoreria@suragra.com"],"cc":["aracelli@suragra.com","marcoantonio@suragra.com","cinthia@suragra.com","jadcve@gmail.com","tesoreria@suragra.com"],"subject":"Resumen Neto Vencido SURAGRA","id":"0101019d9b1a7861-6493176e-8f2e-479f-83c8-ba5183920e01-000000","msg":"📎 Correo con logo inline enviado por SES"}
{"level":30,"time":1776423712829,"pid":11260,"hostname":"TS-SURAGRA","to":["rre@naturalquality.cl","aracelli@suragra.com","marcoantonio@suragra.com","cinthia@suragra.com","jadcve@gmail.com","tesoreria@suragra.com"],"codIdtSap":"C76055435","msg":"Enviando NETO"}
{"level":30,"time":1776423713127,"pid":11260,"hostname":"TS-SURAGRA","to":["rre@naturalquality.cl","aracelli@suragra.com","marcoantonio@suragra.com","cinthia@suragra.com","jadcve@gmail.com","tesoreria@suragra.com"],"cc":["aracelli@suragra.com","marcoantonio@suragra.com","cinthia@suragra.com","jadcve@gmail.com","tesoreria@suragra.com"],"subject":"Resumen Neto Vencido SURAGRA","id":"0101019d9b1abaac-92698ff6-fcd6-451a-9712-d23960a58599-000000","msg":"📎 Correo con logo inline enviado por SES"}
{"level":30,"time":1776423730618,"pid":11260,"hostname":"TS-SURAGRA","to":["aracelli@suragra.com","marcoantonio@suragra.com","cinthia@suragra.com","jadcve@gmail.com","tesoreria@suragra.com"],"codIdtSap":"C77739754","msg":"Enviando NETO"}
{"level":30,"time":1776423730936,"pid":11260,"hostname":"TS-SURAGRA","to":["aracelli@suragra.com","marcoantonio@suragra.com","cinthia@suragra.com","jadcve@gmail.com","tesoreria@suragra.com"],"cc":["aracelli@suragra.com","marcoantonio@suragra.com","cinthia@suragra.com","jadcve@gmail.com","tesoreria@suragra.com"],"subject":"Resumen Neto Vencido SURAGRA","id":"0101019d9b1b0026-75079c09-867b-4c26-9eaf-fc96ecb896a4-000000","msg":"📎 Correo con logo inline enviado por SES"}
{"level":30,"time":1776423751232,"pid":11260,"hostname":"TS-SURAGRA","to":["hbarros@atlasfresh.cl","aracelli@suragra.com","marcoantonio@suragra.com","cinthia@suragra.com","jadcve@gmail.com","tesoreria@suragra.com"],"codIdtSap":"C96681790","msg":"Enviando NETO"}
{"level":30,"time":1776423751529,"pid":11260,"hostname":"TS-SURAGRA","to":["hbarros@atlasfresh.cl","aracelli@suragra.com","marcoantonio@suragra.com","cinthia@suragra.com","jadcve@gmail.com","tesoreria@suragra.com"],"cc":["aracelli@suragra.com","marcoantonio@suragra.com","cinthia@suragra.com","jadcve@gmail.com","tesoreria@suragra.com"],"subject":"Resumen Neto Vencido SURAGRA","id":"0101019d9b1b50ab-1546f547-f483-4487-adc7-d9960db8fb75-000000","msg":"📎 Correo con logo inline enviado por SES"}
{"level":30,"time":1776423768313,"pid":11260,"hostname":"TS-SURAGRA","to":["fgavilan@bycifrut.com","aracelli@suragra.com","marcoantonio@suragra.com","cinthia@suragra.com","jadcve@gmail.com","tesoreria@suragra.com"],"codIdtSap":"C76453978","msg":"Enviando NETO"}
{"level":30,"time":1776423768647,"pid":11260,"hostname":"TS-SURAGRA","to":["fgavilan@bycifrut.com","aracelli@suragra.com","marcoantonio@suragra.com","cinthia@suragra.com","jadcve@gmail.com","tesoreria@suragra.com"],"cc":["aracelli@suragra.com","marcoantonio@suragra.com","cinthia@suragra.com","jadcve@gmail.com","tesoreria@suragra.com"],"subject":"Resumen Neto Vencido SURAGRA","id":"0101019d9b1b9364-27b8d27d-10f8-4def-a5d9-a6cebbb3b53a-000000","msg":"📎 Correo con logo inline enviado por SES"}
{"level":30,"time":1776423785176,"pid":11260,"hostname":"TS-SURAGRA","to":["alopez@elcaminospa.cl","aracelli@suragra.com","marcoantonio@suragra.com","cinthia@suragra.com","jadcve@gmail.com","tesoreria@suragra.com"],"codIdtSap":"C76180781","msg":"Enviando NETO"}
{"level":30,"time":1776423785435,"pid":11260,"hostname":"TS-SURAGRA","to":["alopez@elcaminospa.cl","aracelli@suragra.com","marcoantonio@suragra.com","cinthia@suragra.com","jadcve@gmail.com","tesoreria@suragra.com"],"cc":["aracelli@suragra.com","marcoantonio@suragra.com","cinthia@suragra.com","jadcve@gmail.com","tesoreria@suragra.com"],"subject":"Resumen Neto Vencido SURAGRA","id":"0101019d9b1bd532-da11669d-3ed9-4975-b137-9cb0635b2db1-000000","msg":"📎 Correo con logo inline enviado por SES"}
{"level":30,"time":1776423802054,"pid":11260,"hostname":"TS-SURAGRA","to":["ksalazar@greenpack.cl","aracelli@suragra.com","marcoantonio@suragra.com","cinthia@suragra.com","jadcve@gmail.com","tesoreria@suragra.com"],"codIdtSap":"C76213723","msg":"Enviando NETO"}
{"level":30,"time":1776423802345,"pid":11260,"hostname":"TS-SURAGRA","to":["ksalazar@greenpack.cl","aracelli@suragra.com","marcoantonio@suragra.com","cinthia@suragra.com","jadcve@gmail.com","tesoreria@suragra.com"],"cc":["aracelli@suragra.com","marcoantonio@suragra.com","cinthia@suragra.com","jadcve@gmail.com","tesoreria@suragra.com"],"subject":"Resumen Neto Vencido SURAGRA","id":"0101019d9b1c1730-08cda69f-9eb6-489f-8b1c-12a7b19e0836-000000","msg":"📎 Correo con logo inline enviado por SES"}
{"level":30,"time":1776423818734,"pid":11260,"hostname":"TS-SURAGRA","to":["materiales@prize.cl","aracelli@suragra.com","marcoantonio@suragra.com","cinthia@suragra.com","jadcve@gmail.com","tesoreria@suragra.com"],"codIdtSap":"C76768906","msg":"Enviando NETO"}
{"level":30,"time":1776423819042,"pid":11260,"hostname":"TS-SURAGRA","to":["materiales@prize.cl","aracelli@suragra.com","marcoantonio@suragra.com","cinthia@suragra.com","jadcve@gmail.com","tesoreria@suragra.com"],"cc":["aracelli@suragra.com","marcoantonio@suragra.com","cinthia@suragra.com","jadcve@gmail.com","tesoreria@suragra.com"],"subject":"Resumen Neto Vencido SURAGRA","id":"0101019d9b1c5859-ac31b2a4-54ba-4e8f-961d-55569753a99b-000000","msg":"📎 Correo con logo inline enviado por SES"}
{"level":30,"time":1776423835669,"pid":11260,"hostname":"TS-SURAGRA","to":["pablojohow@yahoo.com","aracelli@suragra.com","marcoantonio@suragra.com","cinthia@suragra.com","jadcve@gmail.com","tesoreria@suragra.com"],"codIdtSap":"C78808520","msg":"Enviando NETO"}
{"level":30,"time":1776423836026,"pid":11260,"hostname":"TS-SURAGRA","to":["pablojohow@yahoo.com","aracelli@suragra.com","marcoantonio@suragra.com","cinthia@suragra.com","jadcve@gmail.com","tesoreria@suragra.com"],"cc":["aracelli@suragra.com","marcoantonio@suragra.com","cinthia@suragra.com","jadcve@gmail.com","tesoreria@suragra.com"],"subject":"Resumen Neto Vencido SURAGRA","id":"0101019d9b1c9a87-5de36468-18a3-4b9f-8e27-18685453e91d-000000","msg":"📎 Correo con logo inline enviado por SES"}
{"level":30,"time":1776423852490,"pid":11260,"hostname":"TS-SURAGRA","to":["mc.gumucio@consultorathinking.com","aracelli@suragra.com","marcoantonio@suragra.com","cinthia@suragra.com","jadcve@gmail.com","tesoreria@suragra.com"],"codIdtSap":"C77350529","msg":"Enviando NETO"}
{"level":30,"time":1776423852780,"pid":11260,"hostname":"TS-SURAGRA","to":["mc.gumucio@consultorathinking.com","aracelli@suragra.com","marcoantonio@suragra.com","cinthia@suragra.com","jadcve@gmail.com","tesoreria@suragra.com"],"cc":["aracelli@suragra.com","marcoantonio@suragra.com","cinthia@suragra.com","jadcve@gmail.com","tesoreria@suragra.com"],"subject":"Resumen Neto Vencido SURAGRA","id":"0101019d9b1cdc33-c78e76ba-720e-41e3-b6fa-43be8f262ea7-000000","msg":"📎 Correo con logo inline enviado por SES"}
{"level":30,"time":1776423869179,"pid":11260,"hostname":"TS-SURAGRA","to":["diego.correa@ddc.cl","aracelli@suragra.com","marcoantonio@suragra.com","cinthia@suragra.com","jadcve@gmail.com","tesoreria@suragra.com"],"codIdtSap":"C93329000","msg":"Enviando NETO"}
{"level":30,"time":1776423869529,"pid":11260,"hostname":"TS-SURAGRA","to":["diego.correa@ddc.cl","aracelli@suragra.com","marcoantonio@suragra.com","cinthia@suragra.com","jadcve@gmail.com","tesoreria@suragra.com"],"cc":["aracelli@suragra.com","marcoantonio@suragra.com","cinthia@suragra.com","jadcve@gmail.com","tesoreria@suragra.com"],"subject":"Resumen Neto Vencido SURAGRA","id":"0101019d9b1d1d6a-01e60829-2cda-45e7-bc90-2f17e6ca4967-000000","msg":"📎 Correo con logo inline enviado por SES"}
{"level":30,"time":1776423885731,"pid":11260,"hostname":"TS-SURAGRA","to":["plopez@grupodelirio.cl","aracelli@suragra.com","marcoantonio@suragra.com","cinthia@suragra.com","jadcve@gmail.com","tesoreria@suragra.com"],"codIdtSap":"C76101146","msg":"Enviando NETO"}
{"level":30,"time":1776423886040,"pid":11260,"hostname":"TS-SURAGRA","to":["plopez@grupodelirio.cl","aracelli@suragra.com","marcoantonio@suragra.com","cinthia@suragra.com","jadcve@gmail.com","tesoreria@suragra.com"],"cc":["aracelli@suragra.com","marcoantonio@suragra.com","cinthia@suragra.com","jadcve@gmail.com","tesoreria@suragra.com"],"subject":"Resumen Neto Vencido SURAGRA","id":"0101019d9b1d5e12-60eb0427-3138-4759-9a96-d802bf3a94fe-000000","msg":"📎 Correo con logo inline enviado por SES"}
{"level":30,"time":1776423902652,"pid":11260,"hostname":"TS-SURAGRA","to":["gbersano@easterislandfruit.cl","aracelli@suragra.com","marcoantonio@suragra.com","cinthia@suragra.com","jadcve@gmail.com","tesoreria@suragra.com"],"codIdtSap":"C78319309","msg":"Enviando NETO"}
{"level":30,"time":1776423902950,"pid":11260,"hostname":"TS-SURAGRA","to":["gbersano@easterislandfruit.cl","aracelli@suragra.com","marcoantonio@suragra.com","cinthia@suragra.com","jadcve@gmail.com","tesoreria@suragra.com"],"cc":["aracelli@suragra.com","marcoantonio@suragra.com","cinthia@suragra.com","jadcve@gmail.com","tesoreria@suragra.com"],"subject":"Resumen Neto Vencido SURAGRA","id":"0101019d9b1da02d-77a85d55-6516-464f-9545-c76721ca4196-000000","msg":"📎 Correo con logo inline enviado por SES"}
{"level":30,"time":1776423919938,"pid":11260,"hostname":"TS-SURAGRA","to":["fernanda@espejofruits.com","aracelli@suragra.com","marcoantonio@suragra.com","cinthia@suragra.com","jadcve@gmail.com","tesoreria@suragra.com"],"codIdtSap":"C77280637","msg":"Enviando NETO"}
{"level":30,"time":1776423920247,"pid":11260,"hostname":"TS-SURAGRA","to":["fernanda@espejofruits.com","aracelli@suragra.com","marcoantonio@suragra.com","cinthia@suragra.com","jadcve@gmail.com","tesoreria@suragra.com"],"cc":["aracelli@suragra.com","marcoantonio@suragra.com","cinthia@suragra.com","jadcve@gmail.com","tesoreria@suragra.com"],"subject":"Resumen Neto Vencido SURAGRA","id":"0101019d9b1de3b7-66c0fc8b-28f8-4c90-b78e-cbfce6917ca0-000000","msg":"📎 Correo con logo inline enviado por SES"}
{"level":30,"time":1776423937001,"pid":11260,"hostname":"TS-SURAGRA","to":["lpinto@fundolacampana.cl","aracelli@suragra.com","marcoantonio@suragra.com","cinthia@suragra.com","jadcve@gmail.com","tesoreria@suragra.com"],"codIdtSap":"C76979390","msg":"Enviando NETO"}
{"level":30,"time":1776423937326,"pid":11260,"hostname":"TS-SURAGRA","to":["lpinto@fundolacampana.cl","aracelli@suragra.com","marcoantonio@suragra.com","cinthia@suragra.com","jadcve@gmail.com","tesoreria@suragra.com"],"cc":["aracelli@suragra.com","marcoantonio@suragra.com","cinthia@suragra.com","jadcve@gmail.com","tesoreria@suragra.com"],"subject":"Resumen Neto Vencido SURAGRA","id":"0101019d9b1e2663-857a3fb8-306a-4c4d-801e-332136d7ff44-000000","msg":"📎 Correo con logo inline enviado por SES"}
{"level":30,"time":1776423953884,"pid":11260,"hostname":"TS-SURAGRA","to":["JCORTEZ@GROUPVALLEY.CL","aracelli@suragra.com","marcoantonio@suragra.com","cinthia@suragra.com","jadcve@gmail.com","tesoreria@suragra.com"],"codIdtSap":"C76885621","msg":"Enviando NETO"}
{"level":30,"time":1776423954189,"pid":11260,"hostname":"TS-SURAGRA","to":["JCORTEZ@GROUPVALLEY.CL","aracelli@suragra.com","marcoantonio@suragra.com","cinthia@suragra.com","jadcve@gmail.com","tesoreria@suragra.com"],"cc":["aracelli@suragra.com","marcoantonio@suragra.com","cinthia@suragra.com","jadcve@gmail.com","tesoreria@suragra.com"],"subject":"Resumen Neto Vencido SURAGRA","id":"0101019d9b1e684e-22723232-c30c-4476-9280-2b09571b0478-000000","msg":"📎 Correo con logo inline enviado por SES"}
{"level":30,"time":1776423970693,"pid":11260,"hostname":"TS-SURAGRA","to":["naedo@fieldsfruits.com","aracelli@suragra.com","marcoantonio@suragra.com","cinthia@suragra.com","jadcve@gmail.com","tesoreria@suragra.com"],"codIdtSap":"C76304361","msg":"Enviando NETO"}
{"level":30,"time":1776423970984,"pid":11260,"hostname":"TS-SURAGRA","to":["naedo@fieldsfruits.com","aracelli@suragra.com","marcoantonio@suragra.com","cinthia@suragra.com","jadcve@gmail.com","tesoreria@suragra.com"],"cc":["aracelli@suragra.com","marcoantonio@suragra.com","cinthia@suragra.com","jadcve@gmail.com","tesoreria@suragra.com"],"subject":"Resumen Neto Vencido SURAGRA","id":"0101019d9b1ea9f0-44f59358-3e86-40b6-bcbc-49b01cfa5005-000000","msg":"📎 Correo con logo inline enviado por SES"}
{"level":30,"time":1776423987413,"pid":11260,"hostname":"TS-SURAGRA","to":["jcastro@geofrut.cl","aracelli@suragra.com","marcoantonio@suragra.com","cinthia@suragra.com","jadcve@gmail.com","tesoreria@suragra.com"],"codIdtSap":"C96609410","msg":"Enviando NETO"}
{"level":30,"time":1776423987712,"pid":11260,"hostname":"TS-SURAGRA","to":["jcastro@geofrut.cl","aracelli@suragra.com","marcoantonio@suragra.com","cinthia@suragra.com","jadcve@gmail.com","tesoreria@suragra.com"],"cc":["aracelli@suragra.com","marcoantonio@suragra.com","cinthia@suragra.com","jadcve@gmail.com","tesoreria@suragra.com"],"subject":"Resumen Neto Vencido SURAGRA","id":"0101019d9b1eeb41-5766edf8-8b95-4f2e-9764-f7799279bd3d-000000","msg":"📎 Correo con logo inline enviado por SES"}
{"level":30,"time":1776424004281,"pid":11260,"hostname":"TS-SURAGRA","to":["ALEJANDRASM@QUINTAYFRUIT.CL","aracelli@suragra.com","marcoantonio@suragra.com","cinthia@suragra.com","jadcve@gmail.com","tesoreria@suragra.com"],"codIdtSap":"C99578700","msg":"Enviando NETO"}
{"level":30,"time":1776424004592,"pid":11260,"hostname":"TS-SURAGRA","to":["ALEJANDRASM@QUINTAYFRUIT.CL","aracelli@suragra.com","marcoantonio@suragra.com","cinthia@suragra.com","jadcve@gmail.com","tesoreria@suragra.com"],"cc":["aracelli@suragra.com","marcoantonio@suragra.com","cinthia@suragra.com","jadcve@gmail.com","tesoreria@suragra.com"],"subject":"Resumen Neto Vencido SURAGRA","id":"0101019d9b1f2d31-86fd8a6a-b866-427d-8bf1-92a3d46277ec-000000","msg":"📎 Correo con logo inline enviado por SES"}
{"level":30,"time":1776424021178,"pid":11260,"hostname":"TS-SURAGRA","to":["diegozenteno@zetafruit.cl","aracelli@suragra.com","marcoantonio@suragra.com","cinthia@suragra.com","jadcve@gmail.com","tesoreria@suragra.com"],"codIdtSap":"C76970321","msg":"Enviando NETO"}
{"level":30,"time":1776424021471,"pid":11260,"hostname":"TS-SURAGRA","to":["diegozenteno@zetafruit.cl","aracelli@suragra.com","marcoantonio@suragra.com","cinthia@suragra.com","jadcve@gmail.com","tesoreria@suragra.com"],"cc":["aracelli@suragra.com","marcoantonio@suragra.com","cinthia@suragra.com","jadcve@gmail.com","tesoreria@suragra.com"],"subject":"Resumen Neto Vencido SURAGRA","id":"0101019d9b1f6f28-c4a7d038-695a-4a96-a82b-23a3414c02a4-000000","msg":"📎 Correo con logo inline enviado por SES"}
{"level":30,"time":1776424038037,"pid":11260,"hostname":"TS-SURAGRA","to":["SOLEDAD.ARRIAGADA@FRUSAN.CL","aracelli@suragra.com","marcoantonio@suragra.com","cinthia@suragra.com","jadcve@gmail.com","tesoreria@suragra.com"],"codIdtSap":"C86381300","msg":"Enviando NETO"}
{"level":30,"time":1776424038330,"pid":11260,"hostname":"TS-SURAGRA","to":["SOLEDAD.ARRIAGADA@FRUSAN.CL","aracelli@suragra.com","marcoantonio@suragra.com","cinthia@suragra.com","jadcve@gmail.com","tesoreria@suragra.com"],"cc":["aracelli@suragra.com","marcoantonio@suragra.com","cinthia@suragra.com","jadcve@gmail.com","tesoreria@suragra.com"],"subject":"Resumen Neto Vencido SURAGRA","id":"0101019d9b1fb102-a150a83d-e2d1-4566-bf12-4bbd66c38b3f-000000","msg":"📎 Correo con logo inline enviado por SES"}
{"level":30,"time":1776424054776,"pid":11260,"hostname":"TS-SURAGRA","to":["juanalbertotapiav@gmail.com","aracelli@suragra.com","marcoantonio@suragra.com","cinthia@suragra.com","jadcve@gmail.com","tesoreria@suragra.com"],"codIdtSap":"C96677410","msg":"Enviando NETO"}
{"level":30,"time":1776424055080,"pid":11260,"hostname":"TS-SURAGRA","to":["juanalbertotapiav@gmail.com","aracelli@suragra.com","marcoantonio@suragra.com","cinthia@suragra.com","jadcve@gmail.com","tesoreria@suragra.com"],"cc":["aracelli@suragra.com","marcoantonio@suragra.com","cinthia@suragra.com","jadcve@gmail.com","tesoreria@suragra.com"],"subject":"Resumen Neto Vencido SURAGRA","id":"0101019d9b1ff264-1c03b6cd-b5ee-4770-8156-48aeb0c60a7c-000000","msg":"📎 Correo con logo inline enviado por SES"}
{"level":30,"time":1776424075428,"pid":11260,"hostname":"TS-SURAGRA","to":["jgonzalezd@frutoslaaguada.cl","aracelli@suragra.com","marcoantonio@suragra.com","cinthia@suragra.com","jadcve@gmail.com","tesoreria@suragra.com"],"codIdtSap":"C76625630-9","msg":"Enviando NETO"}
{"level":30,"time":1776424075712,"pid":11260,"hostname":"TS-SURAGRA","to":["jgonzalezd@frutoslaaguada.cl","aracelli@suragra.com","marcoantonio@suragra.com","cinthia@suragra.com","jadcve@gmail.com","tesoreria@suragra.com"],"cc":["aracelli@suragra.com","marcoantonio@suragra.com","cinthia@suragra.com","jadcve@gmail.com","tesoreria@suragra.com"],"subject":"Resumen Neto Vencido SURAGRA","id":"0101019d9b204312-f3af52a8-47ab-43ce-98a8-1e641f4e71d0-000000","msg":"📎 Correo con logo inline enviado por SES"}
{"level":30,"time":1776424093198,"pid":11260,"hostname":"TS-SURAGRA","to":["cmanzor@gls.cl","aracelli@suragra.com","marcoantonio@suragra.com","cinthia@suragra.com","jadcve@gmail.com","tesoreria@suragra.com"],"codIdtSap":"C77772750","msg":"Enviando NETO"}
{"level":30,"time":1776424093500,"pid":11260,"hostname":"TS-SURAGRA","to":["cmanzor@gls.cl","aracelli@suragra.com","marcoantonio@suragra.com","cinthia@suragra.com","jadcve@gmail.com","tesoreria@suragra.com"],"cc":["aracelli@suragra.com","marcoantonio@suragra.com","cinthia@suragra.com","jadcve@gmail.com","tesoreria@suragra.com"],"subject":"Resumen Neto Vencido SURAGRA","id":"0101019d9b208873-0d9e643f-b986-4ce4-9d7e-2dd258758268-000000","msg":"📎 Correo con logo inline enviado por SES"}
{"level":30,"time":1776424110161,"pid":11260,"hostname":"TS-SURAGRA","to":["storo@upacfruit.com","aracelli@suragra.com","marcoantonio@suragra.com","cinthia@suragra.com","jadcve@gmail.com","tesoreria@suragra.com"],"codIdtSap":"C76738610","msg":"Enviando NETO"}
{"level":30,"time":1776424110434,"pid":11260,"hostname":"TS-SURAGRA","to":["storo@upacfruit.com","aracelli@suragra.com","marcoantonio@suragra.com","cinthia@suragra.com","jadcve@gmail.com","tesoreria@suragra.com"],"cc":["aracelli@suragra.com","marcoantonio@suragra.com","cinthia@suragra.com","jadcve@gmail.com","tesoreria@suragra.com"],"subject":"Resumen Neto Vencido SURAGRA","id":"0101019d9b20cab6-604ab04e-c434-4931-a303-9076d17436a1-000000","msg":"📎 Correo con logo inline enviado por SES"}
{"level":30,"time":1776424126910,"pid":11260,"hostname":"TS-SURAGRA","to":["vinka.ureta@grupometro.cl","aracelli@suragra.com","marcoantonio@suragra.com","cinthia@suragra.com","jadcve@gmail.com","tesoreria@suragra.com"],"codIdtSap":"C76011359","msg":"Enviando NETO"}
{"level":30,"time":1776424127212,"pid":11260,"hostname":"TS-SURAGRA","to":["vinka.ureta@grupometro.cl","aracelli@suragra.com","marcoantonio@suragra.com","cinthia@suragra.com","jadcve@gmail.com","tesoreria@suragra.com"],"cc":["aracelli@suragra.com","marcoantonio@suragra.com","cinthia@suragra.com","jadcve@gmail.com","tesoreria@suragra.com"],"subject":"Resumen Neto Vencido SURAGRA","id":"0101019d9b210c2d-229f92bb-1e0b-4323-b772-4c2eea8a0472-000000","msg":"📎 Correo con logo inline enviado por SES"}
{"level":30,"time":1776424143884,"pid":11260,"hostname":"TS-SURAGRA","to":["cnunez@ppsromeral.cl","aracelli@suragra.com","marcoantonio@suragra.com","cinthia@suragra.com","jadcve@gmail.com","tesoreria@suragra.com"],"codIdtSap":"C76181799","msg":"Enviando NETO"}
{"level":30,"time":1776424144193,"pid":11260,"hostname":"TS-SURAGRA","to":["cnunez@ppsromeral.cl","aracelli@suragra.com","marcoantonio@suragra.com","cinthia@suragra.com","jadcve@gmail.com","tesoreria@suragra.com"],"cc":["aracelli@suragra.com","marcoantonio@suragra.com","cinthia@suragra.com","jadcve@gmail.com","tesoreria@suragra.com"],"subject":"Resumen Neto Vencido SURAGRA","id":"0101019d9b214e6d-56ae7eea-993c-417e-8b4c-d8747b1f9958-000000","msg":"📎 Correo con logo inline enviado por SES"}
{"level":30,"time":1776424160553,"pid":11260,"hostname":"TS-SURAGRA","to":["PANGELINI@SFC.CL","aracelli@suragra.com","marcoantonio@suragra.com","cinthia@suragra.com","jadcve@gmail.com","tesoreria@suragra.com"],"codIdtSap":"C76154796","msg":"Enviando NETO"}
{"level":30,"time":1776424160897,"pid":11260,"hostname":"TS-SURAGRA","to":["PANGELINI@SFC.CL","aracelli@suragra.com","marcoantonio@suragra.com","cinthia@suragra.com","jadcve@gmail.com","tesoreria@suragra.com"],"cc":["aracelli@suragra.com","marcoantonio@suragra.com","cinthia@suragra.com","jadcve@gmail.com","tesoreria@suragra.com"],"subject":"Resumen Neto Vencido SURAGRA","id":"0101019d9b218f97-0095df7e-f8d2-409a-9411-517427fcc7a0-000000","msg":"📎 Correo con logo inline enviado por SES"}
{"level":30,"time":1776424177395,"pid":11260,"hostname":"TS-SURAGRA","to":["adquisicionescarsal@gmail.com","aracelli@suragra.com","marcoantonio@suragra.com","cinthia@suragra.com","jadcve@gmail.com","tesoreria@suragra.com"],"codIdtSap":"C78557210","msg":"Enviando NETO"}
{"level":30,"time":1776424177710,"pid":11260,"hostname":"TS-SURAGRA","to":["adquisicionescarsal@gmail.com","aracelli@suragra.com","marcoantonio@suragra.com","cinthia@suragra.com","jadcve@gmail.com","tesoreria@suragra.com"],"cc":["aracelli@suragra.com","marcoantonio@suragra.com","cinthia@suragra.com","jadcve@gmail.com","tesoreria@suragra.com"],"subject":"Resumen Neto Vencido SURAGRA","id":"0101019d9b21d157-41974194-9721-4d41-8075-c366c71048b3-000000","msg":"📎 Correo con logo inline enviado por SES"}
{"level":30,"time":1776424194381,"pid":11260,"hostname":"TS-SURAGRA","to":["miguel.marquez@provalle.com","aracelli@suragra.com","marcoantonio@suragra.com","cinthia@suragra.com","jadcve@gmail.com","tesoreria@suragra.com"],"codIdtSap":"C99546180","msg":"Enviando NETO"}
{"level":30,"time":1776424194703,"pid":11260,"hostname":"TS-SURAGRA","to":["miguel.marquez@provalle.com","aracelli@suragra.com","marcoantonio@suragra.com","cinthia@suragra.com","jadcve@gmail.com","tesoreria@suragra.com"],"cc":["aracelli@suragra.com","marcoantonio@suragra.com","cinthia@suragra.com","jadcve@gmail.com","tesoreria@suragra.com"],"subject":"Resumen Neto Vencido SURAGRA","id":"0101019d9b2213b4-dd4c514b-b832-4ea6-b8d0-d8e2b7a3e3dc-000000","msg":"📎 Correo con logo inline enviado por SES"}
{"level":30,"time":1776424211525,"pid":11260,"hostname":"TS-SURAGRA","to":["jzfernandez@uc.cl","aracelli@suragra.com","marcoantonio@suragra.com","cinthia@suragra.com","jadcve@gmail.com","tesoreria@suragra.com"],"codIdtSap":"C76076784","msg":"Enviando NETO"}
{"level":30,"time":1776424211852,"pid":11260,"hostname":"TS-SURAGRA","to":["jzfernandez@uc.cl","aracelli@suragra.com","marcoantonio@suragra.com","cinthia@suragra.com","jadcve@gmail.com","tesoreria@suragra.com"],"cc":["aracelli@suragra.com","marcoantonio@suragra.com","cinthia@suragra.com","jadcve@gmail.com","tesoreria@suragra.com"],"subject":"Resumen Neto Vencido SURAGRA","id":"0101019d9b2256b3-9f7f59af-ab00-4403-bc7c-4832a83914e2-000000","msg":"📎 Correo con logo inline enviado por SES"}
{"level":30,"time":1776424228383,"pid":11260,"hostname":"TS-SURAGRA","to":["ccuevas@xfru5.cl","aracelli@suragra.com","marcoantonio@suragra.com","cinthia@suragra.com","jadcve@gmail.com","tesoreria@suragra.com"],"codIdtSap":"C77835130","msg":"Enviando NETO"}
{"level":30,"time":1776424228694,"pid":11260,"hostname":"TS-SURAGRA","to":["ccuevas@xfru5.cl","aracelli@suragra.com","marcoantonio@suragra.com","cinthia@suragra.com","jadcve@gmail.com","tesoreria@suragra.com"],"cc":["aracelli@suragra.com","marcoantonio@suragra.com","cinthia@suragra.com","jadcve@gmail.com","tesoreria@suragra.com"],"subject":"Resumen Neto Vencido SURAGRA","id":"0101019d9b229888-7949b5d4-e5a9-4e8d-9c63-ee3b688f0b89-000000","msg":"📎 Correo con logo inline enviado por SES"}
{"level":30,"time":1776424245091,"pid":11260,"hostname":"TS-SURAGRA","to":["mauchaco@gmail.com","aracelli@suragra.com","marcoantonio@suragra.com","cinthia@suragra.com","jadcve@gmail.com","tesoreria@suragra.com"],"codIdtSap":"C76609683","msg":"Enviando NETO"}
{"level":30,"time":1776424245395,"pid":11260,"hostname":"TS-SURAGRA","to":["mauchaco@gmail.com","aracelli@suragra.com","marcoantonio@suragra.com","cinthia@suragra.com","jadcve@gmail.com","tesoreria@suragra.com"],"cc":["aracelli@suragra.com","marcoantonio@suragra.com","cinthia@suragra.com","jadcve@gmail.com","tesoreria@suragra.com"],"subject":"Resumen Neto Vencido SURAGRA","id":"0101019d9b22d9c9-96ea3ae1-11c0-4103-a685-c320c1e86cde-000000","msg":"📎 Correo con logo inline enviado por SES"}
{"level":30,"time":1776424262167,"pid":11260,"hostname":"TS-SURAGRA","to":["cbarrera@zurgroup.cl","aracelli@suragra.com","marcoantonio@suragra.com","cinthia@suragra.com","jadcve@gmail.com","tesoreria@suragra.com"],"codIdtSap":"C761625829","msg":"Enviando NETO"}
{"level":30,"time":1776424262488,"pid":11260,"hostname":"TS-SURAGRA","to":["cbarrera@zurgroup.cl","aracelli@suragra.com","marcoantonio@suragra.com","cinthia@suragra.com","jadcve@gmail.com","tesoreria@suragra.com"],"cc":["aracelli@suragra.com","marcoantonio@suragra.com","cinthia@suragra.com","jadcve@gmail.com","tesoreria@suragra.com"],"subject":"Resumen Neto Vencido SURAGRA","id":"0101019d9b231c7c-3749dfba-c430-45d4-9b59-1bc4629742af-000000","msg":"📎 Correo con logo inline enviado por SES"}
{"level":30,"time":1776424262490,"pid":11260,"hostname":"TS-SURAGRA","job":"NETO","msg":"job done"}
{"level":50,"time":1776484500663,"pid":11260,"hostname":"TS-SURAGRA","job":"HEARTBEAT","err":"sendEmail is not defined","msg":"Heartbeat failed"}
{"level":50,"time":1776570900657,"pid":11260,"hostname":"TS-SURAGRA","job":"HEARTBEAT","err":"sendEmail is not defined","msg":"Heartbeat failed"}
{"level":50,"time":1776657300650,"pid":11260,"hostname":"TS-SURAGRA","job":"HEARTBEAT","err":"sendEmail is not defined","msg":"Heartbeat failed"}
{"level":50,"time":1776743700675,"pid":11260,"hostname":"TS-SURAGRA","job":"HEARTBEAT","err":"sendEmail is not defined","msg":"Heartbeat failed"}
{"level":50,"time":1776830100655,"pid":11260,"hostname":"TS-SURAGRA","job":"HEARTBEAT","err":"sendEmail is not defined","msg":"Heartbeat failed"}
{"level":30,"time":1776914523364,"pid":10632,"hostname":"TS-SURAGRA","altTest":1,"dryRun":false,"testRecipients":["jadcve@gmail.com"],"cc":["aracelli@suragra.com","marcoantonio@suragra.com","cinthia@suragra.com","jadcve@gmail.com","tesoreria@suragra.com"],"tz":"America/Santiago","msg":"Mailer mode loaded"}
Alarms up. TZ: America/Santiago
{"level":50,"time":1776916500011,"pid":10632,"hostname":"TS-SURAGRA","job":"HEARTBEAT","err":"sendEmail is not defined","msg":"Heartbeat failed"}
{"level":50,"time":1777002900661,"pid":10632,"hostname":"TS-SURAGRA","job":"HEARTBEAT","err":"sendEmail is not defined","msg":"Heartbeat failed"}
{"level":30,"time":1777028400212,"pid":10632,"hostname":"TS-SURAGRA","msg":"Inicializando conexión MSSQL..."}
{"level":30,"time":1777028400757,"pid":10632,"hostname":"TS-SURAGRA","subject":"Resumen Neto Vencido","msg":"Template cargado"}
{"level":30,"time":1777028429476,"pid":10632,"hostname":"TS-SURAGRA","to":["ADQUISICIONES@CRANA.CL","aracelli@suragra.com","marcoantonio@suragra.com","cinthia@suragra.com","jadcve@gmail.com","tesoreria@suragra.com"],"codIdtSap":"C79650240","msg":"Enviando NETO"}
{"level":30,"time":1777028430380,"pid":10632,"hostname":"TS-SURAGRA","to":["ADQUISICIONES@CRANA.CL","aracelli@suragra.com","marcoantonio@suragra.com","cinthia@suragra.com","jadcve@gmail.com","tesoreria@suragra.com"],"cc":["aracelli@suragra.com","marcoantonio@suragra.com","cinthia@suragra.com","jadcve@gmail.com","tesoreria@suragra.com"],"subject":"Resumen Neto Vencido SURAGRA","id":"0101019dbf25fb66-86b2c68b-e80a-44d1-8e7f-926337493f36-000000","msg":"📎 Correo con logo inline enviado por SES"}
{"level":30,"time":1777028447088,"pid":10632,"hostname":"TS-SURAGRA","to":["agricolaitaliana6@gmail.com","aracelli@suragra.com","marcoantonio@suragra.com","cinthia@suragra.com","jadcve@gmail.com","tesoreria@suragra.com"],"codIdtSap":"C76073818","msg":"Enviando NETO"}
{"level":30,"time":1777028447390,"pid":10632,"hostname":"TS-SURAGRA","to":["agricolaitaliana6@gmail.com","aracelli@suragra.com","marcoantonio@suragra.com","cinthia@suragra.com","jadcve@gmail.com","tesoreria@suragra.com"],"cc":["aracelli@suragra.com","marcoantonio@suragra.com","cinthia@suragra.com","jadcve@gmail.com","tesoreria@suragra.com"],"subject":"Resumen Neto Vencido SURAGRA","id":"0101019dbf263de2-719f963b-71b3-4698-8164-b0f585f2542f-000000","msg":"📎 Correo con logo inline enviado por SES"}
{"level":30,"time":1777028464204,"pid":10632,"hostname":"TS-SURAGRA","to":["Hercanagrolimitada.export@gmail.com","aracelli@suragra.com","marcoantonio@suragra.com","cinthia@suragra.com","jadcve@gmail.com","tesoreria@suragra.com"],"codIdtSap":"C76573605","msg":"Enviando NETO"}
{"level":30,"time":1777028464496,"pid":10632,"hostname":"TS-SURAGRA","to":["Hercanagrolimitada.export@gmail.com","aracelli@suragra.com","marcoantonio@suragra.com","cinthia@suragra.com","jadcve@gmail.com","tesoreria@suragra.com"],"cc":["aracelli@suragra.com","marcoantonio@suragra.com","cinthia@suragra.com","jadcve@gmail.com","tesoreria@suragra.com"],"subject":"Resumen Neto Vencido SURAGRA","id":"0101019dbf2680bb-467b4b03-1ba5-4b66-851d-db2ecf940ef6-000000","msg":"📎 Correo con logo inline enviado por SES"}
{"level":30,"time":1777028481243,"pid":10632,"hostname":"TS-SURAGRA","to":["cramleon@gmail.com","aracelli@suragra.com","marcoantonio@suragra.com","cinthia@suragra.com","jadcve@gmail.com","tesoreria@suragra.com"],"codIdtSap":"C76592089","msg":"Enviando NETO"}
{"level":30,"time":1777028481566,"pid":10632,"hostname":"TS-SURAGRA","to":["cramleon@gmail.com","aracelli@suragra.com","marcoantonio@suragra.com","cinthia@suragra.com","jadcve@gmail.com","tesoreria@suragra.com"],"cc":["aracelli@suragra.com","marcoantonio@suragra.com","cinthia@suragra.com","jadcve@gmail.com","tesoreria@suragra.com"],"subject":"Resumen Neto Vencido SURAGRA","id":"0101019dbf26c34d-5b713a04-95bf-45e9-b54e-de5a5eb968de-000000","msg":"📎 Correo con logo inline enviado por SES"}
{"level":30,"time":1777028498390,"pid":10632,"hostname":"TS-SURAGRA","to":["TESORERIA@AGROFRUTA.CL","aracelli@suragra.com","marcoantonio@suragra.com","cinthia@suragra.com","jadcve@gmail.com","tesoreria@suragra.com"],"codIdtSap":"C96771340","msg":"Enviando NETO"}
{"level":30,"time":1777028498767,"pid":10632,"hostname":"TS-SURAGRA","to":["TESORERIA@AGROFRUTA.CL","aracelli@suragra.com","marcoantonio@suragra.com","cinthia@suragra.com","jadcve@gmail.com","tesoreria@suragra.com"],"cc":["aracelli@suragra.com","marcoantonio@suragra.com","cinthia@suragra.com","jadcve@gmail.com","tesoreria@suragra.com"],"subject":"Resumen Neto Vencido SURAGRA","id":"0101019dbf270644-374fd210-d2c3-4d62-a4c2-1be1602c5ee0-000000","msg":"📎 Correo con logo inline enviado por SES"}
{"level":30,"time":1777028515637,"pid":10632,"hostname":"TS-SURAGRA","to":["rre@naturalquality.cl","aracelli@suragra.com","marcoantonio@suragra.com","cinthia@suragra.com","jadcve@gmail.com","tesoreria@suragra.com"],"codIdtSap":"C76055435","msg":"Enviando NETO"}
{"level":30,"time":1777028515952,"pid":10632,"hostname":"TS-SURAGRA","to":["rre@naturalquality.cl","aracelli@suragra.com","marcoantonio@suragra.com","cinthia@suragra.com","jadcve@gmail.com","tesoreria@suragra.com"],"cc":["aracelli@suragra.com","marcoantonio@suragra.com","cinthia@suragra.com","jadcve@gmail.com","tesoreria@suragra.com"],"subject":"Resumen Neto Vencido SURAGRA","id":"0101019dbf2749ab-de3393e7-0f98-4694-9512-27e07cf44291-000000","msg":"📎 Correo con logo inline enviado por SES"}
{"level":30,"time":1777028534464,"pid":10632,"hostname":"TS-SURAGRA","to":["aracelli@suragra.com","marcoantonio@suragra.com","cinthia@suragra.com","jadcve@gmail.com","tesoreria@suragra.com"],"codIdtSap":"C77739754","msg":"Enviando NETO"}
{"level":30,"time":1777028534763,"pid":10632,"hostname":"TS-SURAGRA","to":["aracelli@suragra.com","marcoantonio@suragra.com","cinthia@suragra.com","jadcve@gmail.com","tesoreria@suragra.com"],"cc":["aracelli@suragra.com","marcoantonio@suragra.com","cinthia@suragra.com","jadcve@gmail.com","tesoreria@suragra.com"],"subject":"Resumen Neto Vencido SURAGRA","id":"0101019dbf279331-9005404e-c4ec-4326-bb35-259d8b569a4d-000000","msg":"📎 Correo con logo inline enviado por SES"}
{"level":30,"time":1777028551958,"pid":10632,"hostname":"TS-SURAGRA","to":["hbarros@atlasfresh.cl","aracelli@suragra.com","marcoantonio@suragra.com","cinthia@suragra.com","jadcve@gmail.com","tesoreria@suragra.com"],"codIdtSap":"C96681790","msg":"Enviando NETO"}
{"level":30,"time":1777028552238,"pid":10632,"hostname":"TS-SURAGRA","to":["hbarros@atlasfresh.cl","aracelli@suragra.com","marcoantonio@suragra.com","cinthia@suragra.com","jadcve@gmail.com","tesoreria@suragra.com"],"cc":["aracelli@suragra.com","marcoantonio@suragra.com","cinthia@suragra.com","jadcve@gmail.com","tesoreria@suragra.com"],"subject":"Resumen Neto Vencido SURAGRA","id":"0101019dbf27d785-0c86ab8b-973f-43e0-a3dc-8fbccfcd2802-000000","msg":"📎 Correo con logo inline enviado por SES"}
{"level":30,"time":1777028569025,"pid":10632,"hostname":"TS-SURAGRA","to":["SEPULVEDACLAUDIA214@GMAIL.COM","aracelli@suragra.com","marcoantonio@suragra.com","cinthia@suragra.com","jadcve@gmail.com","tesoreria@suragra.com"],"codIdtSap":"C11867026","msg":"Enviando NETO"}
{"level":30,"time":1777028569320,"pid":10632,"hostname":"TS-SURAGRA","to":["SEPULVEDACLAUDIA214@GMAIL.COM","aracelli@suragra.com","marcoantonio@suragra.com","cinthia@suragra.com","jadcve@gmail.com","tesoreria@suragra.com"],"cc":["aracelli@suragra.com","marcoantonio@suragra.com","cinthia@suragra.com","jadcve@gmail.com","tesoreria@suragra.com"],"subject":"Resumen Neto Vencido SURAGRA","id":"0101019dbf281a34-0b75dfa0-22e3-4186-b28f-94d3d7dee7cc-000000","msg":"📎 Correo con logo inline enviado por SES"}
{"level":30,"time":1777028585959,"pid":10632,"hostname":"TS-SURAGRA","to":["ADMINISTRACION@CMXGROUP.NET","aracelli@suragra.com","marcoantonio@suragra.com","cinthia@suragra.com","jadcve@gmail.com","tesoreria@suragra.com"],"codIdtSap":"C76446121","msg":"Enviando NETO"}
{"level":30,"time":1777028586212,"pid":10632,"hostname":"TS-SURAGRA","to":["ADMINISTRACION@CMXGROUP.NET","aracelli@suragra.com","marcoantonio@suragra.com","cinthia@suragra.com","jadcve@gmail.com","tesoreria@suragra.com"],"cc":["aracelli@suragra.com","marcoantonio@suragra.com","cinthia@suragra.com","jadcve@gmail.com","tesoreria@suragra.com"],"subject":"Resumen Neto Vencido SURAGRA","id":"0101019dbf285c44-b7622eaa-b408-4120-86e2-acfa99f8a7a6-000000","msg":"📎 Correo con logo inline enviado por SES"}
{"level":30,"time":1777028602804,"pid":10632,"hostname":"TS-SURAGRA","to":["alopez@elcaminospa.cl","aracelli@suragra.com","marcoantonio@suragra.com","cinthia@suragra.com","jadcve@gmail.com","tesoreria@suragra.com"],"codIdtSap":"C76180781","msg":"Enviando NETO"}
{"level":30,"time":1777028603111,"pid":10632,"hostname":"TS-SURAGRA","to":["alopez@elcaminospa.cl","aracelli@suragra.com","marcoantonio@suragra.com","cinthia@suragra.com","jadcve@gmail.com","tesoreria@suragra.com"],"cc":["aracelli@suragra.com","marcoantonio@suragra.com","cinthia@suragra.com","jadcve@gmail.com","tesoreria@suragra.com"],"subject":"Resumen Neto Vencido SURAGRA","id":"0101019dbf289e29-6d5549e4-7db5-44dc-a20f-176917ac53a6-000000","msg":"📎 Correo con logo inline enviado por SES"}
{"level":30,"time":1777028619501,"pid":10632,"hostname":"TS-SURAGRA","to":["ksalazar@greenpack.cl","aracelli@suragra.com","marcoantonio@suragra.com","cinthia@suragra.com","jadcve@gmail.com","tesoreria@suragra.com"],"codIdtSap":"C76213723","msg":"Enviando NETO"}
{"level":30,"time":1777028619793,"pid":10632,"hostname":"TS-SURAGRA","to":["ksalazar@greenpack.cl","aracelli@suragra.com","marcoantonio@suragra.com","cinthia@suragra.com","jadcve@gmail.com","tesoreria@suragra.com"],"cc":["aracelli@suragra.com","marcoantonio@suragra.com","cinthia@suragra.com","jadcve@gmail.com","tesoreria@suragra.com"],"subject":"Resumen Neto Vencido SURAGRA","id":"0101019dbf28df5b-0d45a5ca-26e2-4e3e-a8d8-47cb8975fdc5-000000","msg":"📎 Correo con logo inline enviado por SES"}
{"level":30,"time":1777028636569,"pid":10632,"hostname":"TS-SURAGRA","to":["materiales@prize.cl","aracelli@suragra.com","marcoantonio@suragra.com","cinthia@suragra.com","jadcve@gmail.com","tesoreria@suragra.com"],"codIdtSap":"C76768906","msg":"Enviando NETO"}
{"level":30,"time":1777028636860,"pid":10632,"hostname":"TS-SURAGRA","to":["materiales@prize.cl","aracelli@suragra.com","marcoantonio@suragra.com","cinthia@suragra.com","jadcve@gmail.com","tesoreria@suragra.com"],"cc":["aracelli@suragra.com","marcoantonio@suragra.com","cinthia@suragra.com","jadcve@gmail.com","tesoreria@suragra.com"],"subject":"Resumen Neto Vencido SURAGRA","id":"0101019dbf292209-b9536fc2-6dae-4a97-922d-019fc5b1693c-000000","msg":"📎 Correo con logo inline enviado por SES"}
{"level":30,"time":1777028653476,"pid":10632,"hostname":"TS-SURAGRA","to":["mc.gumucio@consultorathinking.com","aracelli@suragra.com","marcoantonio@suragra.com","cinthia@suragra.com","jadcve@gmail.com","tesoreria@suragra.com"],"codIdtSap":"C77350529","msg":"Enviando NETO"}
{"level":30,"time":1777028653772,"pid":10632,"hostname":"TS-SURAGRA","to":["mc.gumucio@consultorathinking.com","aracelli@suragra.com","marcoantonio@suragra.com","cinthia@suragra.com","jadcve@gmail.com","tesoreria@suragra.com"],"cc":["aracelli@suragra.com","marcoantonio@suragra.com","cinthia@suragra.com","jadcve@gmail.com","tesoreria@suragra.com"],"subject":"Resumen Neto Vencido SURAGRA","id":"0101019dbf296412-5df19806-d9ab-4835-a3bb-2961aa1e20d4-000000","msg":"📎 Correo con logo inline enviado por SES"}
{"level":30,"time":1777028670387,"pid":10632,"hostname":"TS-SURAGRA","to":["diego.correa@ddc.cl","aracelli@suragra.com","marcoantonio@suragra.com","cinthia@suragra.com","jadcve@gmail.com","tesoreria@suragra.com"],"codIdtSap":"C93329000","msg":"Enviando NETO"}
{"level":30,"time":1777028670682,"pid":10632,"hostname":"TS-SURAGRA","to":["diego.correa@ddc.cl","aracelli@suragra.com","marcoantonio@suragra.com","cinthia@suragra.com","jadcve@gmail.com","tesoreria@suragra.com"],"cc":["aracelli@suragra.com","marcoantonio@suragra.com","cinthia@suragra.com","jadcve@gmail.com","tesoreria@suragra.com"],"subject":"Resumen Neto Vencido SURAGRA","id":"0101019dbf29a624-ff69b57a-386f-408d-8e38-dc11231ba539-000000","msg":"📎 Correo con logo inline enviado por SES"}
{"level":30,"time":1777028687317,"pid":10632,"hostname":"TS-SURAGRA","to":["plopez@grupodelirio.cl","aracelli@suragra.com","marcoantonio@suragra.com","cinthia@suragra.com","jadcve@gmail.com","tesoreria@suragra.com"],"codIdtSap":"C76101146","msg":"Enviando NETO"}
{"level":30,"time":1777028687618,"pid":10632,"hostname":"TS-SURAGRA","to":["plopez@grupodelirio.cl","aracelli@suragra.com","marcoantonio@suragra.com","cinthia@suragra.com","jadcve@gmail.com","tesoreria@suragra.com"],"cc":["aracelli@suragra.com","marcoantonio@suragra.com","cinthia@suragra.com","jadcve@gmail.com","tesoreria@suragra.com"],"subject":"Resumen Neto Vencido SURAGRA","id":"0101019dbf29e844-18b1333b-baf7-42b0-a6d4-d89e4563c3c1-000000","msg":"📎 Correo con logo inline enviado por SES"}
{"level":30,"time":1777028704064,"pid":10632,"hostname":"TS-SURAGRA","to":["fernanda@espejofruits.com","aracelli@suragra.com","marcoantonio@suragra.com","cinthia@suragra.com","jadcve@gmail.com","tesoreria@suragra.com"],"codIdtSap":"C77280637","msg":"Enviando NETO"}
{"level":30,"time":1777028704356,"pid":10632,"hostname":"TS-SURAGRA","to":["fernanda@espejofruits.com","aracelli@suragra.com","marcoantonio@suragra.com","cinthia@suragra.com","jadcve@gmail.com","tesoreria@suragra.com"],"cc":["aracelli@suragra.com","marcoantonio@suragra.com","cinthia@suragra.com","jadcve@gmail.com","tesoreria@suragra.com"],"subject":"Resumen Neto Vencido SURAGRA","id":"0101019dbf2a29b2-2399aac1-23c5-4e24-a91c-add8cbd7d0d9-000000","msg":"📎 Correo con logo inline enviado por SES"}
{"level":30,"time":1777028721204,"pid":10632,"hostname":"TS-SURAGRA","to":["lpinto@fundolacampana.cl","aracelli@suragra.com","marcoantonio@suragra.com","cinthia@suragra.com","jadcve@gmail.com","tesoreria@suragra.com"],"codIdtSap":"C76979390","msg":"Enviando NETO"}
{"level":30,"time":1777028721501,"pid":10632,"hostname":"TS-SURAGRA","to":["lpinto@fundolacampana.cl","aracelli@suragra.com","marcoantonio@suragra.com","cinthia@suragra.com","jadcve@gmail.com","tesoreria@suragra.com"],"cc":["aracelli@suragra.com","marcoantonio@suragra.com","cinthia@suragra.com","jadcve@gmail.com","tesoreria@suragra.com"],"subject":"Resumen Neto Vencido SURAGRA","id":"0101019dbf2a6ca7-ae740337-d015-4cc5-99e5-72cff6d09ff1-000000","msg":"📎 Correo con logo inline enviado por SES"}
{"level":30,"time":1777028738147,"pid":10632,"hostname":"TS-SURAGRA","to":["JCORTEZ@GROUPVALLEY.CL","aracelli@suragra.com","marcoantonio@suragra.com","cinthia@suragra.com","jadcve@gmail.com","tesoreria@suragra.com"],"codIdtSap":"C76885621","msg":"Enviando NETO"}
{"level":30,"time":1777028738474,"pid":10632,"hostname":"TS-SURAGRA","to":["JCORTEZ@GROUPVALLEY.CL","aracelli@suragra.com","marcoantonio@suragra.com","cinthia@suragra.com","jadcve@gmail.com","tesoreria@suragra.com"],"cc":["aracelli@suragra.com","marcoantonio@suragra.com","cinthia@suragra.com","jadcve@gmail.com","tesoreria@suragra.com"],"subject":"Resumen Neto Vencido SURAGRA","id":"0101019dbf2aaeda-5e337c68-423b-4eed-997e-338a2a7db72b-000000","msg":"📎 Correo con logo inline enviado por SES"}
{"level":30,"time":1777028755190,"pid":10632,"hostname":"TS-SURAGRA","to":["naedo@fieldsfruits.com","aracelli@suragra.com","marcoantonio@suragra.com","cinthia@suragra.com","jadcve@gmail.com","tesoreria@suragra.com"],"codIdtSap":"C76304361","msg":"Enviando NETO"}
{"level":30,"time":1777028755524,"pid":10632,"hostname":"TS-SURAGRA","to":["naedo@fieldsfruits.com","aracelli@suragra.com","marcoantonio@suragra.com","cinthia@suragra.com","jadcve@gmail.com","tesoreria@suragra.com"],"cc":["aracelli@suragra.com","marcoantonio@suragra.com","cinthia@suragra.com","jadcve@gmail.com","tesoreria@suragra.com"],"subject":"Resumen Neto Vencido SURAGRA","id":"0101019dbf2af171-a9d32fa9-3023-48be-8e50-281bc88dbc62-000000","msg":"📎 Correo con logo inline enviado por SES"}
{"level":30,"time":1777028772311,"pid":10632,"hostname":"TS-SURAGRA","to":["jcastro@geofrut.cl","aracelli@suragra.com","marcoantonio@suragra.com","cinthia@suragra.com","jadcve@gmail.com","tesoreria@suragra.com"],"codIdtSap":"C96609410","msg":"Enviando NETO"}
{"level":30,"time":1777028772616,"pid":10632,"hostname":"TS-SURAGRA","to":["jcastro@geofrut.cl","aracelli@suragra.com","marcoantonio@suragra.com","cinthia@suragra.com","jadcve@gmail.com","tesoreria@suragra.com"],"cc":["aracelli@suragra.com","marcoantonio@suragra.com","cinthia@suragra.com","jadcve@gmail.com","tesoreria@suragra.com"],"subject":"Resumen Neto Vencido SURAGRA","id":"0101019dbf2b3449-dd80b66d-2347-4d0b-92d4-6adddddb4116-000000","msg":"📎 Correo con logo inline enviado por SES"}
{"level":30,"time":1777028789027,"pid":10632,"hostname":"TS-SURAGRA","to":["paula.munoz@santa-rosario.com","aracelli@suragra.com","marcoantonio@suragra.com","cinthia@suragra.com","jadcve@gmail.com","tesoreria@suragra.com"],"codIdtSap":"C77757654","msg":"Enviando NETO"}
{"level":30,"time":1777028789316,"pid":10632,"hostname":"TS-SURAGRA","to":["paula.munoz@santa-rosario.com","aracelli@suragra.com","marcoantonio@suragra.com","cinthia@suragra.com","jadcve@gmail.com","tesoreria@suragra.com"],"cc":["aracelli@suragra.com","marcoantonio@suragra.com","cinthia@suragra.com","jadcve@gmail.com","tesoreria@suragra.com"],"subject":"Resumen Neto Vencido SURAGRA","id":"0101019dbf2b7597-a9067a60-3ae3-42b3-a1da-1f3169bbc4b2-000000","msg":"📎 Correo con logo inline enviado por SES"}
{"level":30,"time":1777028805946,"pid":10632,"hostname":"TS-SURAGRA","to":["ALEJANDRASM@QUINTAYFRUIT.CL","aracelli@suragra.com","marcoantonio@suragra.com","cinthia@suragra.com","jadcve@gmail.com","tesoreria@suragra.com"],"codIdtSap":"C99578700","msg":"Enviando NETO"}
{"level":30,"time":1777028806233,"pid":10632,"hostname":"TS-SURAGRA","to":["ALEJANDRASM@QUINTAYFRUIT.CL","aracelli@suragra.com","marcoantonio@suragra.com","cinthia@suragra.com","jadcve@gmail.com","tesoreria@suragra.com"],"cc":["aracelli@suragra.com","marcoantonio@suragra.com","cinthia@suragra.com","jadcve@gmail.com","tesoreria@suragra.com"],"subject":"Resumen Neto Vencido SURAGRA","id":"0101019dbf2bb7a8-61aaef94-31b4-44bd-957f-21f8e3477003-000000","msg":"📎 Correo con logo inline enviado por SES"}
{"level":30,"time":1777028822999,"pid":10632,"hostname":"TS-SURAGRA","to":["diegozenteno@zetafruit.cl","aracelli@suragra.com","marcoantonio@suragra.com","cinthia@suragra.com","jadcve@gmail.com","tesoreria@suragra.com"],"codIdtSap":"C76970321","msg":"Enviando NETO"}
{"level":30,"time":1777028823296,"pid":10632,"hostname":"TS-SURAGRA","to":["diegozenteno@zetafruit.cl","aracelli@suragra.com","marcoantonio@suragra.com","cinthia@suragra.com","jadcve@gmail.com","tesoreria@suragra.com"],"cc":["aracelli@suragra.com","marcoantonio@suragra.com","cinthia@suragra.com","jadcve@gmail.com","tesoreria@suragra.com"],"subject":"Resumen Neto Vencido SURAGRA","id":"0101019dbf2bfa4f-5bb03ff4-54ea-410d-ad55-09f6f5c17d32-000000","msg":"📎 Correo con logo inline enviado por SES"}
{"level":30,"time":1777028839921,"pid":10632,"hostname":"TS-SURAGRA","to":["SOLEDAD.ARRIAGADA@FRUSAN.CL","aracelli@suragra.com","marcoantonio@suragra.com","cinthia@suragra.com","jadcve@gmail.com","tesoreria@suragra.com"],"codIdtSap":"C86381300","msg":"Enviando NETO"}
{"level":30,"time":1777028840218,"pid":10632,"hostname":"TS-SURAGRA","to":["SOLEDAD.ARRIAGADA@FRUSAN.CL","aracelli@suragra.com","marcoantonio@suragra.com","cinthia@suragra.com","jadcve@gmail.com","tesoreria@suragra.com"],"cc":["aracelli@suragra.com","marcoantonio@suragra.com","cinthia@suragra.com","jadcve@gmail.com","tesoreria@suragra.com"],"subject":"Resumen Neto Vencido SURAGRA","id":"0101019dbf2c3c68-fb24f41d-9590-4c3f-ab80-6c3c31a8dd45-000000","msg":"📎 Correo con logo inline enviado por SES"}
{"level":30,"time":1777028856786,"pid":10632,"hostname":"TS-SURAGRA","to":["jgonzalezd@frutoslaaguada.cl","aracelli@suragra.com","marcoantonio@suragra.com","cinthia@suragra.com","jadcve@gmail.com","tesoreria@suragra.com"],"codIdtSap":"C76625630-9","msg":"Enviando NETO"}
{"level":30,"time":1777028857117,"pid":10632,"hostname":"TS-SURAGRA","to":["jgonzalezd@frutoslaaguada.cl","aracelli@suragra.com","marcoantonio@suragra.com","cinthia@suragra.com","jadcve@gmail.com","tesoreria@suragra.com"],"cc":["aracelli@suragra.com","marcoantonio@suragra.com","cinthia@suragra.com","jadcve@gmail.com","tesoreria@suragra.com"],"subject":"Resumen Neto Vencido SURAGRA","id":"0101019dbf2c7e43-ae83dfa7-8081-4118-b5ac-25eef1c93989-000000","msg":"📎 Correo con logo inline enviado por SES"}
{"level":30,"time":1777028874051,"pid":10632,"hostname":"TS-SURAGRA","to":["cmanzor@gls.cl","aracelli@suragra.com","marcoantonio@suragra.com","cinthia@suragra.com","jadcve@gmail.com","tesoreria@suragra.com"],"codIdtSap":"C77772750","msg":"Enviando NETO"}
{"level":30,"time":1777028874337,"pid":10632,"hostname":"TS-SURAGRA","to":["cmanzor@gls.cl","aracelli@suragra.com","marcoantonio@suragra.com","cinthia@suragra.com","jadcve@gmail.com","tesoreria@suragra.com"],"cc":["aracelli@suragra.com","marcoantonio@suragra.com","cinthia@suragra.com","jadcve@gmail.com","tesoreria@suragra.com"],"subject":"Resumen Neto Vencido SURAGRA","id":"0101019dbf2cc1b6-a0d13288-60ee-4ba8-8e3c-481fe66a6f94-000000","msg":"📎 Correo con logo inline enviado por SES"}
{"level":30,"time":1777028890944,"pid":10632,"hostname":"TS-SURAGRA","to":["storo@upacfruit.com","aracelli@suragra.com","marcoantonio@suragra.com","cinthia@suragra.com","jadcve@gmail.com","tesoreria@suragra.com"],"codIdtSap":"C76738610","msg":"Enviando NETO"}
{"level":30,"time":1777028891250,"pid":10632,"hostname":"TS-SURAGRA","to":["storo@upacfruit.com","aracelli@suragra.com","marcoantonio@suragra.com","cinthia@suragra.com","jadcve@gmail.com","tesoreria@suragra.com"],"cc":["aracelli@suragra.com","marcoantonio@suragra.com","cinthia@suragra.com","jadcve@gmail.com","tesoreria@suragra.com"],"subject":"Resumen Neto Vencido SURAGRA","id":"0101019dbf2d03ab-8c855c1c-117c-496a-b359-a19a671c56da-000000","msg":"📎 Correo con logo inline enviado por SES"}
{"level":30,"time":1777028908075,"pid":10632,"hostname":"TS-SURAGRA","to":["vinka.ureta@grupometro.cl","aracelli@suragra.com","marcoantonio@suragra.com","cinthia@suragra.com","jadcve@gmail.com","tesoreria@suragra.com"],"codIdtSap":"C76011359","msg":"Enviando NETO"}
{"level":30,"time":1777028908374,"pid":10632,"hostname":"TS-SURAGRA","to":["vinka.ureta@grupometro.cl","aracelli@suragra.com","marcoantonio@suragra.com","cinthia@suragra.com","jadcve@gmail.com","tesoreria@suragra.com"],"cc":["aracelli@suragra.com","marcoantonio@suragra.com","cinthia@suragra.com","jadcve@gmail.com","tesoreria@suragra.com"],"subject":"Resumen Neto Vencido SURAGRA","id":"0101019dbf2d469e-0b9eaf5b-83bf-44c5-919d-6074f384fe86-000000","msg":"📎 Correo con logo inline enviado por SES"}
{"level":30,"time":1777028924911,"pid":10632,"hostname":"TS-SURAGRA","to":["ecanaves@i-fruit.cl","aracelli@suragra.com","marcoantonio@suragra.com","cinthia@suragra.com","jadcve@gmail.com","tesoreria@suragra.com"],"codIdtSap":"C77346494","msg":"Enviando NETO"}
{"level":30,"time":1777028925209,"pid":10632,"hostname":"TS-SURAGRA","to":["ecanaves@i-fruit.cl","aracelli@suragra.com","marcoantonio@suragra.com","cinthia@suragra.com","jadcve@gmail.com","tesoreria@suragra.com"],"cc":["aracelli@suragra.com","marcoantonio@suragra.com","cinthia@suragra.com","jadcve@gmail.com","tesoreria@suragra.com"],"subject":"Resumen Neto Vencido SURAGRA","id":"0101019dbf2d8860-fcd7e2ee-1ac3-414b-966c-962597b78f44-000000","msg":"📎 Correo con logo inline enviado por SES"}
{"level":30,"time":1777028941891,"pid":10632,"hostname":"TS-SURAGRA","to":["adquisicionescarsal@gmail.com","aracelli@suragra.com","marcoantonio@suragra.com","cinthia@suragra.com","jadcve@gmail.com","tesoreria@suragra.com"],"codIdtSap":"C78557210","msg":"Enviando NETO"}
{"level":30,"time":1777028942190,"pid":10632,"hostname":"TS-SURAGRA","to":["adquisicionescarsal@gmail.com","aracelli@suragra.com","marcoantonio@suragra.com","cinthia@suragra.com","jadcve@gmail.com","tesoreria@suragra.com"],"cc":["aracelli@suragra.com","marcoantonio@suragra.com","cinthia@suragra.com","jadcve@gmail.com","tesoreria@suragra.com"],"subject":"Resumen Neto Vencido SURAGRA","id":"0101019dbf2dcab4-030ce5fd-4ac1-4144-b45e-bde548842359-000000","msg":"📎 Correo con logo inline enviado por SES"}
{"level":30,"time":1777028959008,"pid":10632,"hostname":"TS-SURAGRA","to":["miguel.marquez@provalle.com","aracelli@suragra.com","marcoantonio@suragra.com","cinthia@suragra.com","jadcve@gmail.com","tesoreria@suragra.com"],"codIdtSap":"C99546180","msg":"Enviando NETO"}
{"level":30,"time":1777028959301,"pid":10632,"hostname":"TS-SURAGRA","to":["miguel.marquez@provalle.com","aracelli@suragra.com","marcoantonio@suragra.com","cinthia@suragra.com","jadcve@gmail.com","tesoreria@suragra.com"],"cc":["aracelli@suragra.com","marcoantonio@suragra.com","cinthia@suragra.com","jadcve@gmail.com","tesoreria@suragra.com"],"subject":"Resumen Neto Vencido SURAGRA","id":"0101019dbf2e0d8e-ad747ec6-04c9-4ee3-a6c6-acdfbb5741a6-000000","msg":"📎 Correo con logo inline enviado por SES"}
{"level":30,"time":1777028975880,"pid":10632,"hostname":"TS-SURAGRA","to":["jzfernandez@uc.cl","aracelli@suragra.com","marcoantonio@suragra.com","cinthia@suragra.com","jadcve@gmail.com","tesoreria@suragra.com"],"codIdtSap":"C76076784","msg":"Enviando NETO"}
{"level":30,"time":1777028976226,"pid":10632,"hostname":"TS-SURAGRA","to":["jzfernandez@uc.cl","aracelli@suragra.com","marcoantonio@suragra.com","cinthia@suragra.com","jadcve@gmail.com","tesoreria@suragra.com"],"cc":["aracelli@suragra.com","marcoantonio@suragra.com","cinthia@suragra.com","jadcve@gmail.com","tesoreria@suragra.com"],"subject":"Resumen Neto Vencido SURAGRA","id":"0101019dbf2e4f70-d3573877-d908-4bad-b0f3-f6c88edae91e-000000","msg":"📎 Correo con logo inline enviado por SES"}
{"level":30,"time":1777028992757,"pid":10632,"hostname":"TS-SURAGRA","to":["cmanzor@gls.cl","aracelli@suragra.com","marcoantonio@suragra.com","cinthia@suragra.com","jadcve@gmail.com","tesoreria@suragra.com"],"codIdtSap":"C99510450","msg":"Enviando NETO"}
{"level":30,"time":1777028993041,"pid":10632,"hostname":"TS-SURAGRA","to":["cmanzor@gls.cl","aracelli@suragra.com","marcoantonio@suragra.com","cinthia@suragra.com","jadcve@gmail.com","tesoreria@suragra.com"],"cc":["aracelli@suragra.com","marcoantonio@suragra.com","cinthia@suragra.com","jadcve@gmail.com","tesoreria@suragra.com"],"subject":"Resumen Neto Vencido SURAGRA","id":"0101019dbf2e9164-fff98201-e77d-4604-808d-8c268cddc734-000000","msg":"📎 Correo con logo inline enviado por SES"}
{"level":30,"time":1777029010096,"pid":10632,"hostname":"TS-SURAGRA","to":["cbarrera@zurgroup.cl","aracelli@suragra.com","marcoantonio@suragra.com","cinthia@suragra.com","jadcve@gmail.com","tesoreria@suragra.com"],"codIdtSap":"C761625829","msg":"Enviando NETO"}
{"level":30,"time":1777029010369,"pid":10632,"hostname":"TS-SURAGRA","to":["cbarrera@zurgroup.cl","aracelli@suragra.com","marcoantonio@suragra.com","cinthia@suragra.com","jadcve@gmail.com","tesoreria@suragra.com"],"cc":["aracelli@suragra.com","marcoantonio@suragra.com","cinthia@suragra.com","jadcve@gmail.com","tesoreria@suragra.com"],"subject":"Resumen Neto Vencido SURAGRA","id":"0101019dbf2ed519-9244224b-2427-4a25-9bbf-5355a750aaaa-000000","msg":"📎 Correo con logo inline enviado por SES"}
{"level":30,"time":1777029010372,"pid":10632,"hostname":"TS-SURAGRA","job":"NETO","msg":"job done"}
{"level":50,"time":1777089300659,"pid":10632,"hostname":"TS-SURAGRA","job":"HEARTBEAT","err":"sendEmail is not defined","msg":"Heartbeat failed"}
{"level":50,"time":1777175700654,"pid":10632,"hostname":"TS-SURAGRA","job":"HEARTBEAT","err":"sendEmail is not defined","msg":"Heartbeat failed"}
{"level":50,"time":1777262100652,"pid":10632,"hostname":"TS-SURAGRA","job":"HEARTBEAT","err":"sendEmail is not defined","msg":"Heartbeat failed"}
{"level":50,"time":1777348500657,"pid":10632,"hostname":"TS-SURAGRA","job":"HEARTBEAT","err":"sendEmail is not defined","msg":"Heartbeat failed"}
{"level":50,"time":1777434900649,"pid":10632,"hostname":"TS-SURAGRA","job":"HEARTBEAT","err":"sendEmail is not defined","msg":"Heartbeat failed"}
{"level":50,"time":1777521300652,"pid":10632,"hostname":"TS-SURAGRA","job":"HEARTBEAT","err":"sendEmail is not defined","msg":"Heartbeat failed"}
{"level":50,"time":1777607700659,"pid":10632,"hostname":"TS-SURAGRA","job":"HEARTBEAT","err":"sendEmail is not defined","msg":"Heartbeat failed"}
{"level":30,"time":1777633200854,"pid":10632,"hostname":"TS-SURAGRA","subject":"Resumen Neto Vencido","msg":"Template cargado"}
{"level":30,"time":1777633227852,"pid":10632,"hostname":"TS-SURAGRA","to":["ADQUISICIONES@CRANA.CL","aracelli@suragra.com","marcoantonio@suragra.com","cinthia@suragra.com","jadcve@gmail.com","tesoreria@suragra.com"],"codIdtSap":"C79650240","msg":"Enviando NETO"}
{"level":30,"time":1777633228707,"pid":10632,"hostname":"TS-SURAGRA","to":["ADQUISICIONES@CRANA.CL","aracelli@suragra.com","marcoantonio@suragra.com","cinthia@suragra.com","jadcve@gmail.com","tesoreria@suragra.com"],"cc":["aracelli@suragra.com","marcoantonio@suragra.com","cinthia@suragra.com","jadcve@gmail.com","tesoreria@suragra.com"],"subject":"Resumen Neto Vencido SURAGRA","id":"0101019de33278eb-d29e4033-6feb-41a3-b3fc-1ee4c4928d22-000000","msg":"📎 Correo con logo inline enviado por SES"}
{"level":30,"time":1777633245353,"pid":10632,"hostname":"TS-SURAGRA","to":["agricolaitaliana6@gmail.com","aracelli@suragra.com","marcoantonio@suragra.com","cinthia@suragra.com","jadcve@gmail.com","tesoreria@suragra.com"],"codIdtSap":"C76073818","msg":"Enviando NETO"}
{"level":30,"time":1777633245643,"pid":10632,"hostname":"TS-SURAGRA","to":["agricolaitaliana6@gmail.com","aracelli@suragra.com","marcoantonio@suragra.com","cinthia@suragra.com","jadcve@gmail.com","tesoreria@suragra.com"],"cc":["aracelli@suragra.com","marcoantonio@suragra.com","cinthia@suragra.com","jadcve@gmail.com","tesoreria@suragra.com"],"subject":"Resumen Neto Vencido SURAGRA","id":"0101019de332bb14-25a266dc-02f8-4b1a-ad4d-5335210cec6b-000000","msg":"📎 Correo con logo inline enviado por SES"}
{"level":30,"time":1777633262131,"pid":10632,"hostname":"TS-SURAGRA","to":["Hercanagrolimitada.export@gmail.com","aracelli@suragra.com","marcoantonio@suragra.com","cinthia@suragra.com","jadcve@gmail.com","tesoreria@suragra.com"],"codIdtSap":"C76573605","msg":"Enviando NETO"}
{"level":30,"time":1777633262421,"pid":10632,"hostname":"TS-SURAGRA","to":["Hercanagrolimitada.export@gmail.com","aracelli@suragra.com","marcoantonio@suragra.com","cinthia@suragra.com","jadcve@gmail.com","tesoreria@suragra.com"],"cc":["aracelli@suragra.com","marcoantonio@suragra.com","cinthia@suragra.com","jadcve@gmail.com","tesoreria@suragra.com"],"subject":"Resumen Neto Vencido SURAGRA","id":"0101019de332fc9d-2f977708-2ef5-4765-ab32-b3b9c15d6164-000000","msg":"📎 Correo con logo inline enviado por SES"}
{"level":30,"time":1777633280352,"pid":10632,"hostname":"TS-SURAGRA","to":["cramleon@gmail.com","aracelli@suragra.com","marcoantonio@suragra.com","cinthia@suragra.com","jadcve@gmail.com","tesoreria@suragra.com"],"codIdtSap":"C76592089","msg":"Enviando NETO"}
{"level":30,"time":1777633280646,"pid":10632,"hostname":"TS-SURAGRA","to":["cramleon@gmail.com","aracelli@suragra.com","marcoantonio@suragra.com","cinthia@suragra.com","jadcve@gmail.com","tesoreria@suragra.com"],"cc":["aracelli@suragra.com","marcoantonio@suragra.com","cinthia@suragra.com","jadcve@gmail.com","tesoreria@suragra.com"],"subject":"Resumen Neto Vencido SURAGRA","id":"0101019de33343c8-baeddc2e-fbfc-489b-91e8-84eaeccec94a-000000","msg":"📎 Correo con logo inline enviado por SES"}
{"level":30,"time":1777633297782,"pid":10632,"hostname":"TS-SURAGRA","to":["rre@naturalquality.cl","aracelli@suragra.com","marcoantonio@suragra.com","cinthia@suragra.com","jadcve@gmail.com","tesoreria@suragra.com"],"codIdtSap":"C76055435","msg":"Enviando NETO"}
{"level":30,"time":1777633298119,"pid":10632,"hostname":"TS-SURAGRA","to":["rre@naturalquality.cl","aracelli@suragra.com","marcoantonio@suragra.com","cinthia@suragra.com","jadcve@gmail.com","tesoreria@suragra.com"],"cc":["aracelli@suragra.com","marcoantonio@suragra.com","cinthia@suragra.com","jadcve@gmail.com","tesoreria@suragra.com"],"subject":"Resumen Neto Vencido SURAGRA","id":"0101019de33387df-24781a1b-bafa-4e5b-8d43-247e9191d522-000000","msg":"📎 Correo con logo inline enviado por SES"}
{"level":30,"time":1777633314736,"pid":10632,"hostname":"TS-SURAGRA","to":["alfredochimenti@gmail.com","aracelli@suragra.com","marcoantonio@suragra.com","cinthia@suragra.com","jadcve@gmail.com","tesoreria@suragra.com"],"codIdtSap":"C4344518","msg":"Enviando NETO"}
{"level":30,"time":1777633315069,"pid":10632,"hostname":"TS-SURAGRA","to":["alfredochimenti@gmail.com","aracelli@suragra.com","marcoantonio@suragra.com","cinthia@suragra.com","jadcve@gmail.com","tesoreria@suragra.com"],"cc":["aracelli@suragra.com","marcoantonio@suragra.com","cinthia@suragra.com","jadcve@gmail.com","tesoreria@suragra.com"],"subject":"Resumen Neto Vencido SURAGRA","id":"0101019de333ca1b-4573ac94-0dfe-494c-a4b1-61c318abd70e-000000","msg":"📎 Correo con logo inline enviado por SES"}
{"level":30,"time":1777633331466,"pid":10632,"hostname":"TS-SURAGRA","to":["aracelli@suragra.com","marcoantonio@suragra.com","cinthia@suragra.com","jadcve@gmail.com","tesoreria@suragra.com"],"codIdtSap":"C77739754","msg":"Enviando NETO"}
{"level":30,"time":1777633331840,"pid":10632,"hostname":"TS-SURAGRA","to":["aracelli@suragra.com","marcoantonio@suragra.com","cinthia@suragra.com","jadcve@gmail.com","tesoreria@suragra.com"],"cc":["aracelli@suragra.com","marcoantonio@suragra.com","cinthia@suragra.com","jadcve@gmail.com","tesoreria@suragra.com"],"subject":"Resumen Neto Vencido SURAGRA","id":"0101019de3340b77-ea9cc323-b546-4573-a778-4770b9b49dfe-000000","msg":"📎 Correo con logo inline enviado por SES"}
{"level":30,"time":1777633348296,"pid":10632,"hostname":"TS-SURAGRA","to":["ADMINISTRACION@CMXGROUP.NET","aracelli@suragra.com","marcoantonio@suragra.com","cinthia@suragra.com","jadcve@gmail.com","tesoreria@suragra.com"],"codIdtSap":"C76446121","msg":"Enviando NETO"}
{"level":30,"time":1777633348601,"pid":10632,"hostname":"TS-SURAGRA","to":["ADMINISTRACION@CMXGROUP.NET","aracelli@suragra.com","marcoantonio@suragra.com","cinthia@suragra.com","jadcve@gmail.com","tesoreria@suragra.com"],"cc":["aracelli@suragra.com","marcoantonio@suragra.com","cinthia@suragra.com","jadcve@gmail.com","tesoreria@suragra.com"],"subject":"Resumen Neto Vencido SURAGRA","id":"0101019de3344d33-30b653f6-b385-4060-b169-4cb4488af394-000000","msg":"📎 Correo con logo inline enviado por SES"}
{"level":30,"time":1777633365425,"pid":10632,"hostname":"TS-SURAGRA","to":["alopez@elcaminospa.cl","aracelli@suragra.com","marcoantonio@suragra.com","cinthia@suragra.com","jadcve@gmail.com","tesoreria@suragra.com"],"codIdtSap":"C76180781","msg":"Enviando NETO"}
{"level":30,"time":1777633365668,"pid":10632,"hostname":"TS-SURAGRA","to":["alopez@elcaminospa.cl","aracelli@suragra.com","marcoantonio@suragra.com","cinthia@suragra.com","jadcve@gmail.com","tesoreria@suragra.com"],"cc":["aracelli@suragra.com","marcoantonio@suragra.com","cinthia@suragra.com","jadcve@gmail.com","tesoreria@suragra.com"],"subject":"Resumen Neto Vencido SURAGRA","id":"0101019de3349003-06936195-91b6-445b-bf1a-f87210b84dc7-000000","msg":"📎 Correo con logo inline enviado por SES"}
{"level":30,"time":1777633382228,"pid":10632,"hostname":"TS-SURAGRA","to":["ksalazar@greenpack.cl","aracelli@suragra.com","marcoantonio@suragra.com","cinthia@suragra.com","jadcve@gmail.com","tesoreria@suragra.com"],"codIdtSap":"C76213723","msg":"Enviando NETO"}
{"level":30,"time":1777633382513,"pid":10632,"hostname":"TS-SURAGRA","to":["ksalazar@greenpack.cl","aracelli@suragra.com","marcoantonio@suragra.com","cinthia@suragra.com","jadcve@gmail.com","tesoreria@suragra.com"],"cc":["aracelli@suragra.com","marcoantonio@suragra.com","cinthia@suragra.com","jadcve@gmail.com","tesoreria@suragra.com"],"subject":"Resumen Neto Vencido SURAGRA","id":"0101019de334d1bc-1193ada9-50bb-415e-9862-cdf0d8bb6f93-000000","msg":"📎 Correo con logo inline enviado por SES"}
{"level":30,"time":1777633399036,"pid":10632,"hostname":"TS-SURAGRA","to":["adquisiciones@smexport.cl","aracelli@suragra.com","marcoantonio@suragra.com","cinthia@suragra.com","jadcve@gmail.com","tesoreria@suragra.com"],"codIdtSap":"C76044491","msg":"Enviando NETO"}
{"level":30,"time":1777633399340,"pid":10632,"hostname":"TS-SURAGRA","to":["adquisiciones@smexport.cl","aracelli@suragra.com","marcoantonio@suragra.com","cinthia@suragra.com","jadcve@gmail.com","tesoreria@suragra.com"],"cc":["aracelli@suragra.com","marcoantonio@suragra.com","cinthia@suragra.com","jadcve@gmail.com","tesoreria@suragra.com"],"subject":"Resumen Neto Vencido SURAGRA","id":"0101019de335136a-c035c095-c2de-4e4b-a3ec-25f825f537bf-000000","msg":"📎 Correo con logo inline enviado por SES"}
{"level":30,"time":1777633416002,"pid":10632,"hostname":"TS-SURAGRA","to":["mc.gumucio@consultorathinking.com","aracelli@suragra.com","marcoantonio@suragra.com","cinthia@suragra.com","jadcve@gmail.com","tesoreria@suragra.com"],"codIdtSap":"C77350529","msg":"Enviando NETO"}
{"level":30,"time":1777633416299,"pid":10632,"hostname":"TS-SURAGRA","to":["mc.gumucio@consultorathinking.com","aracelli@suragra.com","marcoantonio@suragra.com","cinthia@suragra.com","jadcve@gmail.com","tesoreria@suragra.com"],"cc":["aracelli@suragra.com","marcoantonio@suragra.com","cinthia@suragra.com","jadcve@gmail.com","tesoreria@suragra.com"],"subject":"Resumen Neto Vencido SURAGRA","id":"0101019de33555ae-c392b51b-ca02-40b8-a97a-e24e58801a2d-000000","msg":"📎 Correo con logo inline enviado por SES"}
{"level":30,"time":1777633432926,"pid":10632,"hostname":"TS-SURAGRA","to":["fernanda@espejofruits.com","aracelli@suragra.com","marcoantonio@suragra.com","cinthia@suragra.com","jadcve@gmail.com","tesoreria@suragra.com"],"codIdtSap":"C77280637","msg":"Enviando NETO"}
{"level":30,"time":1777633433207,"pid":10632,"hostname":"TS-SURAGRA","to":["fernanda@espejofruits.com","aracelli@suragra.com","marcoantonio@suragra.com","cinthia@suragra.com","jadcve@gmail.com","tesoreria@suragra.com"],"cc":["aracelli@suragra.com","marcoantonio@suragra.com","cinthia@suragra.com","jadcve@gmail.com","tesoreria@suragra.com"],"subject":"Resumen Neto Vencido SURAGRA","id":"0101019de33597c4-1793855d-0a1e-44fa-b11b-7fa8811b18d4-000000","msg":"📎 Correo con logo inline enviado por SES"}
{"level":30,"time":1777633450392,"pid":10632,"hostname":"TS-SURAGRA","to":["lpinto@fundolacampana.cl","aracelli@suragra.com","marcoantonio@suragra.com","cinthia@suragra.com","jadcve@gmail.com","tesoreria@suragra.com"],"codIdtSap":"C76979390","msg":"Enviando NETO"}
{"level":30,"time":1777633450675,"pid":10632,"hostname":"TS-SURAGRA","to":["lpinto@fundolacampana.cl","aracelli@suragra.com","marcoantonio@suragra.com","cinthia@suragra.com","jadcve@gmail.com","tesoreria@suragra.com"],"cc":["aracelli@suragra.com","marcoantonio@suragra.com","cinthia@suragra.com","jadcve@gmail.com","tesoreria@suragra.com"],"subject":"Resumen Neto Vencido SURAGRA","id":"0101019de335dbfa-385a480c-f887-4ba4-b959-7e56734a7ba7-000000","msg":"📎 Correo con logo inline enviado por SES"}
{"level":30,"time":1777633467349,"pid":10632,"hostname":"TS-SURAGRA","to":["JCORTEZ@GROUPVALLEY.CL","aracelli@suragra.com","marcoantonio@suragra.com","cinthia@suragra.com","jadcve@gmail.com","tesoreria@suragra.com"],"codIdtSap":"C76885621","msg":"Enviando NETO"}
{"level":30,"time":1777633467642,"pid":10632,"hostname":"TS-SURAGRA","to":["JCORTEZ@GROUPVALLEY.CL","aracelli@suragra.com","marcoantonio@suragra.com","cinthia@suragra.com","jadcve@gmail.com","tesoreria@suragra.com"],"cc":["aracelli@suragra.com","marcoantonio@suragra.com","cinthia@suragra.com","jadcve@gmail.com","tesoreria@suragra.com"],"subject":"Resumen Neto Vencido SURAGRA","id":"0101019de3361e3f-ad8a7754-ac2c-4fd5-9576-68df4aeba353-000000","msg":"📎 Correo con logo inline enviado por SES"}
{"level":30,"time":1777633484356,"pid":10632,"hostname":"TS-SURAGRA","to":["naedo@fieldsfruits.com","aracelli@suragra.com","marcoantonio@suragra.com","cinthia@suragra.com","jadcve@gmail.com","tesoreria@suragra.com"],"codIdtSap":"C76304361","msg":"Enviando NETO"}
{"level":30,"time":1777633484652,"pid":10632,"hostname":"TS-SURAGRA","to":["naedo@fieldsfruits.com","aracelli@suragra.com","marcoantonio@suragra.com","cinthia@suragra.com","jadcve@gmail.com","tesoreria@suragra.com"],"cc":["aracelli@suragra.com","marcoantonio@suragra.com","cinthia@suragra.com","jadcve@gmail.com","tesoreria@suragra.com"],"subject":"Resumen Neto Vencido SURAGRA","id":"0101019de33660b2-9b76998b-e037-4ac7-921d-99c6b89de5fb-000000","msg":"📎 Correo con logo inline enviado por SES"}
{"level":30,"time":1777633501308,"pid":10632,"hostname":"TS-SURAGRA","to":["paula.munoz@santa-rosario.com","aracelli@suragra.com","marcoantonio@suragra.com","cinthia@suragra.com","jadcve@gmail.com","tesoreria@suragra.com"],"codIdtSap":"C77757654","msg":"Enviando NETO"}
{"level":30,"time":1777633501653,"pid":10632,"hostname":"TS-SURAGRA","to":["paula.munoz@santa-rosario.com","aracelli@suragra.com","marcoantonio@suragra.com","cinthia@suragra.com","jadcve@gmail.com","tesoreria@suragra.com"],"cc":["aracelli@suragra.com","marcoantonio@suragra.com","cinthia@suragra.com","jadcve@gmail.com","tesoreria@suragra.com"],"subject":"Resumen Neto Vencido SURAGRA","id":"0101019de336a2ed-257bdd3b-e8e7-4732-8d81-61eb666531e8-000000","msg":"📎 Correo con logo inline enviado por SES"}
{"level":30,"time":1777633524501,"pid":10632,"hostname":"TS-SURAGRA","to":["ALEJANDRASM@QUINTAYFRUIT.CL","aracelli@suragra.com","marcoantonio@suragra.com","cinthia@suragra.com","jadcve@gmail.com","tesoreria@suragra.com"],"codIdtSap":"C99578700","msg":"Enviando NETO"}
{"level":30,"time":1777633524786,"pid":10632,"hostname":"TS-SURAGRA","to":["ALEJANDRASM@QUINTAYFRUIT.CL","aracelli@suragra.com","marcoantonio@suragra.com","cinthia@suragra.com","jadcve@gmail.com","tesoreria@suragra.com"],"cc":["aracelli@suragra.com","marcoantonio@suragra.com","cinthia@suragra.com","jadcve@gmail.com","tesoreria@suragra.com"],"subject":"Resumen Neto Vencido SURAGRA","id":"0101019de336fd7b-7dd618ab-aa4b-4232-af58-a9bc5dd3ac12-000000","msg":"📎 Correo con logo inline enviado por SES"}
{"level":30,"time":1777633542061,"pid":10632,"hostname":"TS-SURAGRA","to":["jorge@utilitas.cl","aracelli@suragra.com","marcoantonio@suragra.com","cinthia@suragra.com","jadcve@gmail.com","tesoreria@suragra.com"],"codIdtSap":"C76384094","msg":"Enviando NETO"}
{"level":30,"time":1777633542359,"pid":10632,"hostname":"TS-SURAGRA","to":["jorge@utilitas.cl","aracelli@suragra.com","marcoantonio@suragra.com","cinthia@suragra.com","jadcve@gmail.com","tesoreria@suragra.com"],"cc":["aracelli@suragra.com","marcoantonio@suragra.com","cinthia@suragra.com","jadcve@gmail.com","tesoreria@suragra.com"],"subject":"Resumen Neto Vencido SURAGRA","id":"0101019de3374217-cc5afa5c-b563-49e5-bc7b-bd7dafaddd60-000000","msg":"📎 Correo con logo inline enviado por SES"}
{"level":30,"time":1777633559155,"pid":10632,"hostname":"TS-SURAGRA","to":["tomas@fruteraguasblancas.cl","aracelli@suragra.com","marcoantonio@suragra.com","cinthia@suragra.com","jadcve@gmail.com","tesoreria@suragra.com"],"codIdtSap":"C79660760","msg":"Enviando NETO"}
{"level":30,"time":1777633559478,"pid":10632,"hostname":"TS-SURAGRA","to":["tomas@fruteraguasblancas.cl","aracelli@suragra.com","marcoantonio@suragra.com","cinthia@suragra.com","jadcve@gmail.com","tesoreria@suragra.com"],"cc":["aracelli@suragra.com","marcoantonio@suragra.com","cinthia@suragra.com","jadcve@gmail.com","tesoreria@suragra.com"],"subject":"Resumen Neto Vencido SURAGRA","id":"0101019de33784df-b1468418-6668-4498-8d8a-d55ef07e490a-000000","msg":"📎 Correo con logo inline enviado por SES"}
{"level":30,"time":1777633575950,"pid":10632,"hostname":"TS-SURAGRA","to":["SOLEDAD.ARRIAGADA@FRUSAN.CL","aracelli@suragra.com","marcoantonio@suragra.com","cinthia@suragra.com","jadcve@gmail.com","tesoreria@suragra.com"],"codIdtSap":"C86381300","msg":"Enviando NETO"}
{"level":30,"time":1777633576255,"pid":10632,"hostname":"TS-SURAGRA","to":["SOLEDAD.ARRIAGADA@FRUSAN.CL","aracelli@suragra.com","marcoantonio@suragra.com","cinthia@suragra.com","jadcve@gmail.com","tesoreria@suragra.com"],"cc":["aracelli@suragra.com","marcoantonio@suragra.com","cinthia@suragra.com","jadcve@gmail.com","tesoreria@suragra.com"],"subject":"Resumen Neto Vencido SURAGRA","id":"0101019de337c67e-d3ecc36d-a3b7-4860-8d4d-846e48ada624-000000","msg":"📎 Correo con logo inline enviado por SES"}
{"level":30,"time":1777633592701,"pid":10632,"hostname":"TS-SURAGRA","to":["jgonzalezd@frutoslaaguada.cl","aracelli@suragra.com","marcoantonio@suragra.com","cinthia@suragra.com","jadcve@gmail.com","tesoreria@suragra.com"],"codIdtSap":"C76625630-9","msg":"Enviando NETO"}
{"level":30,"time":1777633592992,"pid":10632,"hostname":"TS-SURAGRA","to":["jgonzalezd@frutoslaaguada.cl","aracelli@suragra.com","marcoantonio@suragra.com","cinthia@suragra.com","jadcve@gmail.com","tesoreria@suragra.com"],"cc":["aracelli@suragra.com","marcoantonio@suragra.com","cinthia@suragra.com","jadcve@gmail.com","tesoreria@suragra.com"],"subject":"Resumen Neto Vencido SURAGRA","id":"0101019de33807e9-706cef80-1e73-4240-a39c-76890c1ac5a6-000000","msg":"📎 Correo con logo inline enviado por SES"}
{"level":30,"time":1777633609859,"pid":10632,"hostname":"TS-SURAGRA","to":["cmanzor@gls.cl","aracelli@suragra.com","marcoantonio@suragra.com","cinthia@suragra.com","jadcve@gmail.com","tesoreria@suragra.com"],"codIdtSap":"C77772750","msg":"Enviando NETO"}
{"level":30,"time":1777633610168,"pid":10632,"hostname":"TS-SURAGRA","to":["cmanzor@gls.cl","aracelli@suragra.com","marcoantonio@suragra.com","cinthia@suragra.com","jadcve@gmail.com","tesoreria@suragra.com"],"cc":["aracelli@suragra.com","marcoantonio@suragra.com","cinthia@suragra.com","jadcve@gmail.com","tesoreria@suragra.com"],"subject":"Resumen Neto Vencido SURAGRA","id":"0101019de3384aeb-f974e00d-1c76-4d86-846f-56dbfab2453e-000000","msg":"📎 Correo con logo inline enviado por SES"}
{"level":30,"time":1777633626853,"pid":10632,"hostname":"TS-SURAGRA","to":["storo@upacfruit.com","aracelli@suragra.com","marcoantonio@suragra.com","cinthia@suragra.com","jadcve@gmail.com","tesoreria@suragra.com"],"codIdtSap":"C76738610","msg":"Enviando NETO"}
{"level":30,"time":1777633627130,"pid":10632,"hostname":"TS-SURAGRA","to":["storo@upacfruit.com","aracelli@suragra.com","marcoantonio@suragra.com","cinthia@suragra.com","jadcve@gmail.com","tesoreria@suragra.com"],"cc":["aracelli@suragra.com","marcoantonio@suragra.com","cinthia@suragra.com","jadcve@gmail.com","tesoreria@suragra.com"],"subject":"Resumen Neto Vencido SURAGRA","id":"0101019de3388d49-c571bf40-ad96-47ba-810e-a81af0a3939a-000000","msg":"📎 Correo con logo inline enviado por SES"}
{"level":30,"time":1777633643806,"pid":10632,"hostname":"TS-SURAGRA","to":["vinka.ureta@grupometro.cl","aracelli@suragra.com","marcoantonio@suragra.com","cinthia@suragra.com","jadcve@gmail.com","tesoreria@suragra.com"],"codIdtSap":"C76011359","msg":"Enviando NETO"}
{"level":30,"time":1777633644113,"pid":10632,"hostname":"TS-SURAGRA","to":["vinka.ureta@grupometro.cl","aracelli@suragra.com","marcoantonio@suragra.com","cinthia@suragra.com","jadcve@gmail.com","tesoreria@suragra.com"],"cc":["aracelli@suragra.com","marcoantonio@suragra.com","cinthia@suragra.com","jadcve@gmail.com","tesoreria@suragra.com"],"subject":"Resumen Neto Vencido SURAGRA","id":"0101019de338cf8a-35353e99-09d2-459f-865c-2692e2498666-000000","msg":"📎 Correo con logo inline enviado por SES"}
{"level":30,"time":1777633660857,"pid":10632,"hostname":"TS-SURAGRA","to":["josemiguelvaldeso@diezescobar.cl","aracelli@suragra.com","marcoantonio@suragra.com","cinthia@suragra.com","jadcve@gmail.com","tesoreria@suragra.com"],"codIdtSap":"C78297280","msg":"Enviando NETO"}
{"level":30,"time":1777633661190,"pid":10632,"hostname":"TS-SURAGRA","to":["josemiguelvaldeso@diezescobar.cl","aracelli@suragra.com","marcoantonio@suragra.com","cinthia@suragra.com","jadcve@gmail.com","tesoreria@suragra.com"],"cc":["aracelli@suragra.com","marcoantonio@suragra.com","cinthia@suragra.com","jadcve@gmail.com","tesoreria@suragra.com"],"subject":"Resumen Neto Vencido SURAGRA","id":"0101019de3391226-8acbdad1-739c-4ad5-a5e1-ac07cc28719b-000000","msg":"📎 Correo con logo inline enviado por SES"}
{"level":30,"time":1777633677493,"pid":10632,"hostname":"TS-SURAGRA","to":["ecanaves@i-fruit.cl","aracelli@suragra.com","marcoantonio@suragra.com","cinthia@suragra.com","jadcve@gmail.com","tesoreria@suragra.com"],"codIdtSap":"C77346494","msg":"Enviando NETO"}
{"level":30,"time":1777633677810,"pid":10632,"hostname":"TS-SURAGRA","to":["ecanaves@i-fruit.cl","aracelli@suragra.com","marcoantonio@suragra.com","cinthia@suragra.com","jadcve@gmail.com","tesoreria@suragra.com"],"cc":["aracelli@suragra.com","marcoantonio@suragra.com","cinthia@suragra.com","jadcve@gmail.com","tesoreria@suragra.com"],"subject":"Resumen Neto Vencido SURAGRA","id":"0101019de3395321-3beeff54-8279-47c8-aaf3-78a81fa74ce9-000000","msg":"📎 Correo con logo inline enviado por SES"}
{"level":30,"time":1777633694358,"pid":10632,"hostname":"TS-SURAGRA","to":["adquisicionescarsal@gmail.com","aracelli@suragra.com","marcoantonio@suragra.com","cinthia@suragra.com","jadcve@gmail.com","tesoreria@suragra.com"],"codIdtSap":"C78557210","msg":"Enviando NETO"}
{"level":30,"time":1777633694638,"pid":10632,"hostname":"TS-SURAGRA","to":["adquisicionescarsal@gmail.com","aracelli@suragra.com","marcoantonio@suragra.com","cinthia@suragra.com","jadcve@gmail.com","tesoreria@suragra.com"],"cc":["aracelli@suragra.com","marcoantonio@suragra.com","cinthia@suragra.com","jadcve@gmail.com","tesoreria@suragra.com"],"subject":"Resumen Neto Vencido SURAGRA","id":"0101019de3399500-0e1a3ad0-1ed4-4ad6-8d8d-e427b104548c-000000","msg":"📎 Correo con logo inline enviado por SES"}
{"level":30,"time":1777633711132,"pid":10632,"hostname":"TS-SURAGRA","to":["miguel.marquez@provalle.com","aracelli@suragra.com","marcoantonio@suragra.com","cinthia@suragra.com","jadcve@gmail.com","tesoreria@suragra.com"],"codIdtSap":"C99546180","msg":"Enviando NETO"}
{"level":30,"time":1777633711456,"pid":10632,"hostname":"TS-SURAGRA","to":["miguel.marquez@provalle.com","aracelli@suragra.com","marcoantonio@suragra.com","cinthia@suragra.com","jadcve@gmail.com","tesoreria@suragra.com"],"cc":["aracelli@suragra.com","marcoantonio@suragra.com","cinthia@suragra.com","jadcve@gmail.com","tesoreria@suragra.com"],"subject":"Resumen Neto Vencido SURAGRA","id":"0101019de339d68a-c37e001c-39d4-4b25-9eda-b22e318466af-000000","msg":"📎 Correo con logo inline enviado por SES"}
{"level":30,"time":1777633728008,"pid":10632,"hostname":"TS-SURAGRA","to":["lmiranda@cylfrut.cl","aracelli@suragra.com","marcoantonio@suragra.com","cinthia@suragra.com","jadcve@gmail.com","tesoreria@suragra.com"],"codIdtSap":"C76904417","msg":"Enviando NETO"}
{"level":30,"time":1777633728297,"pid":10632,"hostname":"TS-SURAGRA","to":["lmiranda@cylfrut.cl","aracelli@suragra.com","marcoantonio@suragra.com","cinthia@suragra.com","jadcve@gmail.com","tesoreria@suragra.com"],"cc":["aracelli@suragra.com","marcoantonio@suragra.com","cinthia@suragra.com","jadcve@gmail.com","tesoreria@suragra.com"],"subject":"Resumen Neto Vencido SURAGRA","id":"0101019de33a1870-9c8accfc-644e-40ff-95bc-00195fd502fb-000000","msg":"📎 Correo con logo inline enviado por SES"}
{"level":30,"time":1777633744904,"pid":10632,"hostname":"TS-SURAGRA","to":["cmanzor@gls.cl","aracelli@suragra.com","marcoantonio@suragra.com","cinthia@suragra.com","jadcve@gmail.com","tesoreria@suragra.com"],"codIdtSap":"C99510450","msg":"Enviando NETO"}
{"level":30,"time":1777633745199,"pid":10632,"hostname":"TS-SURAGRA","to":["cmanzor@gls.cl","aracelli@suragra.com","marcoantonio@suragra.com","cinthia@suragra.com","jadcve@gmail.com","tesoreria@suragra.com"],"cc":["aracelli@suragra.com","marcoantonio@suragra.com","cinthia@suragra.com","jadcve@gmail.com","tesoreria@suragra.com"],"subject":"Resumen Neto Vencido SURAGRA","id":"0101019de33a5a73-c5d089d6-2c66-4f1f-b120-92176db33485-000000","msg":"📎 Correo con logo inline enviado por SES"}
{"level":30,"time":1777633762137,"pid":10632,"hostname":"TS-SURAGRA","to":["cbarrera@zurgroup.cl","aracelli@suragra.com","marcoantonio@suragra.com","cinthia@suragra.com","jadcve@gmail.com","tesoreria@suragra.com"],"codIdtSap":"C761625829","msg":"Enviando NETO"}
{"level":30,"time":1777633762402,"pid":10632,"hostname":"TS-SURAGRA","to":["cbarrera@zurgroup.cl","aracelli@suragra.com","marcoantonio@suragra.com","cinthia@suragra.com","jadcve@gmail.com","tesoreria@suragra.com"],"cc":["aracelli@suragra.com","marcoantonio@suragra.com","cinthia@suragra.com","jadcve@gmail.com","tesoreria@suragra.com"],"subject":"Resumen Neto Vencido SURAGRA","id":"0101019de33a9db3-79daa905-12f9-4332-9628-33f3adca6f85-000000","msg":"📎 Correo con logo inline enviado por SES"}
{"level":30,"time":1777633762405,"pid":10632,"hostname":"TS-SURAGRA","job":"NETO","msg":"job done"}
{"level":50,"time":1777694100659,"pid":10632,"hostname":"TS-SURAGRA","job":"HEARTBEAT","err":"sendEmail is not defined","msg":"Heartbeat failed"}
{"level":50,"time":1777866900652,"pid":10632,"hostname":"TS-SURAGRA","job":"HEARTBEAT","err":"sendEmail is not defined","msg":"Heartbeat failed"}
{"level":30,"time":1777896000420,"pid":10632,"hostname":"TS-SURAGRA","subject":"Resumen de Facturacion","msg":"Template RFAC cargado"}
{"level":30,"time":1777896030049,"pid":10632,"hostname":"TS-SURAGRA","to":["alfredochimenti@gmail.com","aracelli@suragra.com","marcoantonio@suragra.com","cinthia@suragra.com","jadcve@gmail.com","tesoreria@suragra.com"],"codIdtSap":"C4344518","msg":"Enviando RFAC"}
{"level":30,"time":1777896030787,"pid":10632,"hostname":"TS-SURAGRA","to":["alfredochimenti@gmail.com","aracelli@suragra.com","marcoantonio@suragra.com","cinthia@suragra.com","jadcve@gmail.com","tesoreria@suragra.com"],"cc":["aracelli@suragra.com","marcoantonio@suragra.com","cinthia@suragra.com","jadcve@gmail.com","tesoreria@suragra.com"],"subject":"Resumen de Facturacion SURAGRA","id":"0101019df2dc8190-0fb6476d-eb1b-44e1-82df-5a0e8107e553-000000","msg":"✉️ Correo enviado por SES"}
{"level":30,"time":1777896049550,"pid":10632,"hostname":"TS-SURAGRA","to":["nibaldo@frioromeral.cl","aracelli@suragra.com","marcoantonio@suragra.com","cinthia@suragra.com","jadcve@gmail.com","tesoreria@suragra.com"],"codIdtSap":"C76053250","msg":"Enviando RFAC"}
{"level":30,"time":1777896049846,"pid":10632,"hostname":"TS-SURAGRA","to":["nibaldo@frioromeral.cl","aracelli@suragra.com","marcoantonio@suragra.com","cinthia@suragra.com","jadcve@gmail.com","tesoreria@suragra.com"],"cc":["aracelli@suragra.com","marcoantonio@suragra.com","cinthia@suragra.com","jadcve@gmail.com","tesoreria@suragra.com"],"subject":"Resumen de Facturacion SURAGRA","id":"0101019df2dccc12-7b936dfe-2ee1-4b6e-ade2-87904032b6a3-000000","msg":"✉️ Correo enviado por SES"}
{"level":30,"time":1777896068873,"pid":10632,"hostname":"TS-SURAGRA","to":["rre@naturalquality.cl","aracelli@suragra.com","marcoantonio@suragra.com","cinthia@suragra.com","jadcve@gmail.com","tesoreria@suragra.com"],"codIdtSap":"C76055435","msg":"Enviando RFAC"}
{"level":30,"time":1777896069169,"pid":10632,"hostname":"TS-SURAGRA","to":["rre@naturalquality.cl","aracelli@suragra.com","marcoantonio@suragra.com","cinthia@suragra.com","jadcve@gmail.com","tesoreria@suragra.com"],"cc":["aracelli@suragra.com","marcoantonio@suragra.com","cinthia@suragra.com","jadcve@gmail.com","tesoreria@suragra.com"],"subject":"Resumen de Facturacion SURAGRA","id":"0101019df2dd178d-fe85e605-ad55-465c-8374-c6884c340a24-000000","msg":"✉️ Correo enviado por SES"}
{"level":30,"time":1777896088327,"pid":10632,"hostname":"TS-SURAGRA","to":["alopez@elcaminospa.cl","aracelli@suragra.com","marcoantonio@suragra.com","cinthia@suragra.com","jadcve@gmail.com","tesoreria@suragra.com"],"codIdtSap":"C76180781","msg":"Enviando RFAC"}
{"level":30,"time":1777896088636,"pid":10632,"hostname":"TS-SURAGRA","to":["alopez@elcaminospa.cl","aracelli@suragra.com","marcoantonio@suragra.com","cinthia@suragra.com","jadcve@gmail.com","tesoreria@suragra.com"],"cc":["aracelli@suragra.com","marcoantonio@suragra.com","cinthia@suragra.com","jadcve@gmail.com","tesoreria@suragra.com"],"subject":"Resumen de Facturacion SURAGRA","id":"0101019df2dd638d-2ed92052-c25b-406c-8376-a42b2db224e6-000000","msg":"✉️ Correo enviado por SES"}
{"level":30,"time":1777896107351,"pid":10632,"hostname":"TS-SURAGRA","to":["ksalazar@greenpack.cl","aracelli@suragra.com","marcoantonio@suragra.com","cinthia@suragra.com","jadcve@gmail.com","tesoreria@suragra.com"],"codIdtSap":"C76213723","msg":"Enviando RFAC"}
{"level":30,"time":1777896107653,"pid":10632,"hostname":"TS-SURAGRA","to":["ksalazar@greenpack.cl","aracelli@suragra.com","marcoantonio@suragra.com","cinthia@suragra.com","jadcve@gmail.com","tesoreria@suragra.com"],"cc":["aracelli@suragra.com","marcoantonio@suragra.com","cinthia@suragra.com","jadcve@gmail.com","tesoreria@suragra.com"],"subject":"Resumen de Facturacion SURAGRA","id":"0101019df2ddadda-ca30f352-cb59-4cd5-880c-b485ca4a370b-000000","msg":"✉️ Correo enviado por SES"}
{"level":30,"time":1777896126372,"pid":10632,"hostname":"TS-SURAGRA","to":["vivian.baeza@core-export.cl","aracelli@suragra.com","marcoantonio@suragra.com","cinthia@suragra.com","jadcve@gmail.com","tesoreria@suragra.com"],"codIdtSap":"C76389543-2","msg":"Enviando RFAC"}
{"level":30,"time":1777896126679,"pid":10632,"hostname":"TS-SURAGRA","to":["vivian.baeza@core-export.cl","aracelli@suragra.com","marcoantonio@suragra.com","cinthia@suragra.com","jadcve@gmail.com","tesoreria@suragra.com"],"cc":["aracelli@suragra.com","marcoantonio@suragra.com","cinthia@suragra.com","jadcve@gmail.com","tesoreria@suragra.com"],"subject":"Resumen de Facturacion SURAGRA","id":"0101019df2ddf825-f1f3263c-b518-4d39-be1f-36d9811211d0-000000","msg":"✉️ Correo enviado por SES"}
{"level":30,"time":1777896145265,"pid":10632,"hostname":"TS-SURAGRA","to":["r.jimenez@exportadoradisfruta.cl","aracelli@suragra.com","marcoantonio@suragra.com","cinthia@suragra.com","jadcve@gmail.com","tesoreria@suragra.com"],"codIdtSap":"C76429771","msg":"Enviando RFAC"}
{"level":30,"time":1777896145561,"pid":10632,"hostname":"TS-SURAGRA","to":["r.jimenez@exportadoradisfruta.cl","aracelli@suragra.com","marcoantonio@suragra.com","cinthia@suragra.com","jadcve@gmail.com","tesoreria@suragra.com"],"cc":["aracelli@suragra.com","marcoantonio@suragra.com","cinthia@suragra.com","jadcve@gmail.com","tesoreria@suragra.com"],"subject":"Resumen de Facturacion SURAGRA","id":"0101019df2de41f6-f67c40d9-7fe8-4280-a29e-10496bc6743d-000000","msg":"✉️ Correo enviado por SES"}
{"level":30,"time":1777896164249,"pid":10632,"hostname":"TS-SURAGRA","to":["ADMINISTRACION@CMXGROUP.NET","aracelli@suragra.com","marcoantonio@suragra.com","cinthia@suragra.com","jadcve@gmail.com","tesoreria@suragra.com"],"codIdtSap":"C76446121","msg":"Enviando RFAC"}
{"level":30,"time":1777896164546,"pid":10632,"hostname":"TS-SURAGRA","to":["ADMINISTRACION@CMXGROUP.NET","aracelli@suragra.com","marcoantonio@suragra.com","cinthia@suragra.com","jadcve@gmail.com","tesoreria@suragra.com"],"cc":["aracelli@suragra.com","marcoantonio@suragra.com","cinthia@suragra.com","jadcve@gmail.com","tesoreria@suragra.com"],"subject":"Resumen de Facturacion SURAGRA","id":"0101019df2de8c1f-d0828037-7dfb-4988-ab72-ed4dcd1d5a7e-000000","msg":"✉️ Correo enviado por SES"}
{"level":30,"time":1777896188766,"pid":10632,"hostname":"TS-SURAGRA","to":["fgavilan@bycifrut.com","aracelli@suragra.com","marcoantonio@suragra.com","cinthia@suragra.com","jadcve@gmail.com","tesoreria@suragra.com"],"codIdtSap":"C76453978","msg":"Enviando RFAC"}
{"level":30,"time":1777896189089,"pid":10632,"hostname":"TS-SURAGRA","to":["fgavilan@bycifrut.com","aracelli@suragra.com","marcoantonio@suragra.com","cinthia@suragra.com","jadcve@gmail.com","tesoreria@suragra.com"],"cc":["aracelli@suragra.com","marcoantonio@suragra.com","cinthia@suragra.com","jadcve@gmail.com","tesoreria@suragra.com"],"subject":"Resumen de Facturacion SURAGRA","id":"0101019df2deebe5-4cc92e92-db94-4421-acc8-7033e2deea6b-000000","msg":"✉️ Correo enviado por SES"}
{"level":30,"time":1777896208300,"pid":10632,"hostname":"TS-SURAGRA","to":["jherrera@laberintospa.cl","aracelli@suragra.com","marcoantonio@suragra.com","cinthia@suragra.com","jadcve@gmail.com","tesoreria@suragra.com"],"codIdtSap":"C76514077","msg":"Enviando RFAC"}
{"level":30,"time":1777896208592,"pid":10632,"hostname":"TS-SURAGRA","to":["jherrera@laberintospa.cl","aracelli@suragra.com","marcoantonio@suragra.com","cinthia@suragra.com","jadcve@gmail.com","tesoreria@suragra.com"],"cc":["aracelli@suragra.com","marcoantonio@suragra.com","cinthia@suragra.com","jadcve@gmail.com","tesoreria@suragra.com"],"subject":"Resumen de Facturacion SURAGRA","id":"0101019df2df382d-a3ab203f-4a9a-4ed9-8e7d-4fe11d0d2a2e-000000","msg":"✉️ Correo enviado por SES"}
{"level":30,"time":1777896227284,"pid":10632,"hostname":"TS-SURAGRA","to":["abaeza@fruka.cl","aracelli@suragra.com","marcoantonio@suragra.com","cinthia@suragra.com","jadcve@gmail.com","tesoreria@suragra.com"],"codIdtSap":"C76681878","msg":"Enviando RFAC"}
{"level":30,"time":1777896227576,"pid":10632,"hostname":"TS-SURAGRA","to":["abaeza@fruka.cl","aracelli@suragra.com","marcoantonio@suragra.com","cinthia@suragra.com","jadcve@gmail.com","tesoreria@suragra.com"],"cc":["aracelli@suragra.com","marcoantonio@suragra.com","cinthia@suragra.com","jadcve@gmail.com","tesoreria@suragra.com"],"subject":"Resumen de Facturacion SURAGRA","id":"0101019df2df8259-c139838e-ada1-4aae-bf82-fb05e352f2f6-000000","msg":"✉️ Correo enviado por SES"}
{"level":30,"time":1777896246219,"pid":10632,"hostname":"TS-SURAGRA","to":["SANDRA@IDAHUECHILE.CL","aracelli@suragra.com","marcoantonio@suragra.com","cinthia@suragra.com","jadcve@gmail.com","tesoreria@suragra.com"],"codIdtSap":"C76918170","msg":"Enviando RFAC"}
{"level":30,"time":1777896246474,"pid":10632,"hostname":"TS-SURAGRA","to":["SANDRA@IDAHUECHILE.CL","aracelli@suragra.com","marcoantonio@suragra.com","cinthia@suragra.com","jadcve@gmail.com","tesoreria@suragra.com"],"cc":["aracelli@suragra.com","marcoantonio@suragra.com","cinthia@suragra.com","jadcve@gmail.com","tesoreria@suragra.com"],"subject":"Resumen de Facturacion SURAGRA","id":"0101019df2dfcc38-ff9bf572-cadd-44f7-9fa4-a384c3c1b00d-000000","msg":"✉️ Correo enviado por SES"}
{"level":30,"time":1777896265167,"pid":10632,"hostname":"TS-SURAGRA","to":["brevismanuel@gmail.com","aracelli@suragra.com","marcoantonio@suragra.com","cinthia@suragra.com","jadcve@gmail.com","tesoreria@suragra.com"],"codIdtSap":"C77149620","msg":"Enviando RFAC"}
{"level":30,"time":1777896265431,"pid":10632,"hostname":"TS-SURAGRA","to":["brevismanuel@gmail.com","aracelli@suragra.com","marcoantonio@suragra.com","cinthia@suragra.com","jadcve@gmail.com","tesoreria@suragra.com"],"cc":["aracelli@suragra.com","marcoantonio@suragra.com","cinthia@suragra.com","jadcve@gmail.com","tesoreria@suragra.com"],"subject":"Resumen de Facturacion SURAGRA","id":"0101019df2e01645-62bc9426-183f-4746-a267-4115b33da4fb-000000","msg":"✉️ Correo enviado por SES"}
{"level":30,"time":1777896284134,"pid":10632,"hostname":"TS-SURAGRA","to":["GELAGOS_024@HOTMAIL.COM","aracelli@suragra.com","marcoantonio@suragra.com","cinthia@suragra.com","jadcve@gmail.com","tesoreria@suragra.com"],"codIdtSap":"C77484790","msg":"Enviando RFAC"}
{"level":30,"time":1777896284393,"pid":10632,"hostname":"TS-SURAGRA","to":["GELAGOS_024@HOTMAIL.COM","aracelli@suragra.com","marcoantonio@suragra.com","cinthia@suragra.com","jadcve@gmail.com","tesoreria@suragra.com"],"cc":["aracelli@suragra.com","marcoantonio@suragra.com","cinthia@suragra.com","jadcve@gmail.com","tesoreria@suragra.com"],"subject":"Resumen de Facturacion SURAGRA","id":"0101019df2e0605c-d8fe7047-ad75-4b14-9efa-78e274659c74-000000","msg":"✉️ Correo enviado por SES"}
{"level":30,"time":1777896302961,"pid":10632,"hostname":"TS-SURAGRA","to":["manuelbrevis@entelchile.net","aracelli@suragra.com","marcoantonio@suragra.com","cinthia@suragra.com","jadcve@gmail.com","tesoreria@suragra.com"],"codIdtSap":"C77548090","msg":"Enviando RFAC"}
{"level":30,"time":1777896303262,"pid":10632,"hostname":"TS-SURAGRA","to":["manuelbrevis@entelchile.net","aracelli@suragra.com","marcoantonio@suragra.com","cinthia@suragra.com","jadcve@gmail.com","tesoreria@suragra.com"],"cc":["aracelli@suragra.com","marcoantonio@suragra.com","cinthia@suragra.com","jadcve@gmail.com","tesoreria@suragra.com"],"subject":"Resumen de Facturacion SURAGRA","id":"0101019df2e0a9f5-22d68645-794e-4d61-9ad1-63ec698a2c28-000000","msg":"✉️ Correo enviado por SES"}
{"level":30,"time":1777896322429,"pid":10632,"hostname":"TS-SURAGRA","to":["patricia.klenner@garcesfruit.com","aracelli@suragra.com","marcoantonio@suragra.com","cinthia@suragra.com","jadcve@gmail.com","tesoreria@suragra.com"],"codIdtSap":"C77995010","msg":"Enviando RFAC"}
{"level":30,"time":1777896322718,"pid":10632,"hostname":"TS-SURAGRA","to":["patricia.klenner@garcesfruit.com","aracelli@suragra.com","marcoantonio@suragra.com","cinthia@suragra.com","jadcve@gmail.com","tesoreria@suragra.com"],"cc":["aracelli@suragra.com","marcoantonio@suragra.com","cinthia@suragra.com","jadcve@gmail.com","tesoreria@suragra.com"],"subject":"Resumen de Facturacion SURAGRA","id":"0101019df2e0f600-43bcf442-6023-43b5-89d5-2ab75692b316-000000","msg":"✉️ Correo enviado por SES"}
{"level":30,"time":1777896341328,"pid":10632,"hostname":"TS-SURAGRA","to":["ypinto@verfrut.cl","aracelli@suragra.com","marcoantonio@suragra.com","cinthia@suragra.com","jadcve@gmail.com","tesoreria@suragra.com"],"codIdtSap":"C78029510","msg":"Enviando RFAC"}
{"level":30,"time":1777896341617,"pid":10632,"hostname":"TS-SURAGRA","to":["ypinto@verfrut.cl","aracelli@suragra.com","marcoantonio@suragra.com","cinthia@suragra.com","jadcve@gmail.com","tesoreria@suragra.com"],"cc":["aracelli@suragra.com","marcoantonio@suragra.com","cinthia@suragra.com","jadcve@gmail.com","tesoreria@suragra.com"],"subject":"Resumen de Facturacion SURAGRA","id":"0101019df2e13fd5-59f8a1ec-95e1-461b-b2f3-4c103399703f-000000","msg":"✉️ Correo enviado por SES"}
{"level":30,"time":1777896360407,"pid":10632,"hostname":"TS-SURAGRA","to":["jcastro@geofrut.cl","aracelli@suragra.com","marcoantonio@suragra.com","cinthia@suragra.com","jadcve@gmail.com","tesoreria@suragra.com"],"codIdtSap":"C96609410","msg":"Enviando RFAC"}
{"level":30,"time":1777896360695,"pid":10632,"hostname":"TS-SURAGRA","to":["jcastro@geofrut.cl","aracelli@suragra.com","marcoantonio@suragra.com","cinthia@suragra.com","jadcve@gmail.com","tesoreria@suragra.com"],"cc":["aracelli@suragra.com","marcoantonio@suragra.com","cinthia@suragra.com","jadcve@gmail.com","tesoreria@suragra.com"],"subject":"Resumen de Facturacion SURAGRA","id":"0101019df2e18a5a-f94f8d88-b49c-44f9-9fc0-1b6b83b1bb1f-000000","msg":"✉️ Correo enviado por SES"}
{"level":30,"time":1777896379449,"pid":10632,"hostname":"TS-SURAGRA","to":["maria.nahuel@geexsa.com","aracelli@suragra.com","marcoantonio@suragra.com","cinthia@suragra.com","jadcve@gmail.com","tesoreria@suragra.com"],"codIdtSap":"C96867620","msg":"Enviando RFAC"}
{"level":30,"time":1777896379806,"pid":10632,"hostname":"TS-SURAGRA","to":["maria.nahuel@geexsa.com","aracelli@suragra.com","marcoantonio@suragra.com","cinthia@suragra.com","jadcve@gmail.com","tesoreria@suragra.com"],"cc":["aracelli@suragra.com","marcoantonio@suragra.com","cinthia@suragra.com","jadcve@gmail.com","tesoreria@suragra.com"],"subject":"Resumen de Facturacion SURAGRA","id":"0101019df2e1d4ce-01d9f3bf-22e0-468d-90a8-2aa4e8507d06-000000","msg":"✉️ Correo enviado por SES"}
{"level":30,"time":1777896398698,"pid":10632,"hostname":"TS-SURAGRA","to":["mherrera@rucaray.cl","aracelli@suragra.com","marcoantonio@suragra.com","cinthia@suragra.com","jadcve@gmail.com","tesoreria@suragra.com"],"codIdtSap":"C96988350","msg":"Enviando RFAC"}
{"level":30,"time":1777896399024,"pid":10632,"hostname":"TS-SURAGRA","to":["mherrera@rucaray.cl","aracelli@suragra.com","marcoantonio@suragra.com","cinthia@suragra.com","jadcve@gmail.com","tesoreria@suragra.com"],"cc":["aracelli@suragra.com","marcoantonio@suragra.com","cinthia@suragra.com","jadcve@gmail.com","tesoreria@suragra.com"],"subject":"Resumen de Facturacion SURAGRA","id":"0101019df2e21ff4-9c6d7f37-d612-4a43-ab4e-0f0cfcbc0f8e-000000","msg":"✉️ Correo enviado por SES"}
{"level":30,"time":1777896399026,"pid":10632,"hostname":"TS-SURAGRA","job":"RESUMEN","msg":"job done"}
{"level":50,"time":1777953300653,"pid":10632,"hostname":"TS-SURAGRA","job":"HEARTBEAT","err":"sendEmail is not defined","msg":"Heartbeat failed"}
{"level":50,"time":1778039700642,"pid":10632,"hostname":"TS-SURAGRA","job":"HEARTBEAT","err":"sendEmail is not defined","msg":"Heartbeat failed"}
{"level":50,"time":1778126100652,"pid":10632,"hostname":"TS-SURAGRA","job":"HEARTBEAT","err":"sendEmail is not defined","msg":"Heartbeat failed"}
{"level":50,"time":1778212500657,"pid":10632,"hostname":"TS-SURAGRA","job":"HEARTBEAT","err":"sendEmail is not defined","msg":"Heartbeat failed"}
{"level":30,"time":1778238000846,"pid":10632,"hostname":"TS-SURAGRA","subject":"Resumen Neto Vencido","msg":"Template cargado"}
{"level":30,"time":1778238031222,"pid":10632,"hostname":"TS-SURAGRA","to":["ADQUISICIONES@CRANA.CL","aracelli@suragra.com","marcoantonio@suragra.com","cinthia@suragra.com","jadcve@gmail.com","tesoreria@suragra.com"],"codIdtSap":"C79650240","msg":"Enviando NETO"}
{"level":30,"time":1778238032173,"pid":10632,"hostname":"TS-SURAGRA","to":["ADQUISICIONES@CRANA.CL","aracelli@suragra.com","marcoantonio@suragra.com","cinthia@suragra.com","jadcve@gmail.com","tesoreria@suragra.com"],"cc":["aracelli@suragra.com","marcoantonio@suragra.com","cinthia@suragra.com","jadcve@gmail.com","tesoreria@suragra.com"],"subject":"Resumen Neto Vencido SURAGRA","id":"0101019e073f0887-b159602b-07da-4ccc-9797-2b5dafad04ba-000000","msg":"📎 Correo con logo inline enviado por SES"}
{"level":30,"time":1778238050106,"pid":10632,"hostname":"TS-SURAGRA","to":["ATREJO@QTG.CL","aracelli@suragra.com","marcoantonio@suragra.com","cinthia@suragra.com","jadcve@gmail.com","tesoreria@suragra.com"],"codIdtSap":"C76633540","msg":"Enviando NETO"}
{"level":30,"time":1778238050391,"pid":10632,"hostname":"TS-SURAGRA","to":["ATREJO@QTG.CL","aracelli@suragra.com","marcoantonio@suragra.com","cinthia@suragra.com","jadcve@gmail.com","tesoreria@suragra.com"],"cc":["aracelli@suragra.com","marcoantonio@suragra.com","cinthia@suragra.com","jadcve@gmail.com","tesoreria@suragra.com"],"subject":"Resumen Neto Vencido SURAGRA","id":"0101019e073f4fc1-96110b76-cbe0-4eb8-9264-adb69a72516b-000000","msg":"📎 Correo con logo inline enviado por SES"}
{"level":30,"time":1778238067921,"pid":10632,"hostname":"TS-SURAGRA","to":["agricolaitaliana6@gmail.com","aracelli@suragra.com","marcoantonio@suragra.com","cinthia@suragra.com","jadcve@gmail.com","tesoreria@suragra.com"],"codIdtSap":"C76073818","msg":"Enviando NETO"}
{"level":30,"time":1778238068219,"pid":10632,"hostname":"TS-SURAGRA","to":["agricolaitaliana6@gmail.com","aracelli@suragra.com","marcoantonio@suragra.com","cinthia@suragra.com","jadcve@gmail.com","tesoreria@suragra.com"],"cc":["aracelli@suragra.com","marcoantonio@suragra.com","cinthia@suragra.com","jadcve@gmail.com","tesoreria@suragra.com"],"subject":"Resumen Neto Vencido SURAGRA","id":"0101019e073f9552-6c01ce59-5ba9-426c-96d0-6586f91e3397-000000","msg":"📎 Correo con logo inline enviado por SES"}
{"level":30,"time":1778238085036,"pid":10632,"hostname":"TS-SURAGRA","to":["fcm@johnsonfruit.cl","aracelli@suragra.com","marcoantonio@suragra.com","cinthia@suragra.com","jadcve@gmail.com","tesoreria@suragra.com"],"codIdtSap":"C77341510","msg":"Enviando NETO"}
{"level":30,"time":1778238085358,"pid":10632,"hostname":"TS-SURAGRA","to":["fcm@johnsonfruit.cl","aracelli@suragra.com","marcoantonio@suragra.com","cinthia@suragra.com","jadcve@gmail.com","tesoreria@suragra.com"],"cc":["aracelli@suragra.com","marcoantonio@suragra.com","cinthia@suragra.com","jadcve@gmail.com","tesoreria@suragra.com"],"subject":"Resumen Neto Vencido SURAGRA","id":"0101019e073fd835-90f53b1f-a283-48d0-b115-352448399ad7-000000","msg":"📎 Correo con logo inline enviado por SES"}
{"level":30,"time":1778238101893,"pid":10632,"hostname":"TS-SURAGRA","to":["Hercanagrolimitada.export@gmail.com","aracelli@suragra.com","marcoantonio@suragra.com","cinthia@suragra.com","jadcve@gmail.com","tesoreria@suragra.com"],"codIdtSap":"C76573605","msg":"Enviando NETO"}
{"level":30,"time":1778238102169,"pid":10632,"hostname":"TS-SURAGRA","to":["Hercanagrolimitada.export@gmail.com","aracelli@suragra.com","marcoantonio@suragra.com","cinthia@suragra.com","jadcve@gmail.com","tesoreria@suragra.com"],"cc":["aracelli@suragra.com","marcoantonio@suragra.com","cinthia@suragra.com","jadcve@gmail.com","tesoreria@suragra.com"],"subject":"Resumen Neto Vencido SURAGRA","id":"0101019e07401a06-d15b667f-c3ba-422a-92fd-20c216e547db-000000","msg":"📎 Correo con logo inline enviado por SES"}
{"level":30,"time":1778238118795,"pid":10632,"hostname":"TS-SURAGRA","to":["cramleon@gmail.com","aracelli@suragra.com","marcoantonio@suragra.com","cinthia@suragra.com","jadcve@gmail.com","tesoreria@suragra.com"],"codIdtSap":"C76592089","msg":"Enviando NETO"}
{"level":30,"time":1778238119168,"pid":10632,"hostname":"TS-SURAGRA","to":["cramleon@gmail.com","aracelli@suragra.com","marcoantonio@suragra.com","cinthia@suragra.com","jadcve@gmail.com","tesoreria@suragra.com"],"cc":["aracelli@suragra.com","marcoantonio@suragra.com","cinthia@suragra.com","jadcve@gmail.com","tesoreria@suragra.com"],"subject":"Resumen Neto Vencido SURAGRA","id":"0101019e07405c0d-e016e3b6-7639-4c51-ad29-1ddb44bcf585-000000","msg":"📎 Correo con logo inline enviado por SES"}
{"level":30,"time":1778238135667,"pid":10632,"hostname":"TS-SURAGRA","to":["alfredochimenti@gmail.com","aracelli@suragra.com","marcoantonio@suragra.com","cinthia@suragra.com","jadcve@gmail.com","tesoreria@suragra.com"],"codIdtSap":"C4344518","msg":"Enviando NETO"}
{"level":30,"time":1778238135962,"pid":10632,"hostname":"TS-SURAGRA","to":["alfredochimenti@gmail.com","aracelli@suragra.com","marcoantonio@suragra.com","cinthia@suragra.com","jadcve@gmail.com","tesoreria@suragra.com"],"cc":["aracelli@suragra.com","marcoantonio@suragra.com","cinthia@suragra.com","jadcve@gmail.com","tesoreria@suragra.com"],"subject":"Resumen Neto Vencido SURAGRA","id":"0101019e07409df9-cb32d249-e9e4-4df7-b35c-b6f499b66842-000000","msg":"📎 Correo con logo inline enviado por SES"}
{"level":30,"time":1778238152310,"pid":10632,"hostname":"TS-SURAGRA","to":["aracelli@suragra.com","marcoantonio@suragra.com","cinthia@suragra.com","jadcve@gmail.com","tesoreria@suragra.com"],"codIdtSap":"C77739754","msg":"Enviando NETO"}
{"level":30,"time":1778238152654,"pid":10632,"hostname":"TS-SURAGRA","to":["aracelli@suragra.com","marcoantonio@suragra.com","cinthia@suragra.com","jadcve@gmail.com","tesoreria@suragra.com"],"cc":["aracelli@suragra.com","marcoantonio@suragra.com","cinthia@suragra.com","jadcve@gmail.com","tesoreria@suragra.com"],"subject":"Resumen Neto Vencido SURAGRA","id":"0101019e0740def6-f863493d-c8b5-4d9b-bdb2-0bb56b7fc6d0-000000","msg":"📎 Correo con logo inline enviado por SES"}
{"level":30,"time":1778238169015,"pid":10632,"hostname":"TS-SURAGRA","to":["ADMINISTRACION@CMXGROUP.NET","aracelli@suragra.com","marcoantonio@suragra.com","cinthia@suragra.com","jadcve@gmail.com","tesoreria@suragra.com"],"codIdtSap":"C76446121","msg":"Enviando NETO"}
{"level":30,"time":1778238169353,"pid":10632,"hostname":"TS-SURAGRA","to":["ADMINISTRACION@CMXGROUP.NET","aracelli@suragra.com","marcoantonio@suragra.com","cinthia@suragra.com","jadcve@gmail.com","tesoreria@suragra.com"],"cc":["aracelli@suragra.com","marcoantonio@suragra.com","cinthia@suragra.com","jadcve@gmail.com","tesoreria@suragra.com"],"subject":"Resumen Neto Vencido SURAGRA","id":"0101019e0741203b-397bdf55-3990-40e7-b492-371bbe207ebd-000000","msg":"📎 Correo con logo inline enviado por SES"}
{"level":30,"time":1778238185937,"pid":10632,"hostname":"TS-SURAGRA","to":["ksalazar@greenpack.cl","aracelli@suragra.com","marcoantonio@suragra.com","cinthia@suragra.com","jadcve@gmail.com","tesoreria@suragra.com"],"codIdtSap":"C76213723","msg":"Enviando NETO"}
{"level":30,"time":1778238186327,"pid":10632,"hostname":"TS-SURAGRA","to":["ksalazar@greenpack.cl","aracelli@suragra.com","marcoantonio@suragra.com","cinthia@suragra.com","jadcve@gmail.com","tesoreria@suragra.com"],"cc":["aracelli@suragra.com","marcoantonio@suragra.com","cinthia@suragra.com","jadcve@gmail.com","tesoreria@suragra.com"],"subject":"Resumen Neto Vencido SURAGRA","id":"0101019e07416259-188ecbaa-2052-4b4c-8840-9e90f7659a77-000000","msg":"📎 Correo con logo inline enviado por SES"}
{"level":30,"time":1778238203102,"pid":10632,"hostname":"TS-SURAGRA","to":["adquisiciones@smexport.cl","aracelli@suragra.com","marcoantonio@suragra.com","cinthia@suragra.com","jadcve@gmail.com","tesoreria@suragra.com"],"codIdtSap":"C76044491","msg":"Enviando NETO"}
{"level":30,"time":1778238203413,"pid":10632,"hostname":"TS-SURAGRA","to":["adquisiciones@smexport.cl","aracelli@suragra.com","marcoantonio@suragra.com","cinthia@suragra.com","jadcve@gmail.com","tesoreria@suragra.com"],"cc":["aracelli@suragra.com","marcoantonio@suragra.com","cinthia@suragra.com","jadcve@gmail.com","tesoreria@suragra.com"],"subject":"Resumen Neto Vencido SURAGRA","id":"0101019e0741a568-0c54086c-a6a2-4f9b-bddc-b03ac048a634-000000","msg":"📎 Correo con logo inline enviado por SES"}
{"level":30,"time":1778238220069,"pid":10632,"hostname":"TS-SURAGRA","to":["abaeza@fruka.cl","aracelli@suragra.com","marcoantonio@suragra.com","cinthia@suragra.com","jadcve@gmail.com","tesoreria@suragra.com"],"codIdtSap":"C76681878","msg":"Enviando NETO"}
{"level":30,"time":1778238220376,"pid":10632,"hostname":"TS-SURAGRA","to":["abaeza@fruka.cl","aracelli@suragra.com","marcoantonio@suragra.com","cinthia@suragra.com","jadcve@gmail.com","tesoreria@suragra.com"],"cc":["aracelli@suragra.com","marcoantonio@suragra.com","cinthia@suragra.com","jadcve@gmail.com","tesoreria@suragra.com"],"subject":"Resumen Neto Vencido SURAGRA","id":"0101019e0741e7b2-f3f9a432-54c2-4179-b1a1-a762143ee39a-000000","msg":"📎 Correo con logo inline enviado por SES"}
{"level":30,"time":1778238236703,"pid":10632,"hostname":"TS-SURAGRA","to":["mc.gumucio@consultorathinking.com","aracelli@suragra.com","marcoantonio@suragra.com","cinthia@suragra.com","jadcve@gmail.com","tesoreria@suragra.com"],"codIdtSap":"C77350529","msg":"Enviando NETO"}
{"level":30,"time":1778238237014,"pid":10632,"hostname":"TS-SURAGRA","to":["mc.gumucio@consultorathinking.com","aracelli@suragra.com","marcoantonio@suragra.com","cinthia@suragra.com","jadcve@gmail.com","tesoreria@suragra.com"],"cc":["aracelli@suragra.com","marcoantonio@suragra.com","cinthia@suragra.com","jadcve@gmail.com","tesoreria@suragra.com"],"subject":"Resumen Neto Vencido SURAGRA","id":"0101019e074228a2-05d7a312-abd4-4bbd-82cc-7af8a4d91583-000000","msg":"📎 Correo con logo inline enviado por SES"}
{"level":30,"time":1778238254231,"pid":10632,"hostname":"TS-SURAGRA","to":["plopez@grupodelirio.cl","aracelli@suragra.com","marcoantonio@suragra.com","cinthia@suragra.com","jadcve@gmail.com","tesoreria@suragra.com"],"codIdtSap":"C76101146","msg":"Enviando NETO"}
{"level":30,"time":1778238254503,"pid":10632,"hostname":"TS-SURAGRA","to":["plopez@grupodelirio.cl","aracelli@suragra.com","marcoantonio@suragra.com","cinthia@suragra.com","jadcve@gmail.com","tesoreria@suragra.com"],"cc":["aracelli@suragra.com","marcoantonio@suragra.com","cinthia@suragra.com","jadcve@gmail.com","tesoreria@suragra.com"],"subject":"Resumen Neto Vencido SURAGRA","id":"0101019e07426d13-9185e1ab-08f6-4d56-b964-a489665a666f-000000","msg":"📎 Correo con logo inline enviado por SES"}
{"level":30,"time":1778238271152,"pid":10632,"hostname":"TS-SURAGRA","to":["fernanda@espejofruits.com","aracelli@suragra.com","marcoantonio@suragra.com","cinthia@suragra.com","jadcve@gmail.com","tesoreria@suragra.com"],"codIdtSap":"C77280637","msg":"Enviando NETO"}
{"level":30,"time":1778238271443,"pid":10632,"hostname":"TS-SURAGRA","to":["fernanda@espejofruits.com","aracelli@suragra.com","marcoantonio@suragra.com","cinthia@suragra.com","jadcve@gmail.com","tesoreria@suragra.com"],"cc":["aracelli@suragra.com","marcoantonio@suragra.com","cinthia@suragra.com","jadcve@gmail.com","tesoreria@suragra.com"],"subject":"Resumen Neto Vencido SURAGRA","id":"0101019e0742af31-28352af0-b1ce-4f07-9302-29860720361a-000000","msg":"📎 Correo con logo inline enviado por SES"}
{"level":30,"time":1778238287961,"pid":10632,"hostname":"TS-SURAGRA","to":["lpinto@fundolacampana.cl","aracelli@suragra.com","marcoantonio@suragra.com","cinthia@suragra.com","jadcve@gmail.com","tesoreria@suragra.com"],"codIdtSap":"C76979390","msg":"Enviando NETO"}
{"level":30,"time":1778238288251,"pid":10632,"hostname":"TS-SURAGRA","to":["lpinto@fundolacampana.cl","aracelli@suragra.com","marcoantonio@suragra.com","cinthia@suragra.com","jadcve@gmail.com","tesoreria@suragra.com"],"cc":["aracelli@suragra.com","marcoantonio@suragra.com","cinthia@suragra.com","jadcve@gmail.com","tesoreria@suragra.com"],"subject":"Resumen Neto Vencido SURAGRA","id":"0101019e0742f0e1-bb708e09-1b35-4f96-b7fe-158dfa26b3f9-000000","msg":"📎 Correo con logo inline enviado por SES"}
{"level":30,"time":1778238305008,"pid":10632,"hostname":"TS-SURAGRA","to":["JCORTEZ@GROUPVALLEY.CL","aracelli@suragra.com","marcoantonio@suragra.com","cinthia@suragra.com","jadcve@gmail.com","tesoreria@suragra.com"],"codIdtSap":"C76885621","msg":"Enviando NETO"}
{"level":30,"time":1778238305301,"pid":10632,"hostname":"TS-SURAGRA","to":["JCORTEZ@GROUPVALLEY.CL","aracelli@suragra.com","marcoantonio@suragra.com","cinthia@suragra.com","jadcve@gmail.com","tesoreria@suragra.com"],"cc":["aracelli@suragra.com","marcoantonio@suragra.com","cinthia@suragra.com","jadcve@gmail.com","tesoreria@suragra.com"],"subject":"Resumen Neto Vencido SURAGRA","id":"0101019e07433373-7c1bba82-b19e-444c-bc81-ceac7e03ca68-000000","msg":"📎 Correo con logo inline enviado por SES"}
{"level":30,"time":1778238322335,"pid":10632,"hostname":"TS-SURAGRA","to":["naedo@fieldsfruits.com","aracelli@suragra.com","marcoantonio@suragra.com","cinthia@suragra.com","jadcve@gmail.com","tesoreria@suragra.com"],"codIdtSap":"C76304361","msg":"Enviando NETO"}
{"level":30,"time":1778238322637,"pid":10632,"hostname":"TS-SURAGRA","to":["naedo@fieldsfruits.com","aracelli@suragra.com","marcoantonio@suragra.com","cinthia@suragra.com","jadcve@gmail.com","tesoreria@suragra.com"],"cc":["aracelli@suragra.com","marcoantonio@suragra.com","cinthia@suragra.com","jadcve@gmail.com","tesoreria@suragra.com"],"subject":"Resumen Neto Vencido SURAGRA","id":"0101019e07437723-669a472d-5cc5-4008-a4d2-30f32f64cd20-000000","msg":"📎 Correo con logo inline enviado por SES"}
{"level":30,"time":1778238339317,"pid":10632,"hostname":"TS-SURAGRA","to":["CPEREZ@FMSCO.CL","aracelli@suragra.com","marcoantonio@suragra.com","cinthia@suragra.com","jadcve@gmail.com","tesoreria@suragra.com"],"codIdtSap":"c76797699","msg":"Enviando NETO"}
{"level":30,"time":1778238339571,"pid":10632,"hostname":"TS-SURAGRA","to":["CPEREZ@FMSCO.CL","aracelli@suragra.com","marcoantonio@suragra.com","cinthia@suragra.com","jadcve@gmail.com","tesoreria@suragra.com"],"cc":["aracelli@suragra.com","marcoantonio@suragra.com","cinthia@suragra.com","jadcve@gmail.com","tesoreria@suragra.com"],"subject":"Resumen Neto Vencido SURAGRA","id":"0101019e0743b95f-05f98216-ae70-41f8-9653-e453db38ea3e-000000","msg":"📎 Correo con logo inline enviado por SES"}
{"level":30,"time":1778238356166,"pid":10632,"hostname":"TS-SURAGRA","to":["paula.munoz@santa-rosario.com","aracelli@suragra.com","marcoantonio@suragra.com","cinthia@suragra.com","jadcve@gmail.com","tesoreria@suragra.com"],"codIdtSap":"C77757654","msg":"Enviando NETO"}
{"level":30,"time":1778238356439,"pid":10632,"hostname":"TS-SURAGRA","to":["paula.munoz@santa-rosario.com","aracelli@suragra.com","marcoantonio@suragra.com","cinthia@suragra.com","jadcve@gmail.com","tesoreria@suragra.com"],"cc":["aracelli@suragra.com","marcoantonio@suragra.com","cinthia@suragra.com","jadcve@gmail.com","tesoreria@suragra.com"],"subject":"Resumen Neto Vencido SURAGRA","id":"0101019e0743fb3c-2a70fc4f-ba57-4a44-9c5f-8a9d051744ff-000000","msg":"📎 Correo con logo inline enviado por SES"}
{"level":30,"time":1778238373004,"pid":10632,"hostname":"TS-SURAGRA","to":["ALEJANDRASM@QUINTAYFRUIT.CL","aracelli@suragra.com","marcoantonio@suragra.com","cinthia@suragra.com","jadcve@gmail.com","tesoreria@suragra.com"],"codIdtSap":"C99578700","msg":"Enviando NETO"}
{"level":30,"time":1778238373291,"pid":10632,"hostname":"TS-SURAGRA","to":["ALEJANDRASM@QUINTAYFRUIT.CL","aracelli@suragra.com","marcoantonio@suragra.com","cinthia@suragra.com","jadcve@gmail.com","tesoreria@suragra.com"],"cc":["aracelli@suragra.com","marcoantonio@suragra.com","cinthia@suragra.com","jadcve@gmail.com","tesoreria@suragra.com"],"subject":"Resumen Neto Vencido SURAGRA","id":"0101019e07443d13-f3d672ff-fc8c-4756-ac65-cbba2f587da0-000000","msg":"📎 Correo con logo inline enviado por SES"}
{"level":30,"time":1778238389771,"pid":10632,"hostname":"TS-SURAGRA","to":["diegozenteno@zetafruit.cl","aracelli@suragra.com","marcoantonio@suragra.com","cinthia@suragra.com","jadcve@gmail.com","tesoreria@suragra.com"],"codIdtSap":"C76970321","msg":"Enviando NETO"}
{"level":30,"time":1778238390070,"pid":10632,"hostname":"TS-SURAGRA","to":["diegozenteno@zetafruit.cl","aracelli@suragra.com","marcoantonio@suragra.com","cinthia@suragra.com","jadcve@gmail.com","tesoreria@suragra.com"],"cc":["aracelli@suragra.com","marcoantonio@suragra.com","cinthia@suragra.com","jadcve@gmail.com","tesoreria@suragra.com"],"subject":"Resumen Neto Vencido SURAGRA","id":"0101019e07447e8f-c620628c-8830-4e41-ba12-8c789d629586-000000","msg":"📎 Correo con logo inline enviado por SES"}
{"level":30,"time":1778238409690,"pid":10632,"hostname":"TS-SURAGRA","to":["tomas@fruteraguasblancas.cl","aracelli@suragra.com","marcoantonio@suragra.com","cinthia@suragra.com","jadcve@gmail.com","tesoreria@suragra.com"],"codIdtSap":"C79660760","msg":"Enviando NETO"}
{"level":30,"time":1778238409978,"pid":10632,"hostname":"TS-SURAGRA","to":["tomas@fruteraguasblancas.cl","aracelli@suragra.com","marcoantonio@suragra.com","cinthia@suragra.com","jadcve@gmail.com","tesoreria@suragra.com"],"cc":["aracelli@suragra.com","marcoantonio@suragra.com","cinthia@suragra.com","jadcve@gmail.com","tesoreria@suragra.com"],"subject":"Resumen Neto Vencido SURAGRA","id":"0101019e0744cc5d-64f9b5e3-07d5-4bf1-a1cb-e7dc8fcb8a0d-000000","msg":"📎 Correo con logo inline enviado por SES"}
{"level":30,"time":1778238429653,"pid":10632,"hostname":"TS-SURAGRA","to":["cmanzor@gls.cl","aracelli@suragra.com","marcoantonio@suragra.com","cinthia@suragra.com","jadcve@gmail.com","tesoreria@suragra.com"],"codIdtSap":"C77772750","msg":"Enviando NETO"}
{"level":30,"time":1778238429946,"pid":10632,"hostname":"TS-SURAGRA","to":["cmanzor@gls.cl","aracelli@suragra.com","marcoantonio@suragra.com","cinthia@suragra.com","jadcve@gmail.com","tesoreria@suragra.com"],"cc":["aracelli@suragra.com","marcoantonio@suragra.com","cinthia@suragra.com","jadcve@gmail.com","tesoreria@suragra.com"],"subject":"Resumen Neto Vencido SURAGRA","id":"0101019e07451a57-6c6a8f88-3afb-4912-8368-08869d740b19-000000","msg":"📎 Correo con logo inline enviado por SES"}
{"level":30,"time":1778238447083,"pid":10632,"hostname":"TS-SURAGRA","to":["storo@upacfruit.com","aracelli@suragra.com","marcoantonio@suragra.com","cinthia@suragra.com","jadcve@gmail.com","tesoreria@suragra.com"],"codIdtSap":"C76738610","msg":"Enviando NETO"}
{"level":30,"time":1778238447390,"pid":10632,"hostname":"TS-SURAGRA","to":["storo@upacfruit.com","aracelli@suragra.com","marcoantonio@suragra.com","cinthia@suragra.com","jadcve@gmail.com","tesoreria@suragra.com"],"cc":["aracelli@suragra.com","marcoantonio@suragra.com","cinthia@suragra.com","jadcve@gmail.com","tesoreria@suragra.com"],"subject":"Resumen Neto Vencido SURAGRA","id":"0101019e07455e75-cf6061ac-ea5c-4b8f-b8fe-a45a5b5de52c-000000","msg":"📎 Correo con logo inline enviado por SES"}
{"level":30,"time":1778238464091,"pid":10632,"hostname":"TS-SURAGRA","to":["vinka.ureta@grupometro.cl","aracelli@suragra.com","marcoantonio@suragra.com","cinthia@suragra.com","jadcve@gmail.com","tesoreria@suragra.com"],"codIdtSap":"C76011359","msg":"Enviando NETO"}
{"level":30,"time":1778238464355,"pid":10632,"hostname":"TS-SURAGRA","to":["vinka.ureta@grupometro.cl","aracelli@suragra.com","marcoantonio@suragra.com","cinthia@suragra.com","jadcve@gmail.com","tesoreria@suragra.com"],"cc":["aracelli@suragra.com","marcoantonio@suragra.com","cinthia@suragra.com","jadcve@gmail.com","tesoreria@suragra.com"],"subject":"Resumen Neto Vencido SURAGRA","id":"0101019e0745a0ce-cfb289fd-40a1-4b62-85bf-a8291e1cf898-000000","msg":"📎 Correo con logo inline enviado por SES"}
{"level":30,"time":1778238480902,"pid":10632,"hostname":"TS-SURAGRA","to":["josemiguelvaldeso@diezescobar.cl","aracelli@suragra.com","marcoantonio@suragra.com","cinthia@suragra.com","jadcve@gmail.com","tesoreria@suragra.com"],"codIdtSap":"C78297280","msg":"Enviando NETO"}
{"level":30,"time":1778238481255,"pid":10632,"hostname":"TS-SURAGRA","to":["josemiguelvaldeso@diezescobar.cl","aracelli@suragra.com","marcoantonio@suragra.com","cinthia@suragra.com","jadcve@gmail.com","tesoreria@suragra.com"],"cc":["aracelli@suragra.com","marcoantonio@suragra.com","cinthia@suragra.com","jadcve@gmail.com","tesoreria@suragra.com"],"subject":"Resumen Neto Vencido SURAGRA","id":"0101019e0745e284-10138344-0fc6-4093-9dbb-0cb3136ff80e-000000","msg":"📎 Correo con logo inline enviado por SES"}
{"level":30,"time":1778238498168,"pid":10632,"hostname":"TS-SURAGRA","to":["asistente@agrosercom.cl","aracelli@suragra.com","marcoantonio@suragra.com","cinthia@suragra.com","jadcve@gmail.com","tesoreria@suragra.com"],"codIdtSap":"C76769209","msg":"Enviando NETO"}
{"level":30,"time":1778238498526,"pid":10632,"hostname":"TS-SURAGRA","to":["asistente@agrosercom.cl","aracelli@suragra.com","marcoantonio@suragra.com","cinthia@suragra.com","jadcve@gmail.com","tesoreria@suragra.com"],"cc":["aracelli@suragra.com","marcoantonio@suragra.com","cinthia@suragra.com","jadcve@gmail.com","tesoreria@suragra.com"],"subject":"Resumen Neto Vencido SURAGRA","id":"0101019e074625f7-66c559ff-a273-4873-b671-a08d41c53d57-000000","msg":"📎 Correo con logo inline enviado por SES"}
{"level":30,"time":1778238515560,"pid":10632,"hostname":"TS-SURAGRA","to":["PANGELINI@SFC.CL","aracelli@suragra.com","marcoantonio@suragra.com","cinthia@suragra.com","jadcve@gmail.com","tesoreria@suragra.com"],"codIdtSap":"C76154796","msg":"Enviando NETO"}
{"level":30,"time":1778238515891,"pid":10632,"hostname":"TS-SURAGRA","to":["PANGELINI@SFC.CL","aracelli@suragra.com","marcoantonio@suragra.com","cinthia@suragra.com","jadcve@gmail.com","tesoreria@suragra.com"],"cc":["aracelli@suragra.com","marcoantonio@suragra.com","cinthia@suragra.com","jadcve@gmail.com","tesoreria@suragra.com"],"subject":"Resumen Neto Vencido SURAGRA","id":"0101019e074669e5-5d4fc499-5731-4ece-b54c-112d46d99e57-000000","msg":"📎 Correo con logo inline enviado por SES"}
{"level":30,"time":1778238532298,"pid":10632,"hostname":"TS-SURAGRA","to":["adquisicionescarsal@gmail.com","aracelli@suragra.com","marcoantonio@suragra.com","cinthia@suragra.com","jadcve@gmail.com","tesoreria@suragra.com"],"codIdtSap":"C78557210","msg":"Enviando NETO"}
{"level":30,"time":1778238532583,"pid":10632,"hostname":"TS-SURAGRA","to":["adquisicionescarsal@gmail.com","aracelli@suragra.com","marcoantonio@suragra.com","cinthia@suragra.com","jadcve@gmail.com","tesoreria@suragra.com"],"cc":["aracelli@suragra.com","marcoantonio@suragra.com","cinthia@suragra.com","jadcve@gmail.com","tesoreria@suragra.com"],"subject":"Resumen Neto Vencido SURAGRA","id":"0101019e0746ab4b-ca983dcd-a3de-4f62-83d8-7dc2d47706e6-000000","msg":"📎 Correo con logo inline enviado por SES"}
{"level":30,"time":1778238549641,"pid":10632,"hostname":"TS-SURAGRA","to":["miguel.marquez@provalle.com","aracelli@suragra.com","marcoantonio@suragra.com","cinthia@suragra.com","jadcve@gmail.com","tesoreria@suragra.com"],"codIdtSap":"C99546180","msg":"Enviando NETO"}
{"level":30,"time":1778238549914,"pid":10632,"hostname":"TS-SURAGRA","to":["miguel.marquez@provalle.com","aracelli@suragra.com","marcoantonio@suragra.com","cinthia@suragra.com","jadcve@gmail.com","tesoreria@suragra.com"],"cc":["aracelli@suragra.com","marcoantonio@suragra.com","cinthia@suragra.com","jadcve@gmail.com","tesoreria@suragra.com"],"subject":"Resumen Neto Vencido SURAGRA","id":"0101019e0746eefd-7e13b68a-bf57-430e-84ab-970e1b97a53f-000000","msg":"📎 Correo con logo inline enviado por SES"}
{"level":30,"time":1778238566369,"pid":10632,"hostname":"TS-SURAGRA","to":["maximoriveros@yahoo.com","aracelli@suragra.com","marcoantonio@suragra.com","cinthia@suragra.com","jadcve@gmail.com","tesoreria@suragra.com"],"codIdtSap":"C76102876","msg":"Enviando NETO"}
{"level":30,"time":1778238566741,"pid":10632,"hostname":"TS-SURAGRA","to":["maximoriveros@yahoo.com","aracelli@suragra.com","marcoantonio@suragra.com","cinthia@suragra.com","jadcve@gmail.com","tesoreria@suragra.com"],"cc":["aracelli@suragra.com","marcoantonio@suragra.com","cinthia@suragra.com","jadcve@gmail.com","tesoreria@suragra.com"],"subject":"Resumen Neto Vencido SURAGRA","id":"0101019e07473061-a64743e3-b3a7-47c2-99a8-cdc5e8cbda37-000000","msg":"📎 Correo con logo inline enviado por SES"}
{"level":30,"time":1778238583321,"pid":10632,"hostname":"TS-SURAGRA","to":["cmanzor@gls.cl","aracelli@suragra.com","marcoantonio@suragra.com","cinthia@suragra.com","jadcve@gmail.com","tesoreria@suragra.com"],"codIdtSap":"C99510450","msg":"Enviando NETO"}
{"level":30,"time":1778238583573,"pid":10632,"hostname":"TS-SURAGRA","to":["cmanzor@gls.cl","aracelli@suragra.com","marcoantonio@suragra.com","cinthia@suragra.com","jadcve@gmail.com","tesoreria@suragra.com"],"cc":["aracelli@suragra.com","marcoantonio@suragra.com","cinthia@suragra.com","jadcve@gmail.com","tesoreria@suragra.com"],"subject":"Resumen Neto Vencido SURAGRA","id":"0101019e07477288-1d953980-dba3-4599-8bba-927644942936-000000","msg":"📎 Correo con logo inline enviado por SES"}
{"level":30,"time":1778238600022,"pid":10632,"hostname":"TS-SURAGRA","to":["cbarrera@zurgroup.cl","aracelli@suragra.com","marcoantonio@suragra.com","cinthia@suragra.com","jadcve@gmail.com","tesoreria@suragra.com"],"codIdtSap":"C761625829","msg":"Enviando NETO"}
{"level":30,"time":1778238600315,"pid":10632,"hostname":"TS-SURAGRA","to":["cbarrera@zurgroup.cl","aracelli@suragra.com","marcoantonio@suragra.com","cinthia@suragra.com","jadcve@gmail.com","tesoreria@suragra.com"],"cc":["aracelli@suragra.com","marcoantonio@suragra.com","cinthia@suragra.com","jadcve@gmail.com","tesoreria@suragra.com"],"subject":"Resumen Neto Vencido SURAGRA","id":"0101019e0747b3d7-b605e448-d4b4-4ea1-9f59-45c7aba7d026-000000","msg":"📎 Correo con logo inline enviado por SES"}
{"level":30,"time":1778238600318,"pid":10632,"hostname":"TS-SURAGRA","job":"NETO","msg":"job done"}
{"level":50,"time":1778298900660,"pid":10632,"hostname":"TS-SURAGRA","job":"HEARTBEAT","err":"sendEmail is not defined","msg":"Heartbeat failed"}
{"level":50,"time":1778385300660,"pid":10632,"hostname":"TS-SURAGRA","job":"HEARTBEAT","err":"sendEmail is not defined","msg":"Heartbeat failed"}
{"level":50,"time":1778471700654,"pid":10632,"hostname":"TS-SURAGRA","job":"HEARTBEAT","err":"sendEmail is not defined","msg":"Heartbeat failed"}
{"level":50,"time":1778558100658,"pid":10632,"hostname":"TS-SURAGRA","job":"HEARTBEAT","err":"sendEmail is not defined","msg":"Heartbeat failed"}
{"level":50,"time":1778644500647,"pid":10632,"hostname":"TS-SURAGRA","job":"HEARTBEAT","err":"sendEmail is not defined","msg":"Heartbeat failed"}
{"level":50,"time":1778730900658,"pid":10632,"hostname":"TS-SURAGRA","job":"HEARTBEAT","err":"sendEmail is not defined","msg":"Heartbeat failed"}
{"level":50,"time":1778817300660,"pid":10632,"hostname":"TS-SURAGRA","job":"HEARTBEAT","err":"sendEmail is not defined","msg":"Heartbeat failed"}
{"level":30,"time":1778842800837,"pid":10632,"hostname":"TS-SURAGRA","subject":"Resumen Neto Vencido","msg":"Template cargado"}
{"level":30,"time":1778842833771,"pid":10632,"hostname":"TS-SURAGRA","to":["ADQUISICIONES@CRANA.CL","aracelli@suragra.com","marcoantonio@suragra.com","cinthia@suragra.com","jadcve@gmail.com","tesoreria@suragra.com"],"codIdtSap":"C79650240","msg":"Enviando NETO"}
{"level":30,"time":1778842834559,"pid":10632,"hostname":"TS-SURAGRA","to":["ADQUISICIONES@CRANA.CL","aracelli@suragra.com","marcoantonio@suragra.com","cinthia@suragra.com","jadcve@gmail.com","tesoreria@suragra.com"],"cc":["aracelli@suragra.com","marcoantonio@suragra.com","cinthia@suragra.com","jadcve@gmail.com","tesoreria@suragra.com"],"subject":"Resumen Neto Vencido SURAGRA","id":"0101019e2b4b95dc-4709e0d9-076e-4e12-ae82-4975b76b5325-000000","msg":"📎 Correo con logo inline enviado por SES"}
{"level":30,"time":1778842851376,"pid":10632,"hostname":"TS-SURAGRA","to":["ATREJO@QTG.CL","aracelli@suragra.com","marcoantonio@suragra.com","cinthia@suragra.com","jadcve@gmail.com","tesoreria@suragra.com"],"codIdtSap":"C76633540","msg":"Enviando NETO"}
{"level":30,"time":1778842851663,"pid":10632,"hostname":"TS-SURAGRA","to":["ATREJO@QTG.CL","aracelli@suragra.com","marcoantonio@suragra.com","cinthia@suragra.com","jadcve@gmail.com","tesoreria@suragra.com"],"cc":["aracelli@suragra.com","marcoantonio@suragra.com","cinthia@suragra.com","jadcve@gmail.com","tesoreria@suragra.com"],"subject":"Resumen Neto Vencido SURAGRA","id":"0101019e2b4bd8a8-ea8115fd-e86f-47fb-8a9b-60eeb79f60ae-000000","msg":"📎 Correo con logo inline enviado por SES"}
{"level":30,"time":1778842872849,"pid":10632,"hostname":"TS-SURAGRA","to":["agricolaitaliana6@gmail.com","aracelli@suragra.com","marcoantonio@suragra.com","cinthia@suragra.com","jadcve@gmail.com","tesoreria@suragra.com"],"codIdtSap":"C76073818","msg":"Enviando NETO"}
{"level":30,"time":1778842873129,"pid":10632,"hostname":"TS-SURAGRA","to":["agricolaitaliana6@gmail.com","aracelli@suragra.com","marcoantonio@suragra.com","cinthia@suragra.com","jadcve@gmail.com","tesoreria@suragra.com"],"cc":["aracelli@suragra.com","marcoantonio@suragra.com","cinthia@suragra.com","jadcve@gmail.com","tesoreria@suragra.com"],"subject":"Resumen Neto Vencido SURAGRA","id":"0101019e2b4c2c8b-f5f415b8-6035-45ce-a18e-e1d824eefae2-000000","msg":"📎 Correo con logo inline enviado por SES"}
{"level":30,"time":1778842889918,"pid":10632,"hostname":"TS-SURAGRA","to":["fcm@johnsonfruit.cl","aracelli@suragra.com","marcoantonio@suragra.com","cinthia@suragra.com","jadcve@gmail.com","tesoreria@suragra.com"],"codIdtSap":"C77341510","msg":"Enviando NETO"}
{"level":30,"time":1778842890202,"pid":10632,"hostname":"TS-SURAGRA","to":["fcm@johnsonfruit.cl","aracelli@suragra.com","marcoantonio@suragra.com","cinthia@suragra.com","jadcve@gmail.com","tesoreria@suragra.com"],"cc":["aracelli@suragra.com","marcoantonio@suragra.com","cinthia@suragra.com","jadcve@gmail.com","tesoreria@suragra.com"],"subject":"Resumen Neto Vencido SURAGRA","id":"0101019e2b4c6f34-ad24425b-c7fe-469c-afb4-f2dc8df3f6b5-000000","msg":"📎 Correo con logo inline enviado por SES"}
{"level":30,"time":1778842906843,"pid":10632,"hostname":"TS-SURAGRA","to":["frojas@norfrut.cl","aracelli@suragra.com","marcoantonio@suragra.com","cinthia@suragra.com","jadcve@gmail.com","tesoreria@suragra.com"],"codIdtSap":"C78101430","msg":"Enviando NETO"}
{"level":30,"time":1778842907146,"pid":10632,"hostname":"TS-SURAGRA","to":["frojas@norfrut.cl","aracelli@suragra.com","marcoantonio@suragra.com","cinthia@suragra.com","jadcve@gmail.com","tesoreria@suragra.com"],"cc":["aracelli@suragra.com","marcoantonio@suragra.com","cinthia@suragra.com","jadcve@gmail.com","tesoreria@suragra.com"],"subject":"Resumen Neto Vencido SURAGRA","id":"0101019e2b4cb154-041426d3-1a6b-4852-84aa-7342c636d855-000000","msg":"📎 Correo con logo inline enviado por SES"}
{"level":30,"time":1778842923533,"pid":10632,"hostname":"TS-SURAGRA","to":["Hercanagrolimitada.export@gmail.com","aracelli@suragra.com","marcoantonio@suragra.com","cinthia@suragra.com","jadcve@gmail.com","tesoreria@suragra.com"],"codIdtSap":"C76573605","msg":"Enviando NETO"}
{"level":30,"time":1778842923801,"pid":10632,"hostname":"TS-SURAGRA","to":["Hercanagrolimitada.export@gmail.com","aracelli@suragra.com","marcoantonio@suragra.com","cinthia@suragra.com","jadcve@gmail.com","tesoreria@suragra.com"],"cc":["aracelli@suragra.com","marcoantonio@suragra.com","cinthia@suragra.com","jadcve@gmail.com","tesoreria@suragra.com"],"subject":"Resumen Neto Vencido SURAGRA","id":"0101019e2b4cf27b-93173491-6be5-4cab-9350-4ad9c1aa0dab-000000","msg":"📎 Correo con logo inline enviado por SES"}
{"level":30,"time":1778842940292,"pid":10632,"hostname":"TS-SURAGRA","to":["alfredochimenti@gmail.com","aracelli@suragra.com","marcoantonio@suragra.com","cinthia@suragra.com","jadcve@gmail.com","tesoreria@suragra.com"],"codIdtSap":"C4344518","msg":"Enviando NETO"}
{"level":30,"time":1778842940592,"pid":10632,"hostname":"TS-SURAGRA","to":["alfredochimenti@gmail.com","aracelli@suragra.com","marcoantonio@suragra.com","cinthia@suragra.com","jadcve@gmail.com","tesoreria@suragra.com"],"cc":["aracelli@suragra.com","marcoantonio@suragra.com","cinthia@suragra.com","jadcve@gmail.com","tesoreria@suragra.com"],"subject":"Resumen Neto Vencido SURAGRA","id":"0101019e2b4d33fe-09c178ab-ab6d-4c68-95c3-ad96e8771ce5-000000","msg":"📎 Correo con logo inline enviado por SES"}
{"level":30,"time":1778842957060,"pid":10632,"hostname":"TS-SURAGRA","to":["aracelli@suragra.com","marcoantonio@suragra.com","cinthia@suragra.com","jadcve@gmail.com","tesoreria@suragra.com"],"codIdtSap":"C77739754","msg":"Enviando NETO"}
{"level":30,"time":1778842957344,"pid":10632,"hostname":"TS-SURAGRA","to":["aracelli@suragra.com","marcoantonio@suragra.com","cinthia@suragra.com","jadcve@gmail.com","tesoreria@suragra.com"],"cc":["aracelli@suragra.com","marcoantonio@suragra.com","cinthia@suragra.com","jadcve@gmail.com","tesoreria@suragra.com"],"subject":"Resumen Neto Vencido SURAGRA","id":"0101019e2b4d7577-0d4a70f5-206a-4c64-ab84-b6638122cc49-000000","msg":"📎 Correo con logo inline enviado por SES"}
{"level":30,"time":1778842974293,"pid":10632,"hostname":"TS-SURAGRA","to":["ADMINISTRACION@CMXGROUP.NET","aracelli@suragra.com","marcoantonio@suragra.com","cinthia@suragra.com","jadcve@gmail.com","tesoreria@suragra.com"],"codIdtSap":"C76446121","msg":"Enviando NETO"}
{"level":30,"time":1778842974600,"pid":10632,"hostname":"TS-SURAGRA","to":["ADMINISTRACION@CMXGROUP.NET","aracelli@suragra.com","marcoantonio@suragra.com","cinthia@suragra.com","jadcve@gmail.com","tesoreria@suragra.com"],"cc":["aracelli@suragra.com","marcoantonio@suragra.com","cinthia@suragra.com","jadcve@gmail.com","tesoreria@suragra.com"],"subject":"Resumen Neto Vencido SURAGRA","id":"0101019e2b4db8d1-0a698145-3cb2-4a25-9679-b859eeec6d2e-000000","msg":"📎 Correo con logo inline enviado por SES"}
{"level":30,"time":1778842991026,"pid":10632,"hostname":"TS-SURAGRA","to":["alopez@elcaminospa.cl","aracelli@suragra.com","marcoantonio@suragra.com","cinthia@suragra.com","jadcve@gmail.com","tesoreria@suragra.com"],"codIdtSap":"C76180781","msg":"Enviando NETO"}
{"level":30,"time":1778842991314,"pid":10632,"hostname":"TS-SURAGRA","to":["alopez@elcaminospa.cl","aracelli@suragra.com","marcoantonio@suragra.com","cinthia@suragra.com","jadcve@gmail.com","tesoreria@suragra.com"],"cc":["aracelli@suragra.com","marcoantonio@suragra.com","cinthia@suragra.com","jadcve@gmail.com","tesoreria@suragra.com"],"subject":"Resumen Neto Vencido SURAGRA","id":"0101019e2b4dfa29-d36a3199-c9ee-4ed4-b378-363b6496b9f0-000000","msg":"📎 Correo con logo inline enviado por SES"}
{"level":30,"time":1778843007819,"pid":10632,"hostname":"TS-SURAGRA","to":["ksalazar@greenpack.cl","aracelli@suragra.com","marcoantonio@suragra.com","cinthia@suragra.com","jadcve@gmail.com","tesoreria@suragra.com"],"codIdtSap":"C76213723","msg":"Enviando NETO"}
{"level":30,"time":1778843008108,"pid":10632,"hostname":"TS-SURAGRA","to":["ksalazar@greenpack.cl","aracelli@suragra.com","marcoantonio@suragra.com","cinthia@suragra.com","jadcve@gmail.com","tesoreria@suragra.com"],"cc":["aracelli@suragra.com","marcoantonio@suragra.com","cinthia@suragra.com","jadcve@gmail.com","tesoreria@suragra.com"],"subject":"Resumen Neto Vencido SURAGRA","id":"0101019e2b4e3bc1-c6551826-0134-46c9-b05f-5cb1b08555b1-000000","msg":"📎 Correo con logo inline enviado por SES"}
{"level":30,"time":1778843024414,"pid":10632,"hostname":"TS-SURAGRA","to":["pablojohow@yahoo.com","aracelli@suragra.com","marcoantonio@suragra.com","cinthia@suragra.com","jadcve@gmail.com","tesoreria@suragra.com"],"codIdtSap":"C78808520","msg":"Enviando NETO"}
{"level":30,"time":1778843024693,"pid":10632,"hostname":"TS-SURAGRA","to":["pablojohow@yahoo.com","aracelli@suragra.com","marcoantonio@suragra.com","cinthia@suragra.com","jadcve@gmail.com","tesoreria@suragra.com"],"cc":["aracelli@suragra.com","marcoantonio@suragra.com","cinthia@suragra.com","jadcve@gmail.com","tesoreria@suragra.com"],"subject":"Resumen Neto Vencido SURAGRA","id":"0101019e2b4e7c94-0f1bff54-41a5-4d78-bd78-c60c553bd3dd-000000","msg":"📎 Correo con logo inline enviado por SES"}
{"level":30,"time":1778843041476,"pid":10632,"hostname":"TS-SURAGRA","to":["mc.gumucio@consultorathinking.com","aracelli@suragra.com","marcoantonio@suragra.com","cinthia@suragra.com","jadcve@gmail.com","tesoreria@suragra.com"],"codIdtSap":"C77350529","msg":"Enviando NETO"}
{"level":30,"time":1778843041984,"pid":10632,"hostname":"TS-SURAGRA","to":["mc.gumucio@consultorathinking.com","aracelli@suragra.com","marcoantonio@suragra.com","cinthia@suragra.com","jadcve@gmail.com","tesoreria@suragra.com"],"cc":["aracelli@suragra.com","marcoantonio@suragra.com","cinthia@suragra.com","jadcve@gmail.com","tesoreria@suragra.com"],"subject":"Resumen Neto Vencido SURAGRA","id":"0101019e2b4ebf3c-d951d850-cf5f-4b6e-96e0-25fc9c9f11bd-000000","msg":"📎 Correo con logo inline enviado por SES"}
{"level":30,"time":1778843058536,"pid":10632,"hostname":"TS-SURAGRA","to":["plopez@grupodelirio.cl","aracelli@suragra.com","marcoantonio@suragra.com","cinthia@suragra.com","jadcve@gmail.com","tesoreria@suragra.com"],"codIdtSap":"C76101146","msg":"Enviando NETO"}
{"level":30,"time":1778843058805,"pid":10632,"hostname":"TS-SURAGRA","to":["plopez@grupodelirio.cl","aracelli@suragra.com","marcoantonio@suragra.com","cinthia@suragra.com","jadcve@gmail.com","tesoreria@suragra.com"],"cc":["aracelli@suragra.com","marcoantonio@suragra.com","cinthia@suragra.com","jadcve@gmail.com","tesoreria@suragra.com"],"subject":"Resumen Neto Vencido SURAGRA","id":"0101019e2b4f01e0-3a18d1fc-6f9d-4cd9-80e7-f9a222b69671-000000","msg":"📎 Correo con logo inline enviado por SES"}
{"level":30,"time":1778843075350,"pid":10632,"hostname":"TS-SURAGRA","to":["fernanda@espejofruits.com","aracelli@suragra.com","marcoantonio@suragra.com","cinthia@suragra.com","jadcve@gmail.com","tesoreria@suragra.com"],"codIdtSap":"C77280637","msg":"Enviando NETO"}
{"level":30,"time":1778843075633,"pid":10632,"hostname":"TS-SURAGRA","to":["fernanda@espejofruits.com","aracelli@suragra.com","marcoantonio@suragra.com","cinthia@suragra.com","jadcve@gmail.com","tesoreria@suragra.com"],"cc":["aracelli@suragra.com","marcoantonio@suragra.com","cinthia@suragra.com","jadcve@gmail.com","tesoreria@suragra.com"],"subject":"Resumen Neto Vencido SURAGRA","id":"0101019e2b4f4389-d852aff4-34de-441e-b8be-494d214d2fa9-000000","msg":"📎 Correo con logo inline enviado por SES"}
{"level":30,"time":1778843092132,"pid":10632,"hostname":"TS-SURAGRA","to":["lpinto@fundolacampana.cl","aracelli@suragra.com","marcoantonio@suragra.com","cinthia@suragra.com","jadcve@gmail.com","tesoreria@suragra.com"],"codIdtSap":"C76979390","msg":"Enviando NETO"}
{"level":30,"time":1778843092395,"pid":10632,"hostname":"TS-SURAGRA","to":["lpinto@fundolacampana.cl","aracelli@suragra.com","marcoantonio@suragra.com","cinthia@suragra.com","jadcve@gmail.com","tesoreria@suragra.com"],"cc":["aracelli@suragra.com","marcoantonio@suragra.com","cinthia@suragra.com","jadcve@gmail.com","tesoreria@suragra.com"],"subject":"Resumen Neto Vencido SURAGRA","id":"0101019e2b4f8517-c9d15628-2ea0-47c8-b29b-6b3ff86c4afe-000000","msg":"📎 Correo con logo inline enviado por SES"}
{"level":30,"time":1778843109144,"pid":10632,"hostname":"TS-SURAGRA","to":["JCORTEZ@GROUPVALLEY.CL","aracelli@suragra.com","marcoantonio@suragra.com","cinthia@suragra.com","jadcve@gmail.com","tesoreria@suragra.com"],"codIdtSap":"C76885621","msg":"Enviando NETO"}
{"level":30,"time":1778843109419,"pid":10632,"hostname":"TS-SURAGRA","to":["JCORTEZ@GROUPVALLEY.CL","aracelli@suragra.com","marcoantonio@suragra.com","cinthia@suragra.com","jadcve@gmail.com","tesoreria@suragra.com"],"cc":["aracelli@suragra.com","marcoantonio@suragra.com","cinthia@suragra.com","jadcve@gmail.com","tesoreria@suragra.com"],"subject":"Resumen Neto Vencido SURAGRA","id":"0101019e2b4fc78b-e1f73dd4-4257-4138-b23e-52772b5b59f1-000000","msg":"📎 Correo con logo inline enviado por SES"}
{"level":30,"time":1778843126493,"pid":10632,"hostname":"TS-SURAGRA","to":["naedo@fieldsfruits.com","aracelli@suragra.com","marcoantonio@suragra.com","cinthia@suragra.com","jadcve@gmail.com","tesoreria@suragra.com"],"codIdtSap":"C76304361","msg":"Enviando NETO"}
{"level":30,"time":1778843126772,"pid":10632,"hostname":"TS-SURAGRA","to":["naedo@fieldsfruits.com","aracelli@suragra.com","marcoantonio@suragra.com","cinthia@suragra.com","jadcve@gmail.com","tesoreria@suragra.com"],"cc":["aracelli@suragra.com","marcoantonio@suragra.com","cinthia@suragra.com","jadcve@gmail.com","tesoreria@suragra.com"],"subject":"Resumen Neto Vencido SURAGRA","id":"0101019e2b500b59-03952a21-06dd-4490-9d72-1d7954469872-000000","msg":"📎 Correo con logo inline enviado por SES"}
{"level":30,"time":1778843143150,"pid":10632,"hostname":"TS-SURAGRA","to":["SANDRA@IDAHUECHILE.CL","aracelli@suragra.com","marcoantonio@suragra.com","cinthia@suragra.com","jadcve@gmail.com","tesoreria@suragra.com"],"codIdtSap":"C76918170","msg":"Enviando NETO"}
{"level":30,"time":1778843143465,"pid":10632,"hostname":"TS-SURAGRA","to":["SANDRA@IDAHUECHILE.CL","aracelli@suragra.com","marcoantonio@suragra.com","cinthia@suragra.com","jadcve@gmail.com","tesoreria@suragra.com"],"cc":["aracelli@suragra.com","marcoantonio@suragra.com","cinthia@suragra.com","jadcve@gmail.com","tesoreria@suragra.com"],"subject":"Resumen Neto Vencido SURAGRA","id":"0101019e2b504c68-6835de14-0aa6-498a-8244-ff418274f460-000000","msg":"📎 Correo con logo inline enviado por SES"}
{"level":30,"time":1778843160024,"pid":10632,"hostname":"TS-SURAGRA","to":["paula.munoz@santa-rosario.com","aracelli@suragra.com","marcoantonio@suragra.com","cinthia@suragra.com","jadcve@gmail.com","tesoreria@suragra.com"],"codIdtSap":"C77757654","msg":"Enviando NETO"}
{"level":30,"time":1778843160304,"pid":10632,"hostname":"TS-SURAGRA","to":["paula.munoz@santa-rosario.com","aracelli@suragra.com","marcoantonio@suragra.com","cinthia@suragra.com","jadcve@gmail.com","tesoreria@suragra.com"],"cc":["aracelli@suragra.com","marcoantonio@suragra.com","cinthia@suragra.com","jadcve@gmail.com","tesoreria@suragra.com"],"subject":"Resumen Neto Vencido SURAGRA","id":"0101019e2b508e3d-47cd5919-4fad-4d34-b0ae-796e33e4a3df-000000","msg":"📎 Correo con logo inline enviado por SES"}
{"level":30,"time":1778843176647,"pid":10632,"hostname":"TS-SURAGRA","to":["frojas@norfrut.cl","aracelli@suragra.com","marcoantonio@suragra.com","cinthia@suragra.com","jadcve@gmail.com","tesoreria@suragra.com"],"codIdtSap":"C76056132","msg":"Enviando NETO"}
{"level":30,"time":1778843176941,"pid":10632,"hostname":"TS-SURAGRA","to":["frojas@norfrut.cl","aracelli@suragra.com","marcoantonio@suragra.com","cinthia@suragra.com","jadcve@gmail.com","tesoreria@suragra.com"],"cc":["aracelli@suragra.com","marcoantonio@suragra.com","cinthia@suragra.com","jadcve@gmail.com","tesoreria@suragra.com"],"subject":"Resumen Neto Vencido SURAGRA","id":"0101019e2b50cf3e-91a75d5f-40f8-447e-a03c-e498e46907a6-000000","msg":"📎 Correo con logo inline enviado por SES"}
{"level":30,"time":1778843193582,"pid":10632,"hostname":"TS-SURAGRA","to":["ALEJANDRASM@QUINTAYFRUIT.CL","aracelli@suragra.com","marcoantonio@suragra.com","cinthia@suragra.com","jadcve@gmail.com","tesoreria@suragra.com"],"codIdtSap":"C99578700","msg":"Enviando NETO"}
{"level":30,"time":1778843193874,"pid":10632,"hostname":"TS-SURAGRA","to":["ALEJANDRASM@QUINTAYFRUIT.CL","aracelli@suragra.com","marcoantonio@suragra.com","cinthia@suragra.com","jadcve@gmail.com","tesoreria@suragra.com"],"cc":["aracelli@suragra.com","marcoantonio@suragra.com","cinthia@suragra.com","jadcve@gmail.com","tesoreria@suragra.com"],"subject":"Resumen Neto Vencido SURAGRA","id":"0101019e2b511161-3d2dafb2-fa54-4756-9dc7-0bee4396b64b-000000","msg":"📎 Correo con logo inline enviado por SES"}
{"level":30,"time":1778843210647,"pid":10632,"hostname":"TS-SURAGRA","to":["tomas@fruteraguasblancas.cl","aracelli@suragra.com","marcoantonio@suragra.com","cinthia@suragra.com","jadcve@gmail.com","tesoreria@suragra.com"],"codIdtSap":"C79660760","msg":"Enviando NETO"}
{"level":30,"time":1778843210892,"pid":10632,"hostname":"TS-SURAGRA","to":["tomas@fruteraguasblancas.cl","aracelli@suragra.com","marcoantonio@suragra.com","cinthia@suragra.com","jadcve@gmail.com","tesoreria@suragra.com"],"cc":["aracelli@suragra.com","marcoantonio@suragra.com","cinthia@suragra.com","jadcve@gmail.com","tesoreria@suragra.com"],"subject":"Resumen Neto Vencido SURAGRA","id":"0101019e2b5153fb-2cc6e6ed-ab40-45d5-b9d9-8f81ad6fe3d9-000000","msg":"📎 Correo con logo inline enviado por SES"}
{"level":30,"time":1778843227528,"pid":10632,"hostname":"TS-SURAGRA","to":["storo@upacfruit.com","aracelli@suragra.com","marcoantonio@suragra.com","cinthia@suragra.com","jadcve@gmail.com","tesoreria@suragra.com"],"codIdtSap":"C76738610","msg":"Enviando NETO"}
{"level":30,"time":1778843227858,"pid":10632,"hostname":"TS-SURAGRA","to":["storo@upacfruit.com","aracelli@suragra.com","marcoantonio@suragra.com","cinthia@suragra.com","jadcve@gmail.com","tesoreria@suragra.com"],"cc":["aracelli@suragra.com","marcoantonio@suragra.com","cinthia@suragra.com","jadcve@gmail.com","tesoreria@suragra.com"],"subject":"Resumen Neto Vencido SURAGRA","id":"0101019e2b519601-252991e5-c6fb-4795-9ede-0bb535bd40a5-000000","msg":"📎 Correo con logo inline enviado por SES"}
{"level":30,"time":1778843244292,"pid":10632,"hostname":"TS-SURAGRA","to":["josemiguelvaldeso@diezescobar.cl","aracelli@suragra.com","marcoantonio@suragra.com","cinthia@suragra.com","jadcve@gmail.com","tesoreria@suragra.com"],"codIdtSap":"C78297280","msg":"Enviando NETO"}
{"level":30,"time":1778843244571,"pid":10632,"hostname":"TS-SURAGRA","to":["josemiguelvaldeso@diezescobar.cl","aracelli@suragra.com","marcoantonio@suragra.com","cinthia@suragra.com","jadcve@gmail.com","tesoreria@suragra.com"],"cc":["aracelli@suragra.com","marcoantonio@suragra.com","cinthia@suragra.com","jadcve@gmail.com","tesoreria@suragra.com"],"subject":"Resumen Neto Vencido SURAGRA","id":"0101019e2b51d77d-a147d14b-a3de-4242-9840-0734710a5916-000000","msg":"📎 Correo con logo inline enviado por SES"}
{"level":30,"time":1778843261010,"pid":10632,"hostname":"TS-SURAGRA","to":["nibaldo@frioromeral.cl","aracelli@suragra.com","marcoantonio@suragra.com","cinthia@suragra.com","jadcve@gmail.com","tesoreria@suragra.com"],"codIdtSap":"C76053250","msg":"Enviando NETO"}
{"level":30,"time":1778843261291,"pid":10632,"hostname":"TS-SURAGRA","to":["nibaldo@frioromeral.cl","aracelli@suragra.com","marcoantonio@suragra.com","cinthia@suragra.com","jadcve@gmail.com","tesoreria@suragra.com"],"cc":["aracelli@suragra.com","marcoantonio@suragra.com","cinthia@suragra.com","jadcve@gmail.com","tesoreria@suragra.com"],"subject":"Resumen Neto Vencido SURAGRA","id":"0101019e2b5218c7-6f4b950b-aa76-4820-8be7-3e10a88b8e40-000000","msg":"📎 Correo con logo inline enviado por SES"}
{"level":30,"time":1778843277500,"pid":10632,"hostname":"TS-SURAGRA","to":["PANGELINI@SFC.CL","aracelli@suragra.com","marcoantonio@suragra.com","cinthia@suragra.com","jadcve@gmail.com","tesoreria@suragra.com"],"codIdtSap":"C76154796","msg":"Enviando NETO"}
{"level":30,"time":1778843277775,"pid":10632,"hostname":"TS-SURAGRA","to":["PANGELINI@SFC.CL","aracelli@suragra.com","marcoantonio@suragra.com","cinthia@suragra.com","jadcve@gmail.com","tesoreria@suragra.com"],"cc":["aracelli@suragra.com","marcoantonio@suragra.com","cinthia@suragra.com","jadcve@gmail.com","tesoreria@suragra.com"],"subject":"Resumen Neto Vencido SURAGRA","id":"0101019e2b525931-87d37a37-9dda-48ae-9c50-b7a7d0543fd6-000000","msg":"📎 Correo con logo inline enviado por SES"}
{"level":30,"time":1778843294312,"pid":10632,"hostname":"TS-SURAGRA","to":["adquisicionescarsal@gmail.com","aracelli@suragra.com","marcoantonio@suragra.com","cinthia@suragra.com","jadcve@gmail.com","tesoreria@suragra.com"],"codIdtSap":"C78557210","msg":"Enviando NETO"}
{"level":30,"time":1778843294585,"pid":10632,"hostname":"TS-SURAGRA","to":["adquisicionescarsal@gmail.com","aracelli@suragra.com","marcoantonio@suragra.com","cinthia@suragra.com","jadcve@gmail.com","tesoreria@suragra.com"],"cc":["aracelli@suragra.com","marcoantonio@suragra.com","cinthia@suragra.com","jadcve@gmail.com","tesoreria@suragra.com"],"subject":"Resumen Neto Vencido SURAGRA","id":"0101019e2b529ade-564086cb-e062-4b1b-adc6-7683a8045617-000000","msg":"📎 Correo con logo inline enviado por SES"}
{"level":30,"time":1778843310952,"pid":10632,"hostname":"TS-SURAGRA","to":["miguel.marquez@provalle.com","aracelli@suragra.com","marcoantonio@suragra.com","cinthia@suragra.com","jadcve@gmail.com","tesoreria@suragra.com"],"codIdtSap":"C99546180","msg":"Enviando NETO"}
{"level":30,"time":1778843311229,"pid":10632,"hostname":"TS-SURAGRA","to":["miguel.marquez@provalle.com","aracelli@suragra.com","marcoantonio@suragra.com","cinthia@suragra.com","jadcve@gmail.com","tesoreria@suragra.com"],"cc":["aracelli@suragra.com","marcoantonio@suragra.com","cinthia@suragra.com","jadcve@gmail.com","tesoreria@suragra.com"],"subject":"Resumen Neto Vencido SURAGRA","id":"0101019e2b52dbdf-0298afe8-6fc5-48c4-824d-929192e54608-000000","msg":"📎 Correo con logo inline enviado por SES"}
{"level":30,"time":1778843327682,"pid":10632,"hostname":"TS-SURAGRA","to":["cbarrera@zurgroup.cl","aracelli@suragra.com","marcoantonio@suragra.com","cinthia@suragra.com","jadcve@gmail.com","tesoreria@suragra.com"],"codIdtSap":"C761625829","msg":"Enviando NETO"}
{"level":30,"time":1778843327981,"pid":10632,"hostname":"TS-SURAGRA","to":["cbarrera@zurgroup.cl","aracelli@suragra.com","marcoantonio@suragra.com","cinthia@suragra.com","jadcve@gmail.com","tesoreria@suragra.com"],"cc":["aracelli@suragra.com","marcoantonio@suragra.com","cinthia@suragra.com","jadcve@gmail.com","tesoreria@suragra.com"],"subject":"Resumen Neto Vencido SURAGRA","id":"0101019e2b531d38-d391a329-259c-469c-abf4-6737d3204fc1-000000","msg":"📎 Correo con logo inline enviado por SES"}
{"level":30,"time":1778843327984,"pid":10632,"hostname":"TS-SURAGRA","job":"NETO","msg":"job done"}
{"level":30,"time":1778846400403,"pid":10632,"hostname":"TS-SURAGRA","subject":"Resumen IVA Vencido","msg":"Template IMOR cargado"}
{"level":30,"time":1778846691127,"pid":10632,"hostname":"TS-SURAGRA","to":["TESORERIA@AGROFRUTA.CL","aracelli@suragra.com","marcoantonio@suragra.com","cinthia@suragra.com","jadcve@gmail.com","tesoreria@suragra.com"],"codIdtSap":"C96771340","msg":"Enviando IMOR"}
{"level":30,"time":1778846691818,"pid":10632,"hostname":"TS-SURAGRA","to":["TESORERIA@AGROFRUTA.CL","aracelli@suragra.com","marcoantonio@suragra.com","cinthia@suragra.com","jadcve@gmail.com","tesoreria@suragra.com"],"cc":["aracelli@suragra.com","marcoantonio@suragra.com","cinthia@suragra.com","jadcve@gmail.com","tesoreria@suragra.com"],"subject":"Resumen IVA Vencido SURAGRA","id":"0101019e2b86712c-1d5054ee-cf31-4d70-80b8-fd11a6b51ca1-000000","msg":"✉️ Correo enviado por SES"}
{"level":30,"time":1778846710369,"pid":10632,"hostname":"TS-SURAGRA","to":["alopez@elcaminospa.cl","aracelli@suragra.com","marcoantonio@suragra.com","cinthia@suragra.com","jadcve@gmail.com","tesoreria@suragra.com"],"codIdtSap":"C76180781","msg":"Enviando IMOR"}
{"level":30,"time":1778846710722,"pid":10632,"hostname":"TS-SURAGRA","to":["alopez@elcaminospa.cl","aracelli@suragra.com","marcoantonio@suragra.com","cinthia@suragra.com","jadcve@gmail.com","tesoreria@suragra.com"],"cc":["aracelli@suragra.com","marcoantonio@suragra.com","cinthia@suragra.com","jadcve@gmail.com","tesoreria@suragra.com"],"subject":"Resumen IVA Vencido SURAGRA","id":"0101019e2b86bae5-5980a24a-8315-4f90-a4c2-476a3ce09e5c-000000","msg":"✉️ Correo enviado por SES"}
{"level":30,"time":1778846725418,"pid":10632,"hostname":"TS-SURAGRA","to":["FELIPE@UTILITAS.CL","aracelli@suragra.com","marcoantonio@suragra.com","cinthia@suragra.com","jadcve@gmail.com","tesoreria@suragra.com"],"codIdtSap":"C76189003","msg":"Enviando IMOR"}
{"level":30,"time":1778846725751,"pid":10632,"hostname":"TS-SURAGRA","to":["FELIPE@UTILITAS.CL","aracelli@suragra.com","marcoantonio@suragra.com","cinthia@suragra.com","jadcve@gmail.com","tesoreria@suragra.com"],"cc":["aracelli@suragra.com","marcoantonio@suragra.com","cinthia@suragra.com","jadcve@gmail.com","tesoreria@suragra.com"],"subject":"Resumen IVA Vencido SURAGRA","id":"0101019e2b86f5af-fd27edba-ae74-465b-bfc5-aade8732da94-000000","msg":"✉️ Correo enviado por SES"}
{"level":30,"time":1778846748243,"pid":10632,"hostname":"TS-SURAGRA","to":["MATERIALES@LOSOLMOS.CL","aracelli@suragra.com","marcoantonio@suragra.com","cinthia@suragra.com","jadcve@gmail.com","tesoreria@suragra.com"],"codIdtSap":"C76081733","msg":"Enviando IMOR"}
{"level":30,"time":1778846748567,"pid":10632,"hostname":"TS-SURAGRA","to":["MATERIALES@LOSOLMOS.CL","aracelli@suragra.com","marcoantonio@suragra.com","cinthia@suragra.com","jadcve@gmail.com","tesoreria@suragra.com"],"cc":["aracelli@suragra.com","marcoantonio@suragra.com","cinthia@suragra.com","jadcve@gmail.com","tesoreria@suragra.com"],"subject":"Resumen IVA Vencido SURAGRA","id":"0101019e2b874edb-ef4acca6-9f32-4560-9380-5ed4fa98ccd0-000000","msg":"✉️ Correo enviado por SES"}
{"level":30,"time":1778846770807,"pid":10632,"hostname":"TS-SURAGRA","to":["fernanda@espejofruits.com","aracelli@suragra.com","marcoantonio@suragra.com","cinthia@suragra.com","jadcve@gmail.com","tesoreria@suragra.com"],"codIdtSap":"C77280637","msg":"Enviando IMOR"}
{"level":30,"time":1778846771111,"pid":10632,"hostname":"TS-SURAGRA","to":["fernanda@espejofruits.com","aracelli@suragra.com","marcoantonio@suragra.com","cinthia@suragra.com","jadcve@gmail.com","tesoreria@suragra.com"],"cc":["aracelli@suragra.com","marcoantonio@suragra.com","cinthia@suragra.com","jadcve@gmail.com","tesoreria@suragra.com"],"subject":"Resumen IVA Vencido SURAGRA","id":"0101019e2b87a6f7-48e89eec-b94f-4ae9-8ddf-615451896d04-000000","msg":"✉️ Correo enviado por SES"}
{"level":30,"time":1778846789837,"pid":10632,"hostname":"TS-SURAGRA","to":["brevismanuel@gmail.com","aracelli@suragra.com","marcoantonio@suragra.com","cinthia@suragra.com","jadcve@gmail.com","tesoreria@suragra.com"],"codIdtSap":"C77149620","msg":"Enviando IMOR"}
{"level":30,"time":1778846790139,"pid":10632,"hostname":"TS-SURAGRA","to":["brevismanuel@gmail.com","aracelli@suragra.com","marcoantonio@suragra.com","cinthia@suragra.com","jadcve@gmail.com","tesoreria@suragra.com"],"cc":["aracelli@suragra.com","marcoantonio@suragra.com","cinthia@suragra.com","jadcve@gmail.com","tesoreria@suragra.com"],"subject":"Resumen IVA Vencido SURAGRA","id":"0101019e2b87f150-e1315bfe-9b7e-446c-8e2d-49786334bee7-000000","msg":"✉️ Correo enviado por SES"}
{"level":30,"time":1778846804844,"pid":10632,"hostname":"TS-SURAGRA","to":["tomas@fruteraguasblancas.cl","aracelli@suragra.com","marcoantonio@suragra.com","cinthia@suragra.com","jadcve@gmail.com","tesoreria@suragra.com"],"codIdtSap":"C79660760","msg":"Enviando IMOR"}
{"level":30,"time":1778846805155,"pid":10632,"hostname":"TS-SURAGRA","to":["tomas@fruteraguasblancas.cl","aracelli@suragra.com","marcoantonio@suragra.com","cinthia@suragra.com","jadcve@gmail.com","tesoreria@suragra.com"],"cc":["aracelli@suragra.com","marcoantonio@suragra.com","cinthia@suragra.com","jadcve@gmail.com","tesoreria@suragra.com"],"subject":"Resumen IVA Vencido SURAGRA","id":"0101019e2b882bf1-f9255b79-ec20-4595-b99b-28ccf19e2106-000000","msg":"✉️ Correo enviado por SES"}
{"level":30,"time":1778846819188,"pid":10632,"hostname":"TS-SURAGRA","to":["mherrera@rucaray.cl","aracelli@suragra.com","marcoantonio@suragra.com","cinthia@suragra.com","jadcve@gmail.com","tesoreria@suragra.com"],"codIdtSap":"C96988350","msg":"Enviando IMOR"}
{"level":30,"time":1778846819487,"pid":10632,"hostname":"TS-SURAGRA","to":["mherrera@rucaray.cl","aracelli@suragra.com","marcoantonio@suragra.com","cinthia@suragra.com","jadcve@gmail.com","tesoreria@suragra.com"],"cc":["aracelli@suragra.com","marcoantonio@suragra.com","cinthia@suragra.com","jadcve@gmail.com","tesoreria@suragra.com"],"subject":"Resumen IVA Vencido SURAGRA","id":"0101019e2b8863fc-70530166-5588-4724-84c8-62bf54533b71-000000","msg":"✉️ Correo enviado por SES"}
{"level":30,"time":1778846841710,"pid":10632,"hostname":"TS-SURAGRA","to":["alfredochimenti@gmail.com","aracelli@suragra.com","marcoantonio@suragra.com","cinthia@suragra.com","jadcve@gmail.com","tesoreria@suragra.com"],"codIdtSap":"C4344518","msg":"Enviando IMOR"}
{"level":30,"time":1778846842012,"pid":10632,"hostname":"TS-SURAGRA","to":["alfredochimenti@gmail.com","aracelli@suragra.com","marcoantonio@suragra.com","cinthia@suragra.com","jadcve@gmail.com","tesoreria@suragra.com"],"cc":["aracelli@suragra.com","marcoantonio@suragra.com","cinthia@suragra.com","jadcve@gmail.com","tesoreria@suragra.com"],"subject":"Resumen IVA Vencido SURAGRA","id":"0101019e2b88bbf1-c1b9f24c-3876-4662-9bb2-3347420ca91a-000000","msg":"✉️ Correo enviado por SES"}
{"level":30,"time":1778846860366,"pid":10632,"hostname":"TS-SURAGRA","to":["maria.nahuel@geexsa.com","aracelli@suragra.com","marcoantonio@suragra.com","cinthia@suragra.com","jadcve@gmail.com","tesoreria@suragra.com"],"codIdtSap":"C96867620","msg":"Enviando IMOR"}
{"level":30,"time":1778846860725,"pid":10632,"hostname":"TS-SURAGRA","to":["maria.nahuel@geexsa.com","aracelli@suragra.com","marcoantonio@suragra.com","cinthia@suragra.com","jadcve@gmail.com","tesoreria@suragra.com"],"cc":["aracelli@suragra.com","marcoantonio@suragra.com","cinthia@suragra.com","jadcve@gmail.com","tesoreria@suragra.com"],"subject":"Resumen IVA Vencido SURAGRA","id":"0101019e2b8904d3-496cb0d1-a01d-4e93-94dd-08145dbce328-000000","msg":"✉️ Correo enviado por SES"}
{"level":30,"time":1778846879082,"pid":10632,"hostname":"TS-SURAGRA","to":["ADMINISTRACION@CMXGROUP.NET","aracelli@suragra.com","marcoantonio@suragra.com","cinthia@suragra.com","jadcve@gmail.com","tesoreria@suragra.com"],"codIdtSap":"C76446121","msg":"Enviando IMOR"}
{"level":30,"time":1778846879374,"pid":10632,"hostname":"TS-SURAGRA","to":["ADMINISTRACION@CMXGROUP.NET","aracelli@suragra.com","marcoantonio@suragra.com","cinthia@suragra.com","jadcve@gmail.com","tesoreria@suragra.com"],"cc":["aracelli@suragra.com","marcoantonio@suragra.com","cinthia@suragra.com","jadcve@gmail.com","tesoreria@suragra.com"],"subject":"Resumen IVA Vencido SURAGRA","id":"0101019e2b894dee-fc0ff839-c75e-4a1a-a928-25c6e1ea5933-000000","msg":"✉️ Correo enviado por SES"}
{"level":30,"time":1778846893647,"pid":10632,"hostname":"TS-SURAGRA","to":["CGONZALEZ@MEYERSA.CL","aracelli@suragra.com","marcoantonio@suragra.com","cinthia@suragra.com","jadcve@gmail.com","tesoreria@suragra.com"],"codIdtSap":"C96688810","msg":"Enviando IMOR"}
{"level":30,"time":1778846893962,"pid":10632,"hostname":"TS-SURAGRA","to":["CGONZALEZ@MEYERSA.CL","aracelli@suragra.com","marcoantonio@suragra.com","cinthia@suragra.com","jadcve@gmail.com","tesoreria@suragra.com"],"cc":["aracelli@suragra.com","marcoantonio@suragra.com","cinthia@suragra.com","jadcve@gmail.com","tesoreria@suragra.com"],"subject":"Resumen IVA Vencido SURAGRA","id":"0101019e2b8986d0-cc2cd51d-963e-4147-b2f3-39839ea12177-000000","msg":"✉️ Correo enviado por SES"}
{"level":30,"time":1778846924122,"pid":10632,"hostname":"TS-SURAGRA","to":["RAMON.ACOSTA@ACOSTAHNOS.CL","aracelli@suragra.com","marcoantonio@suragra.com","cinthia@suragra.com","jadcve@gmail.com","tesoreria@suragra.com"],"codIdtSap":"C77142343","msg":"Enviando IMOR"}
{"level":30,"time":1778846924443,"pid":10632,"hostname":"TS-SURAGRA","to":["RAMON.ACOSTA@ACOSTAHNOS.CL","aracelli@suragra.com","marcoantonio@suragra.com","cinthia@suragra.com","jadcve@gmail.com","tesoreria@suragra.com"],"cc":["aracelli@suragra.com","marcoantonio@suragra.com","cinthia@suragra.com","jadcve@gmail.com","tesoreria@suragra.com"],"subject":"Resumen IVA Vencido SURAGRA","id":"0101019e2b89fddf-75fc6351-88d4-44a0-abf7-1baedf5ec4bd-000000","msg":"✉️ Correo enviado por SES"}
{"level":30,"time":1778846942662,"pid":10632,"hostname":"TS-SURAGRA","to":["jherrera@laberintospa.cl","aracelli@suragra.com","marcoantonio@suragra.com","cinthia@suragra.com","jadcve@gmail.com","tesoreria@suragra.com"],"codIdtSap":"C76514077","msg":"Enviando IMOR"}
{"level":30,"time":1778846942981,"pid":10632,"hostname":"TS-SURAGRA","to":["jherrera@laberintospa.cl","aracelli@suragra.com","marcoantonio@suragra.com","cinthia@suragra.com","jadcve@gmail.com","tesoreria@suragra.com"],"cc":["aracelli@suragra.com","marcoantonio@suragra.com","cinthia@suragra.com","jadcve@gmail.com","tesoreria@suragra.com"],"subject":"Resumen IVA Vencido SURAGRA","id":"0101019e2b8a464e-82f51c4a-c304-412e-a8b2-f14ef86fed92-000000","msg":"✉️ Correo enviado por SES"}
{"level":30,"time":1778846957284,"pid":10632,"hostname":"TS-SURAGRA","to":["fcm@johnsonfruit.cl","aracelli@suragra.com","marcoantonio@suragra.com","cinthia@suragra.com","jadcve@gmail.com","tesoreria@suragra.com"],"codIdtSap":"C77341510","msg":"Enviando IMOR"}
{"level":30,"time":1778846957589,"pid":10632,"hostname":"TS-SURAGRA","to":["fcm@johnsonfruit.cl","aracelli@suragra.com","marcoantonio@suragra.com","cinthia@suragra.com","jadcve@gmail.com","tesoreria@suragra.com"],"cc":["aracelli@suragra.com","marcoantonio@suragra.com","cinthia@suragra.com","jadcve@gmail.com","tesoreria@suragra.com"],"subject":"Resumen IVA Vencido SURAGRA","id":"0101019e2b8a7f69-a910ab2f-b173-403b-9ed0-9333ee54c7c5-000000","msg":"✉️ Correo enviado por SES"}
{"level":30,"time":1778846971876,"pid":10632,"hostname":"TS-SURAGRA","to":["GELAGOS_024@HOTMAIL.COM","aracelli@suragra.com","marcoantonio@suragra.com","cinthia@suragra.com","jadcve@gmail.com","tesoreria@suragra.com"],"codIdtSap":"C77484790","msg":"Enviando IMOR"}
{"level":30,"time":1778846972168,"pid":10632,"hostname":"TS-SURAGRA","to":["GELAGOS_024@HOTMAIL.COM","aracelli@suragra.com","marcoantonio@suragra.com","cinthia@suragra.com","jadcve@gmail.com","tesoreria@suragra.com"],"cc":["aracelli@suragra.com","marcoantonio@suragra.com","cinthia@suragra.com","jadcve@gmail.com","tesoreria@suragra.com"],"subject":"Resumen IVA Vencido SURAGRA","id":"0101019e2b8ab86b-d25404b7-874e-473c-b45b-506d3836b669-000000","msg":"✉️ Correo enviado por SES"}
{"level":30,"time":1778846986501,"pid":10632,"hostname":"TS-SURAGRA","to":["storo@upacfruit.com","aracelli@suragra.com","marcoantonio@suragra.com","cinthia@suragra.com","jadcve@gmail.com","tesoreria@suragra.com"],"codIdtSap":"C76738610","msg":"Enviando IMOR"}
{"level":30,"time":1778846986803,"pid":10632,"hostname":"TS-SURAGRA","to":["storo@upacfruit.com","aracelli@suragra.com","marcoantonio@suragra.com","cinthia@suragra.com","jadcve@gmail.com","tesoreria@suragra.com"],"cc":["aracelli@suragra.com","marcoantonio@suragra.com","cinthia@suragra.com","jadcve@gmail.com","tesoreria@suragra.com"],"subject":"Resumen IVA Vencido SURAGRA","id":"0101019e2b8af189-17b6948f-447b-441d-a029-3dad6fbfee52-000000","msg":"✉️ Correo enviado por SES"}
{"level":30,"time":1778847009402,"pid":10632,"hostname":"TS-SURAGRA","to":["agricolaitaliana6@gmail.com","aracelli@suragra.com","marcoantonio@suragra.com","cinthia@suragra.com","jadcve@gmail.com","tesoreria@suragra.com"],"codIdtSap":"C76073818","msg":"Enviando IMOR"}
{"level":30,"time":1778847009705,"pid":10632,"hostname":"TS-SURAGRA","to":["agricolaitaliana6@gmail.com","aracelli@suragra.com","marcoantonio@suragra.com","cinthia@suragra.com","jadcve@gmail.com","tesoreria@suragra.com"],"cc":["aracelli@suragra.com","marcoantonio@suragra.com","cinthia@suragra.com","jadcve@gmail.com","tesoreria@suragra.com"],"subject":"Resumen IVA Vencido SURAGRA","id":"0101019e2b8b4b02-d4113af6-4680-4cc1-8d82-dfb2019ec4e3-000000","msg":"✉️ Correo enviado por SES"}
{"level":30,"time":1778847061691,"pid":10632,"hostname":"TS-SURAGRA","to":["paula.munoz@santa-rosario.com","aracelli@suragra.com","marcoantonio@suragra.com","cinthia@suragra.com","jadcve@gmail.com","tesoreria@suragra.com"],"codIdtSap":"C77757654","msg":"Enviando IMOR"}
{"level":30,"time":1778847062664,"pid":10632,"hostname":"TS-SURAGRA","to":["paula.munoz@santa-rosario.com","aracelli@suragra.com","marcoantonio@suragra.com","cinthia@suragra.com","jadcve@gmail.com","tesoreria@suragra.com"],"cc":["aracelli@suragra.com","marcoantonio@suragra.com","cinthia@suragra.com","jadcve@gmail.com","tesoreria@suragra.com"],"subject":"Resumen IVA Vencido SURAGRA","id":"0101019e2b8c172d-048ff099-8d0d-4f25-8b98-d9ae8a225d97-000000","msg":"✉️ Correo enviado por SES"}
{"level":30,"time":1778847076865,"pid":10632,"hostname":"TS-SURAGRA","to":["jcastro@geofrut.cl","aracelli@suragra.com","marcoantonio@suragra.com","cinthia@suragra.com","jadcve@gmail.com","tesoreria@suragra.com"],"codIdtSap":"C96609410","msg":"Enviando IMOR"}
{"level":30,"time":1778847077209,"pid":10632,"hostname":"TS-SURAGRA","to":["jcastro@geofrut.cl","aracelli@suragra.com","marcoantonio@suragra.com","cinthia@suragra.com","jadcve@gmail.com","tesoreria@suragra.com"],"cc":["aracelli@suragra.com","marcoantonio@suragra.com","cinthia@suragra.com","jadcve@gmail.com","tesoreria@suragra.com"],"subject":"Resumen IVA Vencido SURAGRA","id":"0101019e2b8c5289-9e74bebb-6205-43c1-a2f5-feeb5fa5c513-000000","msg":"✉️ Correo enviado por SES"}
{"level":30,"time":1778847099623,"pid":10632,"hostname":"TS-SURAGRA","to":["abaeza@fruka.cl","aracelli@suragra.com","marcoantonio@suragra.com","cinthia@suragra.com","jadcve@gmail.com","tesoreria@suragra.com"],"codIdtSap":"C76681878","msg":"Enviando IMOR"}
{"level":30,"time":1778847099936,"pid":10632,"hostname":"TS-SURAGRA","to":["abaeza@fruka.cl","aracelli@suragra.com","marcoantonio@suragra.com","cinthia@suragra.com","jadcve@gmail.com","tesoreria@suragra.com"],"cc":["aracelli@suragra.com","marcoantonio@suragra.com","cinthia@suragra.com","jadcve@gmail.com","tesoreria@suragra.com"],"subject":"Resumen IVA Vencido SURAGRA","id":"0101019e2b8cab6d-80ff381e-a078-4835-b201-1956196ac742-000000","msg":"✉️ Correo enviado por SES"}
{"level":30,"time":1778847114060,"pid":10632,"hostname":"TS-SURAGRA","to":["patricia.klenner@garcesfruit.com","aracelli@suragra.com","marcoantonio@suragra.com","cinthia@suragra.com","jadcve@gmail.com","tesoreria@suragra.com"],"codIdtSap":"C77995010","msg":"Enviando IMOR"}
{"level":30,"time":1778847114378,"pid":10632,"hostname":"TS-SURAGRA","to":["patricia.klenner@garcesfruit.com","aracelli@suragra.com","marcoantonio@suragra.com","cinthia@suragra.com","jadcve@gmail.com","tesoreria@suragra.com"],"cc":["aracelli@suragra.com","marcoantonio@suragra.com","cinthia@suragra.com","jadcve@gmail.com","tesoreria@suragra.com"],"subject":"Resumen IVA Vencido SURAGRA","id":"0101019e2b8ce3ce-8025b910-7536-4bd6-84bc-a2fa96a1c97c-000000","msg":"✉️ Correo enviado por SES"}
{"level":30,"time":1778847137004,"pid":10632,"hostname":"TS-SURAGRA","to":["SANDRA@IDAHUECHILE.CL","aracelli@suragra.com","marcoantonio@suragra.com","cinthia@suragra.com","jadcve@gmail.com","tesoreria@suragra.com"],"codIdtSap":"C76918170","msg":"Enviando IMOR"}
{"level":30,"time":1778847137313,"pid":10632,"hostname":"TS-SURAGRA","to":["SANDRA@IDAHUECHILE.CL","aracelli@suragra.com","marcoantonio@suragra.com","cinthia@suragra.com","jadcve@gmail.com","tesoreria@suragra.com"],"cc":["aracelli@suragra.com","marcoantonio@suragra.com","cinthia@suragra.com","jadcve@gmail.com","tesoreria@suragra.com"],"subject":"Resumen IVA Vencido SURAGRA","id":"0101019e2b8d3d6f-bdccb69b-6f0d-480a-9fdd-dc4556abb0c1-000000","msg":"✉️ Correo enviado por SES"}
{"level":30,"time":1778847159775,"pid":10632,"hostname":"TS-SURAGRA","to":["lpinto@fundolacampana.cl","aracelli@suragra.com","marcoantonio@suragra.com","cinthia@suragra.com","jadcve@gmail.com","tesoreria@suragra.com"],"codIdtSap":"C76979390","msg":"Enviando IMOR"}
{"level":30,"time":1778847160113,"pid":10632,"hostname":"TS-SURAGRA","to":["lpinto@fundolacampana.cl","aracelli@suragra.com","marcoantonio@suragra.com","cinthia@suragra.com","jadcve@gmail.com","tesoreria@suragra.com"],"cc":["aracelli@suragra.com","marcoantonio@suragra.com","cinthia@suragra.com","jadcve@gmail.com","tesoreria@suragra.com"],"subject":"Resumen IVA Vencido SURAGRA","id":"0101019e2b8d9663-3e3049f1-f534-4466-babc-6f816ebc0944-000000","msg":"✉️ Correo enviado por SES"}
{"level":30,"time":1778847174460,"pid":10632,"hostname":"TS-SURAGRA","to":["ypinto@verfrut.cl","aracelli@suragra.com","marcoantonio@suragra.com","cinthia@suragra.com","jadcve@gmail.com","tesoreria@suragra.com"],"codIdtSap":"C78029510","msg":"Enviando IMOR"}
{"level":30,"time":1778847174762,"pid":10632,"hostname":"TS-SURAGRA","to":["ypinto@verfrut.cl","aracelli@suragra.com","marcoantonio@suragra.com","cinthia@suragra.com","jadcve@gmail.com","tesoreria@suragra.com"],"cc":["aracelli@suragra.com","marcoantonio@suragra.com","cinthia@suragra.com","jadcve@gmail.com","tesoreria@suragra.com"],"subject":"Resumen IVA Vencido SURAGRA","id":"0101019e2b8dcfb2-a9a95e43-5774-47b5-b962-08772a24883b-000000","msg":"✉️ Correo enviado por SES"}
{"level":30,"time":1778847188954,"pid":10632,"hostname":"TS-SURAGRA","to":["r.jimenez@exportadoradisfruta.cl","aracelli@suragra.com","marcoantonio@suragra.com","cinthia@suragra.com","jadcve@gmail.com","tesoreria@suragra.com"],"codIdtSap":"C76429771","msg":"Enviando IMOR"}
{"level":30,"time":1778847189273,"pid":10632,"hostname":"TS-SURAGRA","to":["r.jimenez@exportadoradisfruta.cl","aracelli@suragra.com","marcoantonio@suragra.com","cinthia@suragra.com","jadcve@gmail.com","tesoreria@suragra.com"],"cc":["aracelli@suragra.com","marcoantonio@suragra.com","cinthia@suragra.com","jadcve@gmail.com","tesoreria@suragra.com"],"subject":"Resumen IVA Vencido SURAGRA","id":"0101019e2b8e085e-8042f8a5-2981-41a0-b7d1-2ca9928d834e-000000","msg":"✉️ Correo enviado por SES"}
{"level":30,"time":1778847260720,"pid":10632,"hostname":"TS-SURAGRA","to":["ksalazar@greenpack.cl","aracelli@suragra.com","marcoantonio@suragra.com","cinthia@suragra.com","jadcve@gmail.com","tesoreria@suragra.com"],"codIdtSap":"C76213723","msg":"Enviando IMOR"}
{"level":30,"time":1778847261574,"pid":10632,"hostname":"TS-SURAGRA","to":["ksalazar@greenpack.cl","aracelli@suragra.com","marcoantonio@suragra.com","cinthia@suragra.com","jadcve@gmail.com","tesoreria@suragra.com"],"cc":["aracelli@suragra.com","marcoantonio@suragra.com","cinthia@suragra.com","jadcve@gmail.com","tesoreria@suragra.com"],"subject":"Resumen IVA Vencido SURAGRA","id":"0101019e2b8f22d8-7eee5976-5e69-4ddf-82c3-526781f178ec-000000","msg":"✉️ Correo enviado por SES"}
{"level":30,"time":1778847261576,"pid":10632,"hostname":"TS-SURAGRA","job":"IVA","msg":"job done"}
{"level":50,"time":1778903700660,"pid":10632,"hostname":"TS-SURAGRA","job":"HEARTBEAT","err":"sendEmail is not defined","msg":"Heartbeat failed"}
{"level":50,"time":1778990100656,"pid":10632,"hostname":"TS-SURAGRA","job":"HEARTBEAT","err":"sendEmail is not defined","msg":"Heartbeat failed"}
{"level":50,"time":1779076500652,"pid":10632,"hostname":"TS-SURAGRA","job":"HEARTBEAT","err":"sendEmail is not defined","msg":"Heartbeat failed"}
{"level":50,"time":1779162900653,"pid":10632,"hostname":"TS-SURAGRA","job":"HEARTBEAT","err":"sendEmail is not defined","msg":"Heartbeat failed"}
{"level":50,"time":1779249300650,"pid":10632,"hostname":"TS-SURAGRA","job":"HEARTBEAT","err":"sendEmail is not defined","msg":"Heartbeat failed"}
{"level":50,"time":1779335700646,"pid":10632,"hostname":"TS-SURAGRA","job":"HEARTBEAT","err":"sendEmail is not defined","msg":"Heartbeat failed"}
{"level":50,"time":1779422100650,"pid":10632,"hostname":"TS-SURAGRA","job":"HEARTBEAT","err":"sendEmail is not defined","msg":"Heartbeat failed"}
{"level":30,"time":1779447600820,"pid":10632,"hostname":"TS-SURAGRA","subject":"Resumen Neto Vencido","msg":"Template cargado"}
{"level":30,"time":1779447627602,"pid":10632,"hostname":"TS-SURAGRA","to":["ADQUISICIONES@CRANA.CL","aracelli@suragra.com","marcoantonio@suragra.com","cinthia@suragra.com","jadcve@gmail.com","tesoreria@suragra.com"],"codIdtSap":"C79650240","msg":"Enviando NETO"}
{"level":30,"time":1779447628509,"pid":10632,"hostname":"TS-SURAGRA","to":["ADQUISICIONES@CRANA.CL","aracelli@suragra.com","marcoantonio@suragra.com","cinthia@suragra.com","jadcve@gmail.com","tesoreria@suragra.com"],"cc":["aracelli@suragra.com","marcoantonio@suragra.com","cinthia@suragra.com","jadcve@gmail.com","tesoreria@suragra.com"],"subject":"Resumen Neto Vencido SURAGRA","id":"0101019e4f580237-4e7dc5bf-6cb2-4b72-9238-b5e2dc45d574-000000","msg":"📎 Correo con logo inline enviado por SES"}
{"level":30,"time":1779447644960,"pid":10632,"hostname":"TS-SURAGRA","to":["frojas@norfrut.cl","aracelli@suragra.com","marcoantonio@suragra.com","cinthia@suragra.com","jadcve@gmail.com","tesoreria@suragra.com"],"codIdtSap":"C78101430","msg":"Enviando NETO"}
{"level":30,"time":1779447645249,"pid":10632,"hostname":"TS-SURAGRA","to":["frojas@norfrut.cl","aracelli@suragra.com","marcoantonio@suragra.com","cinthia@suragra.com","jadcve@gmail.com","tesoreria@suragra.com"],"cc":["aracelli@suragra.com","marcoantonio@suragra.com","cinthia@suragra.com","jadcve@gmail.com","tesoreria@suragra.com"],"subject":"Resumen Neto Vencido SURAGRA","id":"0101019e4f5843a4-eaeca78d-ccef-466e-bcf9-b3cc8bd78c60-000000","msg":"📎 Correo con logo inline enviado por SES"}
{"level":30,"time":1779447666832,"pid":10632,"hostname":"TS-SURAGRA","to":["Hercanagrolimitada.export@gmail.com","aracelli@suragra.com","marcoantonio@suragra.com","cinthia@suragra.com","jadcve@gmail.com","tesoreria@suragra.com"],"codIdtSap":"C76573605","msg":"Enviando NETO"}
{"level":30,"time":1779447667138,"pid":10632,"hostname":"TS-SURAGRA","to":["Hercanagrolimitada.export@gmail.com","aracelli@suragra.com","marcoantonio@suragra.com","cinthia@suragra.com","jadcve@gmail.com","tesoreria@suragra.com"],"cc":["aracelli@suragra.com","marcoantonio@suragra.com","cinthia@suragra.com","jadcve@gmail.com","tesoreria@suragra.com"],"subject":"Resumen Neto Vencido SURAGRA","id":"0101019e4f589914-8baa4238-6418-492b-84bc-8fb69024418d-000000","msg":"📎 Correo con logo inline enviado por SES"}
{"level":30,"time":1779447685651,"pid":10632,"hostname":"TS-SURAGRA","to":["alfredochimenti@gmail.com","aracelli@suragra.com","marcoantonio@suragra.com","cinthia@suragra.com","jadcve@gmail.com","tesoreria@suragra.com"],"codIdtSap":"C4344518","msg":"Enviando NETO"}
{"level":30,"time":1779447685951,"pid":10632,"hostname":"TS-SURAGRA","to":["alfredochimenti@gmail.com","aracelli@suragra.com","marcoantonio@suragra.com","cinthia@suragra.com","jadcve@gmail.com","tesoreria@suragra.com"],"cc":["aracelli@suragra.com","marcoantonio@suragra.com","cinthia@suragra.com","jadcve@gmail.com","tesoreria@suragra.com"],"subject":"Resumen Neto Vencido SURAGRA","id":"0101019e4f58e299-cf7300be-b6b7-402f-8a4d-c7522bb244af-000000","msg":"📎 Correo con logo inline enviado por SES"}
{"level":30,"time":1779447702215,"pid":10632,"hostname":"TS-SURAGRA","to":["aracelli@suragra.com","marcoantonio@suragra.com","cinthia@suragra.com","jadcve@gmail.com","tesoreria@suragra.com"],"codIdtSap":"C77739754","msg":"Enviando NETO"}
{"level":30,"time":1779447702545,"pid":10632,"hostname":"TS-SURAGRA","to":["aracelli@suragra.com","marcoantonio@suragra.com","cinthia@suragra.com","jadcve@gmail.com","tesoreria@suragra.com"],"cc":["aracelli@suragra.com","marcoantonio@suragra.com","cinthia@suragra.com","jadcve@gmail.com","tesoreria@suragra.com"],"subject":"Resumen Neto Vencido SURAGRA","id":"0101019e4f59234f-435464a4-dcdf-45ab-a6cd-2e80ba063761-000000","msg":"📎 Correo con logo inline enviado por SES"}
{"level":30,"time":1779447718941,"pid":10632,"hostname":"TS-SURAGRA","to":["FRANCISCO@ANDESBHUMI.COM","aracelli@suragra.com","marcoantonio@suragra.com","cinthia@suragra.com","jadcve@gmail.com","tesoreria@suragra.com"],"codIdtSap":"C77114643","msg":"Enviando NETO"}
{"level":30,"time":1779447719228,"pid":10632,"hostname":"TS-SURAGRA","to":["FRANCISCO@ANDESBHUMI.COM","aracelli@suragra.com","marcoantonio@suragra.com","cinthia@suragra.com","jadcve@gmail.com","tesoreria@suragra.com"],"cc":["aracelli@suragra.com","marcoantonio@suragra.com","cinthia@suragra.com","jadcve@gmail.com","tesoreria@suragra.com"],"subject":"Resumen Neto Vencido SURAGRA","id":"0101019e4f5964a1-23e56e98-b5f3-48a6-b6f2-e628aaae524f-000000","msg":"📎 Correo con logo inline enviado por SES"}
{"level":30,"time":1779447735627,"pid":10632,"hostname":"TS-SURAGRA","to":["alopez@elcaminospa.cl","aracelli@suragra.com","marcoantonio@suragra.com","cinthia@suragra.com","jadcve@gmail.com","tesoreria@suragra.com"],"codIdtSap":"C76180781","msg":"Enviando NETO"}
{"level":30,"time":1779447735938,"pid":10632,"hostname":"TS-SURAGRA","to":["alopez@elcaminospa.cl","aracelli@suragra.com","marcoantonio@suragra.com","cinthia@suragra.com","jadcve@gmail.com","tesoreria@suragra.com"],"cc":["aracelli@suragra.com","marcoantonio@suragra.com","cinthia@suragra.com","jadcve@gmail.com","tesoreria@suragra.com"],"subject":"Resumen Neto Vencido SURAGRA","id":"0101019e4f59a5c8-8e3376b0-ae4a-4a72-81d9-865f58efd9f0-000000","msg":"📎 Correo con logo inline enviado por SES"}
{"level":30,"time":1779447752092,"pid":10632,"hostname":"TS-SURAGRA","to":["ksalazar@greenpack.cl","aracelli@suragra.com","marcoantonio@suragra.com","cinthia@suragra.com","jadcve@gmail.com","tesoreria@suragra.com"],"codIdtSap":"C76213723","msg":"Enviando NETO"}
{"level":30,"time":1779447752406,"pid":10632,"hostname":"TS-SURAGRA","to":["ksalazar@greenpack.cl","aracelli@suragra.com","marcoantonio@suragra.com","cinthia@suragra.com","jadcve@gmail.com","tesoreria@suragra.com"],"cc":["aracelli@suragra.com","marcoantonio@suragra.com","cinthia@suragra.com","jadcve@gmail.com","tesoreria@suragra.com"],"subject":"Resumen Neto Vencido SURAGRA","id":"0101019e4f59e61e-aad10c11-f103-4fe6-932d-e851f30ee0ac-000000","msg":"📎 Correo con logo inline enviado por SES"}
{"level":30,"time":1779447769221,"pid":10632,"hostname":"TS-SURAGRA","to":["pablojohow@yahoo.com","aracelli@suragra.com","marcoantonio@suragra.com","cinthia@suragra.com","jadcve@gmail.com","tesoreria@suragra.com"],"codIdtSap":"C78808520","msg":"Enviando NETO"}
{"level":30,"time":1779447769548,"pid":10632,"hostname":"TS-SURAGRA","to":["pablojohow@yahoo.com","aracelli@suragra.com","marcoantonio@suragra.com","cinthia@suragra.com","jadcve@gmail.com","tesoreria@suragra.com"],"cc":["aracelli@suragra.com","marcoantonio@suragra.com","cinthia@suragra.com","jadcve@gmail.com","tesoreria@suragra.com"],"subject":"Resumen Neto Vencido SURAGRA","id":"0101019e4f5a290a-cab4e7d2-2ab3-47c1-a5df-8d9e7ad9084f-000000","msg":"📎 Correo con logo inline enviado por SES"}
{"level":30,"time":1779447785829,"pid":10632,"hostname":"TS-SURAGRA","to":["mc.gumucio@consultorathinking.com","aracelli@suragra.com","marcoantonio@suragra.com","cinthia@suragra.com","jadcve@gmail.com","tesoreria@suragra.com"],"codIdtSap":"C77350529","msg":"Enviando NETO"}
{"level":30,"time":1779447786142,"pid":10632,"hostname":"TS-SURAGRA","to":["mc.gumucio@consultorathinking.com","aracelli@suragra.com","marcoantonio@suragra.com","cinthia@suragra.com","jadcve@gmail.com","tesoreria@suragra.com"],"cc":["aracelli@suragra.com","marcoantonio@suragra.com","cinthia@suragra.com","jadcve@gmail.com","tesoreria@suragra.com"],"subject":"Resumen Neto Vencido SURAGRA","id":"0101019e4f5a69f1-c6250cee-9984-43f0-83f6-fea607f3b55c-000000","msg":"📎 Correo con logo inline enviado por SES"}
{"level":30,"time":1779447802556,"pid":10632,"hostname":"TS-SURAGRA","to":["plopez@grupodelirio.cl","aracelli@suragra.com","marcoantonio@suragra.com","cinthia@suragra.com","jadcve@gmail.com","tesoreria@suragra.com"],"codIdtSap":"C76101146","msg":"Enviando NETO"}
{"level":30,"time":1779447802876,"pid":10632,"hostname":"TS-SURAGRA","to":["plopez@grupodelirio.cl","aracelli@suragra.com","marcoantonio@suragra.com","cinthia@suragra.com","jadcve@gmail.com","tesoreria@suragra.com"],"cc":["aracelli@suragra.com","marcoantonio@suragra.com","cinthia@suragra.com","jadcve@gmail.com","tesoreria@suragra.com"],"subject":"Resumen Neto Vencido SURAGRA","id":"0101019e4f5aab58-b4343405-80d9-44f0-b101-9482da3e0106-000000","msg":"📎 Correo con logo inline enviado por SES"}
{"level":30,"time":1779447819280,"pid":10632,"hostname":"TS-SURAGRA","to":["fernanda@espejofruits.com","aracelli@suragra.com","marcoantonio@suragra.com","cinthia@suragra.com","jadcve@gmail.com","tesoreria@suragra.com"],"codIdtSap":"C77280637","msg":"Enviando NETO"}
{"level":30,"time":1779447819569,"pid":10632,"hostname":"TS-SURAGRA","to":["fernanda@espejofruits.com","aracelli@suragra.com","marcoantonio@suragra.com","cinthia@suragra.com","jadcve@gmail.com","tesoreria@suragra.com"],"cc":["aracelli@suragra.com","marcoantonio@suragra.com","cinthia@suragra.com","jadcve@gmail.com","tesoreria@suragra.com"],"subject":"Resumen Neto Vencido SURAGRA","id":"0101019e4f5aec8f-6bcc5ae4-dc91-4941-8c68-1bd6daa96355-000000","msg":"📎 Correo con logo inline enviado por SES"}
{"level":30,"time":1779447835965,"pid":10632,"hostname":"TS-SURAGRA","to":["CGONZALEZ@MEYERSA.CL","aracelli@suragra.com","marcoantonio@suragra.com","cinthia@suragra.com","jadcve@gmail.com","tesoreria@suragra.com"],"codIdtSap":"C96688810","msg":"Enviando NETO"}
{"level":30,"time":1779447836251,"pid":10632,"hostname":"TS-SURAGRA","to":["CGONZALEZ@MEYERSA.CL","aracelli@suragra.com","marcoantonio@suragra.com","cinthia@suragra.com","jadcve@gmail.com","tesoreria@suragra.com"],"cc":["aracelli@suragra.com","marcoantonio@suragra.com","cinthia@suragra.com","jadcve@gmail.com","tesoreria@suragra.com"],"subject":"Resumen Neto Vencido SURAGRA","id":"0101019e4f5b2dc0-39d14b0d-e002-4a1d-8ce4-b46943341cac-000000","msg":"📎 Correo con logo inline enviado por SES"}
{"level":30,"time":1779447852924,"pid":10632,"hostname":"TS-SURAGRA","to":["bperez@aguasanta.cl","aracelli@suragra.com","marcoantonio@suragra.com","cinthia@suragra.com","jadcve@gmail.com","tesoreria@suragra.com"],"codIdtSap":"C96647510","msg":"Enviando NETO"}
{"level":30,"time":1779447853214,"pid":10632,"hostname":"TS-SURAGRA","to":["bperez@aguasanta.cl","aracelli@suragra.com","marcoantonio@suragra.com","cinthia@suragra.com","jadcve@gmail.com","tesoreria@suragra.com"],"cc":["aracelli@suragra.com","marcoantonio@suragra.com","cinthia@suragra.com","jadcve@gmail.com","tesoreria@suragra.com"],"subject":"Resumen Neto Vencido SURAGRA","id":"0101019e4f5b7002-1626f18f-3307-4292-a873-1a8168f252c7-000000","msg":"📎 Correo con logo inline enviado por SES"}
{"level":30,"time":1779447869405,"pid":10632,"hostname":"TS-SURAGRA","to":["lpinto@fundolacampana.cl","aracelli@suragra.com","marcoantonio@suragra.com","cinthia@suragra.com","jadcve@gmail.com","tesoreria@suragra.com"],"codIdtSap":"C76979390","msg":"Enviando NETO"}
{"level":30,"time":1779447869701,"pid":10632,"hostname":"TS-SURAGRA","to":["lpinto@fundolacampana.cl","aracelli@suragra.com","marcoantonio@suragra.com","cinthia@suragra.com","jadcve@gmail.com","tesoreria@suragra.com"],"cc":["aracelli@suragra.com","marcoantonio@suragra.com","cinthia@suragra.com","jadcve@gmail.com","tesoreria@suragra.com"],"subject":"Resumen Neto Vencido SURAGRA","id":"0101019e4f5bb05d-ca145092-46cf-439d-97be-85cdd36b2610-000000","msg":"📎 Correo con logo inline enviado por SES"}
{"level":30,"time":1779447885947,"pid":10632,"hostname":"TS-SURAGRA","to":["JCORTEZ@GROUPVALLEY.CL","aracelli@suragra.com","marcoantonio@suragra.com","cinthia@suragra.com","jadcve@gmail.com","tesoreria@suragra.com"],"codIdtSap":"C76885621","msg":"Enviando NETO"}
{"level":30,"time":1779447886238,"pid":10632,"hostname":"TS-SURAGRA","to":["JCORTEZ@GROUPVALLEY.CL","aracelli@suragra.com","marcoantonio@suragra.com","cinthia@suragra.com","jadcve@gmail.com","tesoreria@suragra.com"],"cc":["aracelli@suragra.com","marcoantonio@suragra.com","cinthia@suragra.com","jadcve@gmail.com","tesoreria@suragra.com"],"subject":"Resumen Neto Vencido SURAGRA","id":"0101019e4f5bf103-82d4f076-c619-4c9c-8b73-c6b7acbbdcd6-000000","msg":"📎 Correo con logo inline enviado por SES"}
{"level":30,"time":1779447902699,"pid":10632,"hostname":"TS-SURAGRA","to":["naedo@fieldsfruits.com","aracelli@suragra.com","marcoantonio@suragra.com","cinthia@suragra.com","jadcve@gmail.com","tesoreria@suragra.com"],"codIdtSap":"C76304361","msg":"Enviando NETO"}
{"level":30,"time":1779447902999,"pid":10632,"hostname":"TS-SURAGRA","to":["naedo@fieldsfruits.com","aracelli@suragra.com","marcoantonio@suragra.com","cinthia@suragra.com","jadcve@gmail.com","tesoreria@suragra.com"],"cc":["aracelli@suragra.com","marcoantonio@suragra.com","cinthia@suragra.com","jadcve@gmail.com","tesoreria@suragra.com"],"subject":"Resumen Neto Vencido SURAGRA","id":"0101019e4f5c3271-0d8f71ae-bf98-484d-9c56-f5c9abdb14f8-000000","msg":"📎 Correo con logo inline enviado por SES"}
{"level":30,"time":1779447919740,"pid":10632,"hostname":"TS-SURAGRA","to":["jcastro@geofrut.cl","aracelli@suragra.com","marcoantonio@suragra.com","cinthia@suragra.com","jadcve@gmail.com","tesoreria@suragra.com"],"codIdtSap":"C96609410","msg":"Enviando NETO"}
{"level":30,"time":1779447920044,"pid":10632,"hostname":"TS-SURAGRA","to":["jcastro@geofrut.cl","aracelli@suragra.com","marcoantonio@suragra.com","cinthia@suragra.com","jadcve@gmail.com","tesoreria@suragra.com"],"cc":["aracelli@suragra.com","marcoantonio@suragra.com","cinthia@suragra.com","jadcve@gmail.com","tesoreria@suragra.com"],"subject":"Resumen Neto Vencido SURAGRA","id":"0101019e4f5c74fe-00f6d62a-4f4e-4bf8-8aad-b994f9ebf094-000000","msg":"📎 Correo con logo inline enviado por SES"}
{"level":30,"time":1779447936244,"pid":10632,"hostname":"TS-SURAGRA","to":["paula.munoz@santa-rosario.com","aracelli@suragra.com","marcoantonio@suragra.com","cinthia@suragra.com","jadcve@gmail.com","tesoreria@suragra.com"],"codIdtSap":"C77757654","msg":"Enviando NETO"}
{"level":30,"time":1779447936515,"pid":10632,"hostname":"TS-SURAGRA","to":["paula.munoz@santa-rosario.com","aracelli@suragra.com","marcoantonio@suragra.com","cinthia@suragra.com","jadcve@gmail.com","tesoreria@suragra.com"],"cc":["aracelli@suragra.com","marcoantonio@suragra.com","cinthia@suragra.com","jadcve@gmail.com","tesoreria@suragra.com"],"subject":"Resumen Neto Vencido SURAGRA","id":"0101019e4f5cb565-89805821-f670-4dd3-8c65-4134fbc4a801-000000","msg":"📎 Correo con logo inline enviado por SES"}
{"level":30,"time":1779447952826,"pid":10632,"hostname":"TS-SURAGRA","to":["frojas@norfrut.cl","aracelli@suragra.com","marcoantonio@suragra.com","cinthia@suragra.com","jadcve@gmail.com","tesoreria@suragra.com"],"codIdtSap":"C76056132","msg":"Enviando NETO"}
{"level":30,"time":1779447953132,"pid":10632,"hostname":"TS-SURAGRA","to":["frojas@norfrut.cl","aracelli@suragra.com","marcoantonio@suragra.com","cinthia@suragra.com","jadcve@gmail.com","tesoreria@suragra.com"],"cc":["aracelli@suragra.com","marcoantonio@suragra.com","cinthia@suragra.com","jadcve@gmail.com","tesoreria@suragra.com"],"subject":"Resumen Neto Vencido SURAGRA","id":"0101019e4f5cf63d-ca85877c-bd46-4dc3-a261-663f0e3d1827-000000","msg":"📎 Correo con logo inline enviado por SES"}
{"level":30,"time":1779447969368,"pid":10632,"hostname":"TS-SURAGRA","to":["ALEJANDRASM@QUINTAYFRUIT.CL","aracelli@suragra.com","marcoantonio@suragra.com","cinthia@suragra.com","jadcve@gmail.com","tesoreria@suragra.com"],"codIdtSap":"C99578700","msg":"Enviando NETO"}
{"level":30,"time":1779447969662,"pid":10632,"hostname":"TS-SURAGRA","to":["ALEJANDRASM@QUINTAYFRUIT.CL","aracelli@suragra.com","marcoantonio@suragra.com","cinthia@suragra.com","jadcve@gmail.com","tesoreria@suragra.com"],"cc":["aracelli@suragra.com","marcoantonio@suragra.com","cinthia@suragra.com","jadcve@gmail.com","tesoreria@suragra.com"],"subject":"Resumen Neto Vencido SURAGRA","id":"0101019e4f5d36dd-4912d4e5-36be-4010-82d7-8e16bbb44546-000000","msg":"📎 Correo con logo inline enviado por SES"}
{"level":30,"time":1779447985833,"pid":10632,"hostname":"TS-SURAGRA","to":["storo@upacfruit.com","aracelli@suragra.com","marcoantonio@suragra.com","cinthia@suragra.com","jadcve@gmail.com","tesoreria@suragra.com"],"codIdtSap":"C76738610","msg":"Enviando NETO"}
{"level":30,"time":1779447986114,"pid":10632,"hostname":"TS-SURAGRA","to":["storo@upacfruit.com","aracelli@suragra.com","marcoantonio@suragra.com","cinthia@suragra.com","jadcve@gmail.com","tesoreria@suragra.com"],"cc":["aracelli@suragra.com","marcoantonio@suragra.com","cinthia@suragra.com","jadcve@gmail.com","tesoreria@suragra.com"],"subject":"Resumen Neto Vencido SURAGRA","id":"0101019e4f5d7719-11e487b6-2a86-4711-9acd-8eb8b40465fb-000000","msg":"📎 Correo con logo inline enviado por SES"}
{"level":30,"time":1779448002206,"pid":10632,"hostname":"TS-SURAGRA","to":["nibaldo@frioromeral.cl","aracelli@suragra.com","marcoantonio@suragra.com","cinthia@suragra.com","jadcve@gmail.com","tesoreria@suragra.com"],"codIdtSap":"C76053250","msg":"Enviando NETO"}
{"level":30,"time":1779448002524,"pid":10632,"hostname":"TS-SURAGRA","to":["nibaldo@frioromeral.cl","aracelli@suragra.com","marcoantonio@suragra.com","cinthia@suragra.com","jadcve@gmail.com","tesoreria@suragra.com"],"cc":["aracelli@suragra.com","marcoantonio@suragra.com","cinthia@suragra.com","jadcve@gmail.com","tesoreria@suragra.com"],"subject":"Resumen Neto Vencido SURAGRA","id":"0101019e4f5db726-a2db358c-1b68-41fe-b6d8-a3fed1fc1773-000000","msg":"📎 Correo con logo inline enviado por SES"}
{"level":30,"time":1779448018652,"pid":10632,"hostname":"TS-SURAGRA","to":["adquisicionescarsal@gmail.com","aracelli@suragra.com","marcoantonio@suragra.com","cinthia@suragra.com","jadcve@gmail.com","tesoreria@suragra.com"],"codIdtSap":"C78557210","msg":"Enviando NETO"}
{"level":30,"time":1779448018937,"pid":10632,"hostname":"TS-SURAGRA","to":["adquisicionescarsal@gmail.com","aracelli@suragra.com","marcoantonio@suragra.com","cinthia@suragra.com","jadcve@gmail.com","tesoreria@suragra.com"],"cc":["aracelli@suragra.com","marcoantonio@suragra.com","cinthia@suragra.com","jadcve@gmail.com","tesoreria@suragra.com"],"subject":"Resumen Neto Vencido SURAGRA","id":"0101019e4f5df760-962f8715-e1b4-4336-a3df-4c3dbc60a5dc-000000","msg":"📎 Correo con logo inline enviado por SES"}
{"level":30,"time":1779448035255,"pid":10632,"hostname":"TS-SURAGRA","to":["miguel.marquez@provalle.com","aracelli@suragra.com","marcoantonio@suragra.com","cinthia@suragra.com","jadcve@gmail.com","tesoreria@suragra.com"],"codIdtSap":"C99546180","msg":"Enviando NETO"}
{"level":30,"time":1779448035572,"pid":10632,"hostname":"TS-SURAGRA","to":["miguel.marquez@provalle.com","aracelli@suragra.com","marcoantonio@suragra.com","cinthia@suragra.com","jadcve@gmail.com","tesoreria@suragra.com"],"cc":["aracelli@suragra.com","marcoantonio@suragra.com","cinthia@suragra.com","jadcve@gmail.com","tesoreria@suragra.com"],"subject":"Resumen Neto Vencido SURAGRA","id":"0101019e4f5e3838-ee584118-6284-4a0e-a5da-2f50407f7a40-000000","msg":"📎 Correo con logo inline enviado por SES"}
{"level":30,"time":1779448052052,"pid":10632,"hostname":"TS-SURAGRA","to":["brevismanuel@gmail.com","aracelli@suragra.com","marcoantonio@suragra.com","cinthia@suragra.com","jadcve@gmail.com","tesoreria@suragra.com"],"codIdtSap":"C77149620","msg":"Enviando NETO"}
{"level":30,"time":1779448052344,"pid":10632,"hostname":"TS-SURAGRA","to":["brevismanuel@gmail.com","aracelli@suragra.com","marcoantonio@suragra.com","cinthia@suragra.com","jadcve@gmail.com","tesoreria@suragra.com"],"cc":["aracelli@suragra.com","marcoantonio@suragra.com","cinthia@suragra.com","jadcve@gmail.com","tesoreria@suragra.com"],"subject":"Resumen Neto Vencido SURAGRA","id":"0101019e4f5e79d4-9e0ef9ed-55dd-4267-b961-7c3c939dfbd1-000000","msg":"📎 Correo con logo inline enviado por SES"}
{"level":30,"time":1779448068809,"pid":10632,"hostname":"TS-SURAGRA","to":["ypinto@verfrut.cl","aracelli@suragra.com","marcoantonio@suragra.com","cinthia@suragra.com","jadcve@gmail.com","tesoreria@suragra.com"],"codIdtSap":"C78029510","msg":"Enviando NETO"}
{"level":30,"time":1779448069106,"pid":10632,"hostname":"TS-SURAGRA","to":["ypinto@verfrut.cl","aracelli@suragra.com","marcoantonio@suragra.com","cinthia@suragra.com","jadcve@gmail.com","tesoreria@suragra.com"],"cc":["aracelli@suragra.com","marcoantonio@suragra.com","cinthia@suragra.com","jadcve@gmail.com","tesoreria@suragra.com"],"subject":"Resumen Neto Vencido SURAGRA","id":"0101019e4f5ebb4c-728160e4-113b-4afd-869f-02d8ba03bf42-000000","msg":"📎 Correo con logo inline enviado por SES"}
{"level":30,"time":1779448085407,"pid":10632,"hostname":"TS-SURAGRA","to":["cbarrera@zurgroup.cl","aracelli@suragra.com","marcoantonio@suragra.com","cinthia@suragra.com","jadcve@gmail.com","tesoreria@suragra.com"],"codIdtSap":"C761625829","msg":"Enviando NETO"}
{"level":30,"time":1779448085710,"pid":10632,"hostname":"TS-SURAGRA","to":["cbarrera@zurgroup.cl","aracelli@suragra.com","marcoantonio@suragra.com","cinthia@suragra.com","jadcve@gmail.com","tesoreria@suragra.com"],"cc":["aracelli@suragra.com","marcoantonio@suragra.com","cinthia@suragra.com","jadcve@gmail.com","tesoreria@suragra.com"],"subject":"Resumen Neto Vencido SURAGRA","id":"0101019e4f5efc27-712bd59b-a25c-4b62-bcf1-135aaa1e1742-000000","msg":"📎 Correo con logo inline enviado por SES"}
{"level":30,"time":1779448085713,"pid":10632,"hostname":"TS-SURAGRA","job":"NETO","msg":"job done"}
{"level":50,"time":1779508500650,"pid":10632,"hostname":"TS-SURAGRA","job":"HEARTBEAT","err":"sendEmail is not defined","msg":"Heartbeat failed"}
{"level":50,"time":1779594900651,"pid":10632,"hostname":"TS-SURAGRA","job":"HEARTBEAT","err":"sendEmail is not defined","msg":"Heartbeat failed"}
{"level":50,"time":1779681300646,"pid":10632,"hostname":"TS-SURAGRA","job":"HEARTBEAT","err":"sendEmail is not defined","msg":"Heartbeat failed"}
{"level":50,"time":1779767700651,"pid":10632,"hostname":"TS-SURAGRA","job":"HEARTBEAT","err":"sendEmail is not defined","msg":"Heartbeat failed"}
{"level":50,"time":1779854100655,"pid":10632,"hostname":"TS-SURAGRA","job":"HEARTBEAT","err":"sendEmail is not defined","msg":"Heartbeat failed"}
{"level":50,"time":1779940500662,"pid":10632,"hostname":"TS-SURAGRA","job":"HEARTBEAT","err":"sendEmail is not defined","msg":"Heartbeat failed"}
{"level":50,"time":1780026900663,"pid":10632,"hostname":"TS-SURAGRA","job":"HEARTBEAT","err":"sendEmail is not defined","msg":"Heartbeat failed"}
{"level":30,"time":1780052400861,"pid":10632,"hostname":"TS-SURAGRA","subject":"Resumen Neto Vencido","msg":"Template cargado"}
{"level":30,"time":1780052427847,"pid":10632,"hostname":"TS-SURAGRA","to":["ADQUISICIONES@CRANA.CL","aracelli@suragra.com","marcoantonio@suragra.com","cinthia@suragra.com","jadcve@gmail.com","tesoreria@suragra.com"],"codIdtSap":"C79650240","msg":"Enviando NETO"}
{"level":30,"time":1780052428693,"pid":10632,"hostname":"TS-SURAGRA","to":["ADQUISICIONES@CRANA.CL","aracelli@suragra.com","marcoantonio@suragra.com","cinthia@suragra.com","jadcve@gmail.com","tesoreria@suragra.com"],"cc":["aracelli@suragra.com","marcoantonio@suragra.com","cinthia@suragra.com","jadcve@gmail.com","tesoreria@suragra.com"],"subject":"Resumen Neto Vencido SURAGRA","id":"0101019e736486f4-e9b23b72-ab85-4ec4-be6b-99427ec0f4fe-000000","msg":"📎 Correo con logo inline enviado por SES"}
{"level":30,"time":1780052445300,"pid":10632,"hostname":"TS-SURAGRA","to":["ATREJO@QTG.CL","aracelli@suragra.com","marcoantonio@suragra.com","cinthia@suragra.com","jadcve@gmail.com","tesoreria@suragra.com"],"codIdtSap":"C76633540","msg":"Enviando NETO"}
{"level":30,"time":1780052445595,"pid":10632,"hostname":"TS-SURAGRA","to":["ATREJO@QTG.CL","aracelli@suragra.com","marcoantonio@suragra.com","cinthia@suragra.com","jadcve@gmail.com","tesoreria@suragra.com"],"cc":["aracelli@suragra.com","marcoantonio@suragra.com","cinthia@suragra.com","jadcve@gmail.com","tesoreria@suragra.com"],"subject":"Resumen Neto Vencido SURAGRA","id":"0101019e7364c8fa-0382cf1c-a19c-47f0-a822-d0eb8d68dae4-000000","msg":"📎 Correo con logo inline enviado por SES"}
{"level":30,"time":1780052462024,"pid":10632,"hostname":"TS-SURAGRA","to":["fcm@johnsonfruit.cl","aracelli@suragra.com","marcoantonio@suragra.com","cinthia@suragra.com","jadcve@gmail.com","tesoreria@suragra.com"],"codIdtSap":"C77341510","msg":"Enviando NETO"}
{"level":30,"time":1780052462302,"pid":10632,"hostname":"TS-SURAGRA","to":["fcm@johnsonfruit.cl","aracelli@suragra.com","marcoantonio@suragra.com","cinthia@suragra.com","jadcve@gmail.com","tesoreria@suragra.com"],"cc":["aracelli@suragra.com","marcoantonio@suragra.com","cinthia@suragra.com","jadcve@gmail.com","tesoreria@suragra.com"],"subject":"Resumen Neto Vencido SURAGRA","id":"0101019e73650a4a-af0be345-0a80-480e-9e1f-fef9c5350e3b-000000","msg":"📎 Correo con logo inline enviado por SES"}
{"level":30,"time":1780052478745,"pid":10632,"hostname":"TS-SURAGRA","to":["Hercanagrolimitada.export@gmail.com","aracelli@suragra.com","marcoantonio@suragra.com","cinthia@suragra.com","jadcve@gmail.com","tesoreria@suragra.com"],"codIdtSap":"C76573605","msg":"Enviando NETO"}
{"level":30,"time":1780052479032,"pid":10632,"hostname":"TS-SURAGRA","to":["Hercanagrolimitada.export@gmail.com","aracelli@suragra.com","marcoantonio@suragra.com","cinthia@suragra.com","jadcve@gmail.com","tesoreria@suragra.com"],"cc":["aracelli@suragra.com","marcoantonio@suragra.com","cinthia@suragra.com","jadcve@gmail.com","tesoreria@suragra.com"],"subject":"Resumen Neto Vencido SURAGRA","id":"0101019e73654b9b-ccd20b77-8c3c-4d54-8397-ac54ed3e133e-000000","msg":"📎 Correo con logo inline enviado por SES"}
{"level":30,"time":1780052495379,"pid":10632,"hostname":"TS-SURAGRA","to":["alfredochimenti@gmail.com","aracelli@suragra.com","marcoantonio@suragra.com","cinthia@suragra.com","jadcve@gmail.com","tesoreria@suragra.com"],"codIdtSap":"C4344518","msg":"Enviando NETO"}
{"level":30,"time":1780052495719,"pid":10632,"hostname":"TS-SURAGRA","to":["alfredochimenti@gmail.com","aracelli@suragra.com","marcoantonio@suragra.com","cinthia@suragra.com","jadcve@gmail.com","tesoreria@suragra.com"],"cc":["aracelli@suragra.com","marcoantonio@suragra.com","cinthia@suragra.com","jadcve@gmail.com","tesoreria@suragra.com"],"subject":"Resumen Neto Vencido SURAGRA","id":"0101019e73658c8b-e3a12f50-4b8f-4579-b914-a662609c2fa6-000000","msg":"📎 Correo con logo inline enviado por SES"}
{"level":30,"time":1780052512123,"pid":10632,"hostname":"TS-SURAGRA","to":["aracelli@suragra.com","marcoantonio@suragra.com","cinthia@suragra.com","jadcve@gmail.com","tesoreria@suragra.com"],"codIdtSap":"C77739754","msg":"Enviando NETO"}
{"level":30,"time":1780052512403,"pid":10632,"hostname":"TS-SURAGRA","to":["aracelli@suragra.com","marcoantonio@suragra.com","cinthia@suragra.com","jadcve@gmail.com","tesoreria@suragra.com"],"cc":["aracelli@suragra.com","marcoantonio@suragra.com","cinthia@suragra.com","jadcve@gmail.com","tesoreria@suragra.com"],"subject":"Resumen Neto Vencido SURAGRA","id":"0101019e7365cdfb-ceb6b2fd-0b2c-4710-8585-c6c6ac8da562-000000","msg":"📎 Correo con logo inline enviado por SES"}
{"level":30,"time":1780052529995,"pid":10632,"hostname":"TS-SURAGRA","to":["FRANCISCO@ANDESBHUMI.COM","aracelli@suragra.com","marcoantonio@suragra.com","cinthia@suragra.com","jadcve@gmail.com","tesoreria@suragra.com"],"codIdtSap":"C77114643","msg":"Enviando NETO"}
{"level":30,"time":1780052530282,"pid":10632,"hostname":"TS-SURAGRA","to":["FRANCISCO@ANDESBHUMI.COM","aracelli@suragra.com","marcoantonio@suragra.com","cinthia@suragra.com","jadcve@gmail.com","tesoreria@suragra.com"],"cc":["aracelli@suragra.com","marcoantonio@suragra.com","cinthia@suragra.com","jadcve@gmail.com","tesoreria@suragra.com"],"subject":"Resumen Neto Vencido SURAGRA","id":"0101019e736613ca-ab1b0538-ba6e-4577-baa5-b1f5aca84baa-000000","msg":"📎 Correo con logo inline enviado por SES"}
{"level":30,"time":1780052548477,"pid":10632,"hostname":"TS-SURAGRA","to":["ADMINISTRACION@CMXGROUP.NET","aracelli@suragra.com","marcoantonio@suragra.com","cinthia@suragra.com","jadcve@gmail.com","tesoreria@suragra.com"],"codIdtSap":"C76446121","msg":"Enviando NETO"}
{"level":30,"time":1780052548783,"pid":10632,"hostname":"TS-SURAGRA","to":["ADMINISTRACION@CMXGROUP.NET","aracelli@suragra.com","marcoantonio@suragra.com","cinthia@suragra.com","jadcve@gmail.com","tesoreria@suragra.com"],"cc":["aracelli@suragra.com","marcoantonio@suragra.com","cinthia@suragra.com","jadcve@gmail.com","tesoreria@suragra.com"],"subject":"Resumen Neto Vencido SURAGRA","id":"0101019e73665bfc-2b6d3d88-0d2e-4720-848c-297e3fcacd53-000000","msg":"📎 Correo con logo inline enviado por SES"}
{"level":30,"time":1780052565815,"pid":10632,"hostname":"TS-SURAGRA","to":["alopez@elcaminospa.cl","aracelli@suragra.com","marcoantonio@suragra.com","cinthia@suragra.com","jadcve@gmail.com","tesoreria@suragra.com"],"codIdtSap":"C76180781","msg":"Enviando NETO"}
{"level":30,"time":1780052566047,"pid":10632,"hostname":"TS-SURAGRA","to":["alopez@elcaminospa.cl","aracelli@suragra.com","marcoantonio@suragra.com","cinthia@suragra.com","jadcve@gmail.com","tesoreria@suragra.com"],"cc":["aracelli@suragra.com","marcoantonio@suragra.com","cinthia@suragra.com","jadcve@gmail.com","tesoreria@suragra.com"],"subject":"Resumen Neto Vencido SURAGRA","id":"0101019e73669f9d-f7134781-7210-4fe5-8a05-0d70a39288d5-000000","msg":"📎 Correo con logo inline enviado por SES"}
{"level":30,"time":1780052582991,"pid":10632,"hostname":"TS-SURAGRA","to":["ksalazar@greenpack.cl","aracelli@suragra.com","marcoantonio@suragra.com","cinthia@suragra.com","jadcve@gmail.com","tesoreria@suragra.com"],"codIdtSap":"C76213723","msg":"Enviando NETO"}
{"level":30,"time":1780052583283,"pid":10632,"hostname":"TS-SURAGRA","to":["ksalazar@greenpack.cl","aracelli@suragra.com","marcoantonio@suragra.com","cinthia@suragra.com","jadcve@gmail.com","tesoreria@suragra.com"],"cc":["aracelli@suragra.com","marcoantonio@suragra.com","cinthia@suragra.com","jadcve@gmail.com","tesoreria@suragra.com"],"subject":"Resumen Neto Vencido SURAGRA","id":"0101019e7366e2cf-8091a882-de15-44ae-b4fd-e7056611ee1d-000000","msg":"📎 Correo con logo inline enviado por SES"}
{"level":30,"time":1780052600157,"pid":10632,"hostname":"TS-SURAGRA","to":["pablojohow@yahoo.com","aracelli@suragra.com","marcoantonio@suragra.com","cinthia@suragra.com","jadcve@gmail.com","tesoreria@suragra.com"],"codIdtSap":"C78808520","msg":"Enviando NETO"}
{"level":30,"time":1780052600451,"pid":10632,"hostname":"TS-SURAGRA","to":["pablojohow@yahoo.com","aracelli@suragra.com","marcoantonio@suragra.com","cinthia@suragra.com","jadcve@gmail.com","tesoreria@suragra.com"],"cc":["aracelli@suragra.com","marcoantonio@suragra.com","cinthia@suragra.com","jadcve@gmail.com","tesoreria@suragra.com"],"subject":"Resumen Neto Vencido SURAGRA","id":"0101019e736725dd-4e0b4482-aced-4a97-aa75-3247c6f05ff0-000000","msg":"📎 Correo con logo inline enviado por SES"}
{"level":30,"time":1780052616956,"pid":10632,"hostname":"TS-SURAGRA","to":["ALAN@CFSM.CL","aracelli@suragra.com","marcoantonio@suragra.com","cinthia@suragra.com","jadcve@gmail.com","tesoreria@suragra.com"],"codIdtSap":"C96567890","msg":"Enviando NETO"}
{"level":30,"time":1780052617244,"pid":10632,"hostname":"TS-SURAGRA","to":["ALAN@CFSM.CL","aracelli@suragra.com","marcoantonio@suragra.com","cinthia@suragra.com","jadcve@gmail.com","tesoreria@suragra.com"],"cc":["aracelli@suragra.com","marcoantonio@suragra.com","cinthia@suragra.com","jadcve@gmail.com","tesoreria@suragra.com"],"subject":"Resumen Neto Vencido SURAGRA","id":"0101019e7367677f-384329da-e508-443e-a99e-7ac4bab95bb9-000000","msg":"📎 Correo con logo inline enviado por SES"}
{"level":30,"time":1780052633520,"pid":10632,"hostname":"TS-SURAGRA","to":["mc.gumucio@consultorathinking.com","aracelli@suragra.com","marcoantonio@suragra.com","cinthia@suragra.com","jadcve@gmail.com","tesoreria@suragra.com"],"codIdtSap":"C77350529","msg":"Enviando NETO"}
{"level":30,"time":1780052633832,"pid":10632,"hostname":"TS-SURAGRA","to":["mc.gumucio@consultorathinking.com","aracelli@suragra.com","marcoantonio@suragra.com","cinthia@suragra.com","jadcve@gmail.com","tesoreria@suragra.com"],"cc":["aracelli@suragra.com","marcoantonio@suragra.com","cinthia@suragra.com","jadcve@gmail.com","tesoreria@suragra.com"],"subject":"Resumen Neto Vencido SURAGRA","id":"0101019e7367a834-bd782542-957b-4646-93ff-6f5ec846b1cf-000000","msg":"📎 Correo con logo inline enviado por SES"}
{"level":30,"time":1780052650239,"pid":10632,"hostname":"TS-SURAGRA","to":["plopez@grupodelirio.cl","aracelli@suragra.com","marcoantonio@suragra.com","cinthia@suragra.com","jadcve@gmail.com","tesoreria@suragra.com"],"codIdtSap":"C76101146","msg":"Enviando NETO"}
{"level":30,"time":1780052650533,"pid":10632,"hostname":"TS-SURAGRA","to":["plopez@grupodelirio.cl","aracelli@suragra.com","marcoantonio@suragra.com","cinthia@suragra.com","jadcve@gmail.com","tesoreria@suragra.com"],"cc":["aracelli@suragra.com","marcoantonio@suragra.com","cinthia@suragra.com","jadcve@gmail.com","tesoreria@suragra.com"],"subject":"Resumen Neto Vencido SURAGRA","id":"0101019e7367e97d-d1e68b36-e0a5-49c9-a7af-33e94075b13a-000000","msg":"📎 Correo con logo inline enviado por SES"}
{"level":30,"time":1780052666975,"pid":10632,"hostname":"TS-SURAGRA","to":["fernanda@espejofruits.com","aracelli@suragra.com","marcoantonio@suragra.com","cinthia@suragra.com","jadcve@gmail.com","tesoreria@suragra.com"],"codIdtSap":"C77280637","msg":"Enviando NETO"}
{"level":30,"time":1780052667270,"pid":10632,"hostname":"TS-SURAGRA","to":["fernanda@espejofruits.com","aracelli@suragra.com","marcoantonio@suragra.com","cinthia@suragra.com","jadcve@gmail.com","tesoreria@suragra.com"],"cc":["aracelli@suragra.com","marcoantonio@suragra.com","cinthia@suragra.com","jadcve@gmail.com","tesoreria@suragra.com"],"subject":"Resumen Neto Vencido SURAGRA","id":"0101019e73682add-ed8e826b-53bd-4112-895a-25d3d43b0535-000000","msg":"📎 Correo con logo inline enviado por SES"}
{"level":30,"time":1780052683788,"pid":10632,"hostname":"TS-SURAGRA","to":["bperez@aguasanta.cl","aracelli@suragra.com","marcoantonio@suragra.com","cinthia@suragra.com","jadcve@gmail.com","tesoreria@suragra.com"],"codIdtSap":"C96647510","msg":"Enviando NETO"}
{"level":30,"time":1780052684073,"pid":10632,"hostname":"TS-SURAGRA","to":["bperez@aguasanta.cl","aracelli@suragra.com","marcoantonio@suragra.com","cinthia@suragra.com","jadcve@gmail.com","tesoreria@suragra.com"],"cc":["aracelli@suragra.com","marcoantonio@suragra.com","cinthia@suragra.com","jadcve@gmail.com","tesoreria@suragra.com"],"subject":"Resumen Neto Vencido SURAGRA","id":"0101019e73686c8f-c15df020-6f2d-450d-9225-21447a8dea76-000000","msg":"📎 Correo con logo inline enviado por SES"}
{"level":30,"time":1780052700441,"pid":10632,"hostname":"TS-SURAGRA","to":["lpinto@fundolacampana.cl","aracelli@suragra.com","marcoantonio@suragra.com","cinthia@suragra.com","jadcve@gmail.com","tesoreria@suragra.com"],"codIdtSap":"C76979390","msg":"Enviando NETO"}
{"level":30,"time":1780052700714,"pid":10632,"hostname":"TS-SURAGRA","to":["lpinto@fundolacampana.cl","aracelli@suragra.com","marcoantonio@suragra.com","cinthia@suragra.com","jadcve@gmail.com","tesoreria@suragra.com"],"cc":["aracelli@suragra.com","marcoantonio@suragra.com","cinthia@suragra.com","jadcve@gmail.com","tesoreria@suragra.com"],"subject":"Resumen Neto Vencido SURAGRA","id":"0101019e7368ad9a-36ce6a13-5b0b-4af9-a536-bfa1f2e89499-000000","msg":"📎 Correo con logo inline enviado por SES"}
{"level":30,"time":1780052717743,"pid":10632,"hostname":"TS-SURAGRA","to":["JCORTEZ@GROUPVALLEY.CL","aracelli@suragra.com","marcoantonio@suragra.com","cinthia@suragra.com","jadcve@gmail.com","tesoreria@suragra.com"],"codIdtSap":"C76885621","msg":"Enviando NETO"}
{"level":30,"time":1780052718022,"pid":10632,"hostname":"TS-SURAGRA","to":["JCORTEZ@GROUPVALLEY.CL","aracelli@suragra.com","marcoantonio@suragra.com","cinthia@suragra.com","jadcve@gmail.com","tesoreria@suragra.com"],"cc":["aracelli@suragra.com","marcoantonio@suragra.com","cinthia@suragra.com","jadcve@gmail.com","tesoreria@suragra.com"],"subject":"Resumen Neto Vencido SURAGRA","id":"0101019e7368f12c-c7a80669-d205-4fd5-bf9b-52e78e3c8c29-000000","msg":"📎 Correo con logo inline enviado por SES"}
{"level":30,"time":1780052734826,"pid":10632,"hostname":"TS-SURAGRA","to":["naedo@fieldsfruits.com","aracelli@suragra.com","marcoantonio@suragra.com","cinthia@suragra.com","jadcve@gmail.com","tesoreria@suragra.com"],"codIdtSap":"C76304361","msg":"Enviando NETO"}
{"level":30,"time":1780052735114,"pid":10632,"hostname":"TS-SURAGRA","to":["naedo@fieldsfruits.com","aracelli@suragra.com","marcoantonio@suragra.com","cinthia@suragra.com","jadcve@gmail.com","tesoreria@suragra.com"],"cc":["aracelli@suragra.com","marcoantonio@suragra.com","cinthia@suragra.com","jadcve@gmail.com","tesoreria@suragra.com"],"subject":"Resumen Neto Vencido SURAGRA","id":"0101019e736933e9-e1bf7278-feb9-4d51-8ddf-f5d282e91930-000000","msg":"📎 Correo con logo inline enviado por SES"}
{"level":30,"time":1780052751677,"pid":10632,"hostname":"TS-SURAGRA","to":["CPEREZ@FMSCO.CL","aracelli@suragra.com","marcoantonio@suragra.com","cinthia@suragra.com","jadcve@gmail.com","tesoreria@suragra.com"],"codIdtSap":"c76797699","msg":"Enviando NETO"}
{"level":30,"time":1780052751984,"pid":10632,"hostname":"TS-SURAGRA","to":["CPEREZ@FMSCO.CL","aracelli@suragra.com","marcoantonio@suragra.com","cinthia@suragra.com","jadcve@gmail.com","tesoreria@suragra.com"],"cc":["aracelli@suragra.com","marcoantonio@suragra.com","cinthia@suragra.com","jadcve@gmail.com","tesoreria@suragra.com"],"subject":"Resumen Neto Vencido SURAGRA","id":"0101019e736975bb-e2035bbc-8840-4cd8-98ed-a4c78fac6041-000000","msg":"📎 Correo con logo inline enviado por SES"}
{"level":30,"time":1780052768568,"pid":10632,"hostname":"TS-SURAGRA","to":["jcastro@geofrut.cl","aracelli@suragra.com","marcoantonio@suragra.com","cinthia@suragra.com","jadcve@gmail.com","tesoreria@suragra.com"],"codIdtSap":"C96609410","msg":"Enviando NETO"}
{"level":30,"time":1780052768862,"pid":10632,"hostname":"TS-SURAGRA","to":["jcastro@geofrut.cl","aracelli@suragra.com","marcoantonio@suragra.com","cinthia@suragra.com","jadcve@gmail.com","tesoreria@suragra.com"],"cc":["aracelli@suragra.com","marcoantonio@suragra.com","cinthia@suragra.com","jadcve@gmail.com","tesoreria@suragra.com"],"subject":"Resumen Neto Vencido SURAGRA","id":"0101019e7369b7b6-5f2eb51c-2bf7-400f-8529-77cca65e4298-000000","msg":"📎 Correo con logo inline enviado por SES"}
{"level":30,"time":1780052785402,"pid":10632,"hostname":"TS-SURAGRA","to":["paula.munoz@santa-rosario.com","aracelli@suragra.com","marcoantonio@suragra.com","cinthia@suragra.com","jadcve@gmail.com","tesoreria@suragra.com"],"codIdtSap":"C77757654","msg":"Enviando NETO"}
{"level":30,"time":1780052785713,"pid":10632,"hostname":"TS-SURAGRA","to":["paula.munoz@santa-rosario.com","aracelli@suragra.com","marcoantonio@suragra.com","cinthia@suragra.com","jadcve@gmail.com","tesoreria@suragra.com"],"cc":["aracelli@suragra.com","marcoantonio@suragra.com","cinthia@suragra.com","jadcve@gmail.com","tesoreria@suragra.com"],"subject":"Resumen Neto Vencido SURAGRA","id":"0101019e7369f979-d4bb5374-2b1a-4350-bc31-9fb025bd74e5-000000","msg":"📎 Correo con logo inline enviado por SES"}
{"level":30,"time":1780052802021,"pid":10632,"hostname":"TS-SURAGRA","to":["ALEJANDRASM@QUINTAYFRUIT.CL","aracelli@suragra.com","marcoantonio@suragra.com","cinthia@suragra.com","jadcve@gmail.com","tesoreria@suragra.com"],"codIdtSap":"C99578700","msg":"Enviando NETO"}
{"level":30,"time":1780052802332,"pid":10632,"hostname":"TS-SURAGRA","to":["ALEJANDRASM@QUINTAYFRUIT.CL","aracelli@suragra.com","marcoantonio@suragra.com","cinthia@suragra.com","jadcve@gmail.com","tesoreria@suragra.com"],"cc":["aracelli@suragra.com","marcoantonio@suragra.com","cinthia@suragra.com","jadcve@gmail.com","tesoreria@suragra.com"],"subject":"Resumen Neto Vencido SURAGRA","id":"0101019e736a3a64-9682f6c0-5817-4650-a868-4ff8bbfbfe43-000000","msg":"📎 Correo con logo inline enviado por SES"}
{"level":30,"time":1780052818722,"pid":10632,"hostname":"TS-SURAGRA","to":["maria.nahuel@geexsa.com","aracelli@suragra.com","marcoantonio@suragra.com","cinthia@suragra.com","jadcve@gmail.com","tesoreria@suragra.com"],"codIdtSap":"C96867620","msg":"Enviando NETO"}
{"level":30,"time":1780052819005,"pid":10632,"hostname":"TS-SURAGRA","to":["maria.nahuel@geexsa.com","aracelli@suragra.com","marcoantonio@suragra.com","cinthia@suragra.com","jadcve@gmail.com","tesoreria@suragra.com"],"cc":["aracelli@suragra.com","marcoantonio@suragra.com","cinthia@suragra.com","jadcve@gmail.com","tesoreria@suragra.com"],"subject":"Resumen Neto Vencido SURAGRA","id":"0101019e736a7b88-3f5bf681-2247-4635-83b2-919d56dea81d-000000","msg":"📎 Correo con logo inline enviado por SES"}
{"level":30,"time":1780052835584,"pid":10632,"hostname":"TS-SURAGRA","to":["cmanzor@gls.cl","aracelli@suragra.com","marcoantonio@suragra.com","cinthia@suragra.com","jadcve@gmail.com","tesoreria@suragra.com"],"codIdtSap":"C77772750","msg":"Enviando NETO"}
{"level":30,"time":1780052835836,"pid":10632,"hostname":"TS-SURAGRA","to":["cmanzor@gls.cl","aracelli@suragra.com","marcoantonio@suragra.com","cinthia@suragra.com","jadcve@gmail.com","tesoreria@suragra.com"],"cc":["aracelli@suragra.com","marcoantonio@suragra.com","cinthia@suragra.com","jadcve@gmail.com","tesoreria@suragra.com"],"subject":"Resumen Neto Vencido SURAGRA","id":"0101019e736abd6d-4184d2b6-3d24-462e-81a9-6c5692845310-000000","msg":"📎 Correo con logo inline enviado por SES"}
{"level":30,"time":1780052852201,"pid":10632,"hostname":"TS-SURAGRA","to":["storo@upacfruit.com","aracelli@suragra.com","marcoantonio@suragra.com","cinthia@suragra.com","jadcve@gmail.com","tesoreria@suragra.com"],"codIdtSap":"C76738610","msg":"Enviando NETO"}
{"level":30,"time":1780052852495,"pid":10632,"hostname":"TS-SURAGRA","to":["storo@upacfruit.com","aracelli@suragra.com","marcoantonio@suragra.com","cinthia@suragra.com","jadcve@gmail.com","tesoreria@suragra.com"],"cc":["aracelli@suragra.com","marcoantonio@suragra.com","cinthia@suragra.com","jadcve@gmail.com","tesoreria@suragra.com"],"subject":"Resumen Neto Vencido SURAGRA","id":"0101019e736afe67-24888d76-ca1d-48fe-81d1-dc2bbbc9cf83-000000","msg":"📎 Correo con logo inline enviado por SES"}
{"level":30,"time":1780052868785,"pid":10632,"hostname":"TS-SURAGRA","to":["nibaldo@frioromeral.cl","aracelli@suragra.com","marcoantonio@suragra.com","cinthia@suragra.com","jadcve@gmail.com","tesoreria@suragra.com"],"codIdtSap":"C76053250","msg":"Enviando NETO"}
{"level":30,"time":1780052869072,"pid":10632,"hostname":"TS-SURAGRA","to":["nibaldo@frioromeral.cl","aracelli@suragra.com","marcoantonio@suragra.com","cinthia@suragra.com","jadcve@gmail.com","tesoreria@suragra.com"],"cc":["aracelli@suragra.com","marcoantonio@suragra.com","cinthia@suragra.com","jadcve@gmail.com","tesoreria@suragra.com"],"subject":"Resumen Neto Vencido SURAGRA","id":"0101019e736b3f31-d6bf1e0b-0d63-4709-8ab1-87f0a9c095c1-000000","msg":"📎 Correo con logo inline enviado por SES"}
{"level":30,"time":1780052885282,"pid":10632,"hostname":"TS-SURAGRA","to":["adquisicionescarsal@gmail.com","aracelli@suragra.com","marcoantonio@suragra.com","cinthia@suragra.com","jadcve@gmail.com","tesoreria@suragra.com"],"codIdtSap":"C78557210","msg":"Enviando NETO"}
{"level":30,"time":1780052885578,"pid":10632,"hostname":"TS-SURAGRA","to":["adquisicionescarsal@gmail.com","aracelli@suragra.com","marcoantonio@suragra.com","cinthia@suragra.com","jadcve@gmail.com","tesoreria@suragra.com"],"cc":["aracelli@suragra.com","marcoantonio@suragra.com","cinthia@suragra.com","jadcve@gmail.com","tesoreria@suragra.com"],"subject":"Resumen Neto Vencido SURAGRA","id":"0101019e736b7fa6-c09fea5e-dabb-4c10-b8f3-3ab563078bf2-000000","msg":"📎 Correo con logo inline enviado por SES"}
{"level":30,"time":1780052902307,"pid":10632,"hostname":"TS-SURAGRA","to":["miguel.marquez@provalle.com","aracelli@suragra.com","marcoantonio@suragra.com","cinthia@suragra.com","jadcve@gmail.com","tesoreria@suragra.com"],"codIdtSap":"C99546180","msg":"Enviando NETO"}
{"level":30,"time":1780052902542,"pid":10632,"hostname":"TS-SURAGRA","to":["miguel.marquez@provalle.com","aracelli@suragra.com","marcoantonio@suragra.com","cinthia@suragra.com","jadcve@gmail.com","tesoreria@suragra.com"],"cc":["aracelli@suragra.com","marcoantonio@suragra.com","cinthia@suragra.com","jadcve@gmail.com","tesoreria@suragra.com"],"subject":"Resumen Neto Vencido SURAGRA","id":"0101019e736bc20b-c6bce7ee-6735-4bfb-bedf-6979e98ded69-000000","msg":"📎 Correo con logo inline enviado por SES"}
{"level":30,"time":1780052919019,"pid":10632,"hostname":"TS-SURAGRA","to":["ypinto@verfrut.cl","aracelli@suragra.com","marcoantonio@suragra.com","cinthia@suragra.com","jadcve@gmail.com","tesoreria@suragra.com"],"codIdtSap":"C78029510","msg":"Enviando NETO"}
{"level":30,"time":1780052919298,"pid":10632,"hostname":"TS-SURAGRA","to":["ypinto@verfrut.cl","aracelli@suragra.com","marcoantonio@suragra.com","cinthia@suragra.com","jadcve@gmail.com","tesoreria@suragra.com"],"cc":["aracelli@suragra.com","marcoantonio@suragra.com","cinthia@suragra.com","jadcve@gmail.com","tesoreria@suragra.com"],"subject":"Resumen Neto Vencido SURAGRA","id":"0101019e736c036a-a8bbd4bd-d6c9-4b51-972b-07534b24fd62-000000","msg":"📎 Correo con logo inline enviado por SES"}
{"level":30,"time":1780052935933,"pid":10632,"hostname":"TS-SURAGRA","to":["cbarrera@zurgroup.cl","aracelli@suragra.com","marcoantonio@suragra.com","cinthia@suragra.com","jadcve@gmail.com","tesoreria@suragra.com"],"codIdtSap":"C761625829","msg":"Enviando NETO"}
{"level":30,"time":1780052936238,"pid":10632,"hostname":"TS-SURAGRA","to":["cbarrera@zurgroup.cl","aracelli@suragra.com","marcoantonio@suragra.com","cinthia@suragra.com","jadcve@gmail.com","tesoreria@suragra.com"],"cc":["aracelli@suragra.com","marcoantonio@suragra.com","cinthia@suragra.com","jadcve@gmail.com","tesoreria@suragra.com"],"subject":"Resumen Neto Vencido SURAGRA","id":"0101019e736c4581-4580b9f3-46fc-4f5b-8f92-e54555b9e004-000000","msg":"📎 Correo con logo inline enviado por SES"}
{"level":30,"time":1780052936241,"pid":10632,"hostname":"TS-SURAGRA","job":"NETO","msg":"job done"}
{"level":50,"time":1780113300658,"pid":10632,"hostname":"TS-SURAGRA","job":"HEARTBEAT","err":"sendEmail is not defined","msg":"Heartbeat failed"}
{"level":50,"time":1780199700654,"pid":10632,"hostname":"TS-SURAGRA","job":"HEARTBEAT","err":"sendEmail is not defined","msg":"Heartbeat failed"}
{"level":50,"time":1780286100657,"pid":10632,"hostname":"TS-SURAGRA","job":"HEARTBEAT","err":"sendEmail is not defined","msg":"Heartbeat failed"}
{"level":50,"time":1780372500662,"pid":10632,"hostname":"TS-SURAGRA","job":"HEARTBEAT","err":"sendEmail is not defined","msg":"Heartbeat failed"}
{"level":50,"time":1780458900667,"pid":10632,"hostname":"TS-SURAGRA","job":"HEARTBEAT","err":"sendEmail is not defined","msg":"Heartbeat failed"}
{"level":50,"time":1780545300663,"pid":10632,"hostname":"TS-SURAGRA","job":"HEARTBEAT","err":"sendEmail is not defined","msg":"Heartbeat failed"}
{"level":30,"time":1780574400836,"pid":10632,"hostname":"TS-SURAGRA","subject":"Resumen de Facturacion","msg":"Template RFAC cargado"}
{"level":30,"time":1780574430118,"pid":10632,"hostname":"TS-SURAGRA","to":["FELIPE@UTILITAS.CL","aracelli@suragra.com","marcoantonio@suragra.com","cinthia@suragra.com","jadcve@gmail.com","tesoreria@suragra.com"],"codIdtSap":"C76069607","msg":"Enviando RFAC"}
{"level":30,"time":1780574430809,"pid":10632,"hostname":"TS-SURAGRA","to":["FELIPE@UTILITAS.CL","aracelli@suragra.com","marcoantonio@suragra.com","cinthia@suragra.com","jadcve@gmail.com","tesoreria@suragra.com"],"cc":["aracelli@suragra.com","marcoantonio@suragra.com","cinthia@suragra.com","jadcve@gmail.com","tesoreria@suragra.com"],"subject":"Resumen de Facturacion SURAGRA","id":"0101019e9281a59f-5e370dcc-54c7-4867-b18d-2b688f28e9e3-000000","msg":"✉️ Correo enviado por SES"}
{"level":30,"time":1780574449215,"pid":10632,"hostname":"TS-SURAGRA","to":["vivian.baeza@core-export.cl","aracelli@suragra.com","marcoantonio@suragra.com","cinthia@suragra.com","jadcve@gmail.com","tesoreria@suragra.com"],"codIdtSap":"C76389543-2","msg":"Enviando RFAC"}
{"level":30,"time":1780574449504,"pid":10632,"hostname":"TS-SURAGRA","to":["vivian.baeza@core-export.cl","aracelli@suragra.com","marcoantonio@suragra.com","cinthia@suragra.com","jadcve@gmail.com","tesoreria@suragra.com"],"cc":["aracelli@suragra.com","marcoantonio@suragra.com","cinthia@suragra.com","jadcve@gmail.com","tesoreria@suragra.com"],"subject":"Resumen de Facturacion SURAGRA","id":"0101019e9281eec3-dd4c5392-9006-4156-a830-d3a04ac496ed-000000","msg":"✉️ Correo enviado por SES"}
{"level":30,"time":1780574468396,"pid":10632,"hostname":"TS-SURAGRA","to":["ialbarado@boufruits.cl","aracelli@suragra.com","marcoantonio@suragra.com","cinthia@suragra.com","jadcve@gmail.com","tesoreria@suragra.com"],"codIdtSap":"C76407066","msg":"Enviando RFAC"}
{"level":30,"time":1780574468695,"pid":10632,"hostname":"TS-SURAGRA","to":["ialbarado@boufruits.cl","aracelli@suragra.com","marcoantonio@suragra.com","cinthia@suragra.com","jadcve@gmail.com","tesoreria@suragra.com"],"cc":["aracelli@suragra.com","marcoantonio@suragra.com","cinthia@suragra.com","jadcve@gmail.com","tesoreria@suragra.com"],"subject":"Resumen de Facturacion SURAGRA","id":"0101019e928239b4-53e48424-fe27-430f-a58a-e37a1fce32f5-000000","msg":"✉️ Correo enviado por SES"}
{"level":30,"time":1780574487030,"pid":10632,"hostname":"TS-SURAGRA","to":["ADMINISTRACION@CMXGROUP.NET","aracelli@suragra.com","marcoantonio@suragra.com","cinthia@suragra.com","jadcve@gmail.com","tesoreria@suragra.com"],"codIdtSap":"C76446121","msg":"Enviando RFAC"}
{"level":30,"time":1780574487334,"pid":10632,"hostname":"TS-SURAGRA","to":["ADMINISTRACION@CMXGROUP.NET","aracelli@suragra.com","marcoantonio@suragra.com","cinthia@suragra.com","jadcve@gmail.com","tesoreria@suragra.com"],"cc":["aracelli@suragra.com","marcoantonio@suragra.com","cinthia@suragra.com","jadcve@gmail.com","tesoreria@suragra.com"],"subject":"Resumen de Facturacion SURAGRA","id":"0101019e9282827d-be721164-edbf-4e44-9042-3fc8af252f39-000000","msg":"✉️ Correo enviado por SES"}
{"level":30,"time":1780574505742,"pid":10632,"hostname":"TS-SURAGRA","to":["lmiranda@cylfrut.cl","aracelli@suragra.com","marcoantonio@suragra.com","cinthia@suragra.com","jadcve@gmail.com","tesoreria@suragra.com"],"codIdtSap":"C76904417","msg":"Enviando RFAC"}
{"level":30,"time":1780574506033,"pid":10632,"hostname":"TS-SURAGRA","to":["lmiranda@cylfrut.cl","aracelli@suragra.com","marcoantonio@suragra.com","cinthia@suragra.com","jadcve@gmail.com","tesoreria@suragra.com"],"cc":["aracelli@suragra.com","marcoantonio@suragra.com","cinthia@suragra.com","jadcve@gmail.com","tesoreria@suragra.com"],"subject":"Resumen de Facturacion SURAGRA","id":"0101019e9282cb8d-cdab686c-9920-4e75-a218-0c502e812d00-000000","msg":"✉️ Correo enviado por SES"}
{"level":30,"time":1780574524537,"pid":10632,"hostname":"TS-SURAGRA","to":["felipe@utilitas.cl","aracelli@suragra.com","marcoantonio@suragra.com","cinthia@suragra.com","jadcve@gmail.com","tesoreria@suragra.com"],"codIdtSap":"C77702702","msg":"Enviando RFAC"}
{"level":30,"time":1780574524839,"pid":10632,"hostname":"TS-SURAGRA","to":["felipe@utilitas.cl","aracelli@suragra.com","marcoantonio@suragra.com","cinthia@suragra.com","jadcve@gmail.com","tesoreria@suragra.com"],"cc":["aracelli@suragra.com","marcoantonio@suragra.com","cinthia@suragra.com","jadcve@gmail.com","tesoreria@suragra.com"],"subject":"Resumen de Facturacion SURAGRA","id":"0101019e928314fa-fba4a2a9-3eda-473d-a0ee-24abfcf505a4-000000","msg":"✉️ Correo enviado por SES"}
{"level":30,"time":1780574543235,"pid":10632,"hostname":"TS-SURAGRA","to":["paula.munoz@santa-rosario.com","aracelli@suragra.com","marcoantonio@suragra.com","cinthia@suragra.com","jadcve@gmail.com","tesoreria@suragra.com"],"codIdtSap":"C77757654","msg":"Enviando RFAC"}
{"level":30,"time":1780574543512,"pid":10632,"hostname":"TS-SURAGRA","to":["paula.munoz@santa-rosario.com","aracelli@suragra.com","marcoantonio@suragra.com","cinthia@suragra.com","jadcve@gmail.com","tesoreria@suragra.com"],"cc":["aracelli@suragra.com","marcoantonio@suragra.com","cinthia@suragra.com","jadcve@gmail.com","tesoreria@suragra.com"],"subject":"Resumen de Facturacion SURAGRA","id":"0101019e92835e02-481f2c21-32fa-4544-9f54-b00cbca412cd-000000","msg":"✉️ Correo enviado por SES"}
{"level":30,"time":1780574562067,"pid":10632,"hostname":"TS-SURAGRA","to":["felipe@utilitas.cl","aracelli@suragra.com","marcoantonio@suragra.com","cinthia@suragra.com","jadcve@gmail.com","tesoreria@suragra.com"],"codIdtSap":"C77884228","msg":"Enviando RFAC"}
{"level":30,"time":1780574562345,"pid":10632,"hostname":"TS-SURAGRA","to":["felipe@utilitas.cl","aracelli@suragra.com","marcoantonio@suragra.com","cinthia@suragra.com","jadcve@gmail.com","tesoreria@suragra.com"],"cc":["aracelli@suragra.com","marcoantonio@suragra.com","cinthia@suragra.com","jadcve@gmail.com","tesoreria@suragra.com"],"subject":"Resumen de Facturacion SURAGRA","id":"0101019e9283a796-8acfff32-c596-4797-89cc-81d76286ed2f-000000","msg":"✉️ Correo enviado por SES"}
{"level":30,"time":1780574580628,"pid":10632,"hostname":"TS-SURAGRA","to":["patricia.klenner@garcesfruit.com","aracelli@suragra.com","marcoantonio@suragra.com","cinthia@suragra.com","jadcve@gmail.com","tesoreria@suragra.com"],"codIdtSap":"C77995010","msg":"Enviando RFAC"}
{"level":30,"time":1780574580919,"pid":10632,"hostname":"TS-SURAGRA","to":["patricia.klenner@garcesfruit.com","aracelli@suragra.com","marcoantonio@suragra.com","cinthia@suragra.com","jadcve@gmail.com","tesoreria@suragra.com"],"cc":["aracelli@suragra.com","marcoantonio@suragra.com","cinthia@suragra.com","jadcve@gmail.com","tesoreria@suragra.com"],"subject":"Resumen de Facturacion SURAGRA","id":"0101019e9283f01c-ff9ede73-1ce5-456f-a882-36ae983d43c5-000000","msg":"✉️ Correo enviado por SES"}
{"level":30,"time":1780574609621,"pid":10632,"hostname":"TS-SURAGRA","to":["felipe@utilitas.cl","aracelli@suragra.com","marcoantonio@suragra.com","cinthia@suragra.com","jadcve@gmail.com","tesoreria@suragra.com"],"codIdtSap":"C79686480","msg":"Enviando RFAC"}
{"level":30,"time":1780574609916,"pid":10632,"hostname":"TS-SURAGRA","to":["felipe@utilitas.cl","aracelli@suragra.com","marcoantonio@suragra.com","cinthia@suragra.com","jadcve@gmail.com","tesoreria@suragra.com"],"cc":["aracelli@suragra.com","marcoantonio@suragra.com","cinthia@suragra.com","jadcve@gmail.com","tesoreria@suragra.com"],"subject":"Resumen de Facturacion SURAGRA","id":"0101019e92846156-c214ca39-92bd-4dda-a8ed-fb6f3ecd41b1-000000","msg":"✉️ Correo enviado por SES"}
{"level":30,"time":1780574628415,"pid":10632,"hostname":"TS-SURAGRA","to":["diego.correa@ddc.cl","aracelli@suragra.com","marcoantonio@suragra.com","cinthia@suragra.com","jadcve@gmail.com","tesoreria@suragra.com"],"codIdtSap":"C93329000","msg":"Enviando RFAC"}
{"level":30,"time":1780574628713,"pid":10632,"hostname":"TS-SURAGRA","to":["diego.correa@ddc.cl","aracelli@suragra.com","marcoantonio@suragra.com","cinthia@suragra.com","jadcve@gmail.com","tesoreria@suragra.com"],"cc":["aracelli@suragra.com","marcoantonio@suragra.com","cinthia@suragra.com","jadcve@gmail.com","tesoreria@suragra.com"],"subject":"Resumen de Facturacion SURAGRA","id":"0101019e9284aac3-cba793e5-3df1-4669-af72-53be22d5c552-000000","msg":"✉️ Correo enviado por SES"}
{"level":30,"time":1780574650082,"pid":10632,"hostname":"TS-SURAGRA","to":["maria.nahuel@geexsa.com","aracelli@suragra.com","marcoantonio@suragra.com","cinthia@suragra.com","jadcve@gmail.com","tesoreria@suragra.com"],"codIdtSap":"C96867620","msg":"Enviando RFAC"}
{"level":30,"time":1780574650341,"pid":10632,"hostname":"TS-SURAGRA","to":["maria.nahuel@geexsa.com","aracelli@suragra.com","marcoantonio@suragra.com","cinthia@suragra.com","jadcve@gmail.com","tesoreria@suragra.com"],"cc":["aracelli@suragra.com","marcoantonio@suragra.com","cinthia@suragra.com","jadcve@gmail.com","tesoreria@suragra.com"],"subject":"Resumen de Facturacion SURAGRA","id":"0101019e9284ff52-7bfc2045-6877-4e47-9fd3-900236faef8f-000000","msg":"✉️ Correo enviado por SES"}
{"level":30,"time":1780574650343,"pid":10632,"hostname":"TS-SURAGRA","job":"RESUMEN","msg":"job done"}
{"level":50,"time":1780631700687,"pid":10632,"hostname":"TS-SURAGRA","job":"HEARTBEAT","err":"sendEmail is not defined","msg":"Heartbeat failed"}
{"level":30,"time":1780657200868,"pid":10632,"hostname":"TS-SURAGRA","subject":"Resumen Neto Vencido","msg":"Template cargado"}
{"level":30,"time":1780657244469,"pid":10632,"hostname":"TS-SURAGRA","to":["ADQUISICIONES@CRANA.CL","aracelli@suragra.com","marcoantonio@suragra.com","cinthia@suragra.com","jadcve@gmail.com","tesoreria@suragra.com"],"codIdtSap":"C79650240","msg":"Enviando NETO"}
{"level":30,"time":1780657245437,"pid":10632,"hostname":"TS-SURAGRA","to":["ADQUISICIONES@CRANA.CL","aracelli@suragra.com","marcoantonio@suragra.com","cinthia@suragra.com","jadcve@gmail.com","tesoreria@suragra.com"],"cc":["aracelli@suragra.com","marcoantonio@suragra.com","cinthia@suragra.com","jadcve@gmail.com","tesoreria@suragra.com"],"subject":"Resumen Neto Vencido SURAGRA","id":"0101019e97714c54-abad7a68-8f73-45f8-be24-a0cc0d6a678e-000000","msg":"📎 Correo con logo inline enviado por SES"}
{"level":30,"time":1780657262204,"pid":10632,"hostname":"TS-SURAGRA","to":["fcm@johnsonfruit.cl","aracelli@suragra.com","marcoantonio@suragra.com","cinthia@suragra.com","jadcve@gmail.com","tesoreria@suragra.com"],"codIdtSap":"C77341510","msg":"Enviando NETO"}
{"level":30,"time":1780657262509,"pid":10632,"hostname":"TS-SURAGRA","to":["fcm@johnsonfruit.cl","aracelli@suragra.com","marcoantonio@suragra.com","cinthia@suragra.com","jadcve@gmail.com","tesoreria@suragra.com"],"cc":["aracelli@suragra.com","marcoantonio@suragra.com","cinthia@suragra.com","jadcve@gmail.com","tesoreria@suragra.com"],"subject":"Resumen Neto Vencido SURAGRA","id":"0101019e97718f0a-031f0f30-dcc5-4b6e-b1d3-19fa183c71bc-000000","msg":"📎 Correo con logo inline enviado por SES"}
{"level":30,"time":1780657279311,"pid":10632,"hostname":"TS-SURAGRA","to":["frojas@norfrut.cl","aracelli@suragra.com","marcoantonio@suragra.com","cinthia@suragra.com","jadcve@gmail.com","tesoreria@suragra.com"],"codIdtSap":"C78101430","msg":"Enviando NETO"}
{"level":30,"time":1780657279592,"pid":10632,"hostname":"TS-SURAGRA","to":["frojas@norfrut.cl","aracelli@suragra.com","marcoantonio@suragra.com","cinthia@suragra.com","jadcve@gmail.com","tesoreria@suragra.com"],"cc":["aracelli@suragra.com","marcoantonio@suragra.com","cinthia@suragra.com","jadcve@gmail.com","tesoreria@suragra.com"],"subject":"Resumen Neto Vencido SURAGRA","id":"0101019e9771d1be-4f356883-4847-4ad5-8585-bc1c2d072850-000000","msg":"📎 Correo con logo inline enviado por SES"}
{"level":30,"time":1780657295972,"pid":10632,"hostname":"TS-SURAGRA","to":["Hercanagrolimitada.export@gmail.com","aracelli@suragra.com","marcoantonio@suragra.com","cinthia@suragra.com","jadcve@gmail.com","tesoreria@suragra.com"],"codIdtSap":"C76573605","msg":"Enviando NETO"}
{"level":30,"time":1780657296290,"pid":10632,"hostname":"TS-SURAGRA","to":["Hercanagrolimitada.export@gmail.com","aracelli@suragra.com","marcoantonio@suragra.com","cinthia@suragra.com","jadcve@gmail.com","tesoreria@suragra.com"],"cc":["aracelli@suragra.com","marcoantonio@suragra.com","cinthia@suragra.com","jadcve@gmail.com","tesoreria@suragra.com"],"subject":"Resumen Neto Vencido SURAGRA","id":"0101019e977212ec-9cd69aca-1ce3-4eb3-8423-7e6bc346ac6c-000000","msg":"📎 Correo con logo inline enviado por SES"}
{"level":30,"time":1780657312782,"pid":10632,"hostname":"TS-SURAGRA","to":["alfredochimenti@gmail.com","aracelli@suragra.com","marcoantonio@suragra.com","cinthia@suragra.com","jadcve@gmail.com","tesoreria@suragra.com"],"codIdtSap":"C4344518","msg":"Enviando NETO"}
{"level":30,"time":1780657313095,"pid":10632,"hostname":"TS-SURAGRA","to":["alfredochimenti@gmail.com","aracelli@suragra.com","marcoantonio@suragra.com","cinthia@suragra.com","jadcve@gmail.com","tesoreria@suragra.com"],"cc":["aracelli@suragra.com","marcoantonio@suragra.com","cinthia@suragra.com","jadcve@gmail.com","tesoreria@suragra.com"],"subject":"Resumen Neto Vencido SURAGRA","id":"0101019e97725496-13343b2c-ad78-4392-a721-04dd9b4f2ff4-000000","msg":"📎 Correo con logo inline enviado por SES"}
{"level":30,"time":1780657329723,"pid":10632,"hostname":"TS-SURAGRA","to":["aracelli@suragra.com","marcoantonio@suragra.com","cinthia@suragra.com","jadcve@gmail.com","tesoreria@suragra.com"],"codIdtSap":"C77739754","msg":"Enviando NETO"}
{"level":30,"time":1780657330012,"pid":10632,"hostname":"TS-SURAGRA","to":["aracelli@suragra.com","marcoantonio@suragra.com","cinthia@suragra.com","jadcve@gmail.com","tesoreria@suragra.com"],"cc":["aracelli@suragra.com","marcoantonio@suragra.com","cinthia@suragra.com","jadcve@gmail.com","tesoreria@suragra.com"],"subject":"Resumen Neto Vencido SURAGRA","id":"0101019e977296c2-103077d8-fa22-44e8-9b2e-12c3b91c972d-000000","msg":"📎 Correo con logo inline enviado por SES"}
{"level":30,"time":1780657346596,"pid":10632,"hostname":"TS-SURAGRA","to":["ADMINISTRACION@CMXGROUP.NET","aracelli@suragra.com","marcoantonio@suragra.com","cinthia@suragra.com","jadcve@gmail.com","tesoreria@suragra.com"],"codIdtSap":"C76446121","msg":"Enviando NETO"}
{"level":30,"time":1780657346933,"pid":10632,"hostname":"TS-SURAGRA","to":["ADMINISTRACION@CMXGROUP.NET","aracelli@suragra.com","marcoantonio@suragra.com","cinthia@suragra.com","jadcve@gmail.com","tesoreria@suragra.com"],"cc":["aracelli@suragra.com","marcoantonio@suragra.com","cinthia@suragra.com","jadcve@gmail.com","tesoreria@suragra.com"],"subject":"Resumen Neto Vencido SURAGRA","id":"0101019e9772d8a6-d96c86bc-e8a1-4328-9ed8-4b148bef83bc-000000","msg":"📎 Correo con logo inline enviado por SES"}
{"level":30,"time":1780657363519,"pid":10632,"hostname":"TS-SURAGRA","to":["alopez@elcaminospa.cl","aracelli@suragra.com","marcoantonio@suragra.com","cinthia@suragra.com","jadcve@gmail.com","tesoreria@suragra.com"],"codIdtSap":"C76180781","msg":"Enviando NETO"}
{"level":30,"time":1780657363818,"pid":10632,"hostname":"TS-SURAGRA","to":["alopez@elcaminospa.cl","aracelli@suragra.com","marcoantonio@suragra.com","cinthia@suragra.com","jadcve@gmail.com","tesoreria@suragra.com"],"cc":["aracelli@suragra.com","marcoantonio@suragra.com","cinthia@suragra.com","jadcve@gmail.com","tesoreria@suragra.com"],"subject":"Resumen Neto Vencido SURAGRA","id":"0101019e97731ac9-bb1e668c-2a13-4b6c-8064-c06d9fa60bf4-000000","msg":"📎 Correo con logo inline enviado por SES"}
{"level":30,"time":1780657380597,"pid":10632,"hostname":"TS-SURAGRA","to":["ksalazar@greenpack.cl","aracelli@suragra.com","marcoantonio@suragra.com","cinthia@suragra.com","jadcve@gmail.com","tesoreria@suragra.com"],"codIdtSap":"C76213723","msg":"Enviando NETO"}
{"level":30,"time":1780657380972,"pid":10632,"hostname":"TS-SURAGRA","to":["ksalazar@greenpack.cl","aracelli@suragra.com","marcoantonio@suragra.com","cinthia@suragra.com","jadcve@gmail.com","tesoreria@suragra.com"],"cc":["aracelli@suragra.com","marcoantonio@suragra.com","cinthia@suragra.com","jadcve@gmail.com","tesoreria@suragra.com"],"subject":"Resumen Neto Vencido SURAGRA","id":"0101019e97735d85-ce8c6ee8-0e06-4e58-a45f-f37ed91d6948-000000","msg":"📎 Correo con logo inline enviado por SES"}
{"level":30,"time":1780657397649,"pid":10632,"hostname":"TS-SURAGRA","to":["pablojohow@yahoo.com","aracelli@suragra.com","marcoantonio@suragra.com","cinthia@suragra.com","jadcve@gmail.com","tesoreria@suragra.com"],"codIdtSap":"C78808520","msg":"Enviando NETO"}
{"level":30,"time":1780657397957,"pid":10632,"hostname":"TS-SURAGRA","to":["pablojohow@yahoo.com","aracelli@suragra.com","marcoantonio@suragra.com","cinthia@suragra.com","jadcve@gmail.com","tesoreria@suragra.com"],"cc":["aracelli@suragra.com","marcoantonio@suragra.com","cinthia@suragra.com","jadcve@gmail.com","tesoreria@suragra.com"],"subject":"Resumen Neto Vencido SURAGRA","id":"0101019e9773a01b-4a3efcee-4e39-4960-a7e2-70d92d5b56a1-000000","msg":"📎 Correo con logo inline enviado por SES"}
{"level":30,"time":1780657414638,"pid":10632,"hostname":"TS-SURAGRA","to":["mc.gumucio@consultorathinking.com","aracelli@suragra.com","marcoantonio@suragra.com","cinthia@suragra.com","jadcve@gmail.com","tesoreria@suragra.com"],"codIdtSap":"C77350529","msg":"Enviando NETO"}
{"level":30,"time":1780657414944,"pid":10632,"hostname":"TS-SURAGRA","to":["mc.gumucio@consultorathinking.com","aracelli@suragra.com","marcoantonio@suragra.com","cinthia@suragra.com","jadcve@gmail.com","tesoreria@suragra.com"],"cc":["aracelli@suragra.com","marcoantonio@suragra.com","cinthia@suragra.com","jadcve@gmail.com","tesoreria@suragra.com"],"subject":"Resumen Neto Vencido SURAGRA","id":"0101019e9773e276-75355463-895e-4bd1-8ce6-7fe240075aa3-000000","msg":"📎 Correo con logo inline enviado por SES"}
{"level":30,"time":1780657431550,"pid":10632,"hostname":"TS-SURAGRA","to":["plopez@grupodelirio.cl","aracelli@suragra.com","marcoantonio@suragra.com","cinthia@suragra.com","jadcve@gmail.com","tesoreria@suragra.com"],"codIdtSap":"C76101146","msg":"Enviando NETO"}
{"level":30,"time":1780657431845,"pid":10632,"hostname":"TS-SURAGRA","to":["plopez@grupodelirio.cl","aracelli@suragra.com","marcoantonio@suragra.com","cinthia@suragra.com","jadcve@gmail.com","tesoreria@suragra.com"],"cc":["aracelli@suragra.com","marcoantonio@suragra.com","cinthia@suragra.com","jadcve@gmail.com","tesoreria@suragra.com"],"subject":"Resumen Neto Vencido SURAGRA","id":"0101019e9774248a-bbe654e4-7552-4335-a40f-e6a59593793d-000000","msg":"📎 Correo con logo inline enviado por SES"}
{"level":30,"time":1780657448463,"pid":10632,"hostname":"TS-SURAGRA","to":["fernanda@espejofruits.com","aracelli@suragra.com","marcoantonio@suragra.com","cinthia@suragra.com","jadcve@gmail.com","tesoreria@suragra.com"],"codIdtSap":"C77280637","msg":"Enviando NETO"}
{"level":30,"time":1780657448752,"pid":10632,"hostname":"TS-SURAGRA","to":["fernanda@espejofruits.com","aracelli@suragra.com","marcoantonio@suragra.com","cinthia@suragra.com","jadcve@gmail.com","tesoreria@suragra.com"],"cc":["aracelli@suragra.com","marcoantonio@suragra.com","cinthia@suragra.com","jadcve@gmail.com","tesoreria@suragra.com"],"subject":"Resumen Neto Vencido SURAGRA","id":"0101019e97746699-a83e0e94-64b6-43a8-aeb5-4b6c9617b619-000000","msg":"📎 Correo con logo inline enviado por SES"}
{"level":30,"time":1780657465304,"pid":10632,"hostname":"TS-SURAGRA","to":["r.jimenez@exportadoradisfruta.cl","aracelli@suragra.com","marcoantonio@suragra.com","cinthia@suragra.com","jadcve@gmail.com","tesoreria@suragra.com"],"codIdtSap":"C76429771","msg":"Enviando NETO"}
{"level":30,"time":1780657465637,"pid":10632,"hostname":"TS-SURAGRA","to":["r.jimenez@exportadoradisfruta.cl","aracelli@suragra.com","marcoantonio@suragra.com","cinthia@suragra.com","jadcve@gmail.com","tesoreria@suragra.com"],"cc":["aracelli@suragra.com","marcoantonio@suragra.com","cinthia@suragra.com","jadcve@gmail.com","tesoreria@suragra.com"],"subject":"Resumen Neto Vencido SURAGRA","id":"0101019e9774a85f-4e48514e-d614-45f5-b336-5195240c947b-000000","msg":"📎 Correo con logo inline enviado por SES"}
{"level":30,"time":1780657482117,"pid":10632,"hostname":"TS-SURAGRA","to":["lpinto@fundolacampana.cl","aracelli@suragra.com","marcoantonio@suragra.com","cinthia@suragra.com","jadcve@gmail.com","tesoreria@suragra.com"],"codIdtSap":"C76979390","msg":"Enviando NETO"}
{"level":30,"time":1780657482428,"pid":10632,"hostname":"TS-SURAGRA","to":["lpinto@fundolacampana.cl","aracelli@suragra.com","marcoantonio@suragra.com","cinthia@suragra.com","jadcve@gmail.com","tesoreria@suragra.com"],"cc":["aracelli@suragra.com","marcoantonio@suragra.com","cinthia@suragra.com","jadcve@gmail.com","tesoreria@suragra.com"],"subject":"Resumen Neto Vencido SURAGRA","id":"0101019e9774ea10-e4a6dd70-204c-41ed-aaab-fcd9fc35d7ca-000000","msg":"📎 Correo con logo inline enviado por SES"}
{"level":30,"time":1780657498724,"pid":10632,"hostname":"TS-SURAGRA","to":["JCORTEZ@GROUPVALLEY.CL","aracelli@suragra.com","marcoantonio@suragra.com","cinthia@suragra.com","jadcve@gmail.com","tesoreria@suragra.com"],"codIdtSap":"C76885621","msg":"Enviando NETO"}
{"level":30,"time":1780657499033,"pid":10632,"hostname":"TS-SURAGRA","to":["JCORTEZ@GROUPVALLEY.CL","aracelli@suragra.com","marcoantonio@suragra.com","cinthia@suragra.com","jadcve@gmail.com","tesoreria@suragra.com"],"cc":["aracelli@suragra.com","marcoantonio@suragra.com","cinthia@suragra.com","jadcve@gmail.com","tesoreria@suragra.com"],"subject":"Resumen Neto Vencido SURAGRA","id":"0101019e97752aec-c88cd880-7b40-4bbb-a0d7-a14fc11fd6af-000000","msg":"📎 Correo con logo inline enviado por SES"}
{"level":30,"time":1780657515466,"pid":10632,"hostname":"TS-SURAGRA","to":["LOGISTICA@FRIOMACH.CL","aracelli@suragra.com","marcoantonio@suragra.com","cinthia@suragra.com","jadcve@gmail.com","tesoreria@suragra.com"],"codIdtSap":"C76549897","msg":"Enviando NETO"}
{"level":30,"time":1780657515801,"pid":10632,"hostname":"TS-SURAGRA","to":["LOGISTICA@FRIOMACH.CL","aracelli@suragra.com","marcoantonio@suragra.com","cinthia@suragra.com","jadcve@gmail.com","tesoreria@suragra.com"],"cc":["aracelli@suragra.com","marcoantonio@suragra.com","cinthia@suragra.com","jadcve@gmail.com","tesoreria@suragra.com"],"subject":"Resumen Neto Vencido SURAGRA","id":"0101019e97756c52-2bcfa38c-d1d5-416e-a018-1116c24bf51a-000000","msg":"📎 Correo con logo inline enviado por SES"}
{"level":30,"time":1780657532836,"pid":10632,"hostname":"TS-SURAGRA","to":["jherrera@laberintospa.cl","aracelli@suragra.com","marcoantonio@suragra.com","cinthia@suragra.com","jadcve@gmail.com","tesoreria@suragra.com"],"codIdtSap":"C76514077","msg":"Enviando NETO"}
{"level":30,"time":1780657533163,"pid":10632,"hostname":"TS-SURAGRA","to":["jherrera@laberintospa.cl","aracelli@suragra.com","marcoantonio@suragra.com","cinthia@suragra.com","jadcve@gmail.com","tesoreria@suragra.com"],"cc":["aracelli@suragra.com","marcoantonio@suragra.com","cinthia@suragra.com","jadcve@gmail.com","tesoreria@suragra.com"],"subject":"Resumen Neto Vencido SURAGRA","id":"0101019e9775b030-6659229d-08e1-4273-a364-467f558a6dfe-000000","msg":"📎 Correo con logo inline enviado por SES"}
{"level":30,"time":1780657549776,"pid":10632,"hostname":"TS-SURAGRA","to":["naedo@fieldsfruits.com","aracelli@suragra.com","marcoantonio@suragra.com","cinthia@suragra.com","jadcve@gmail.com","tesoreria@suragra.com"],"codIdtSap":"C76304361","msg":"Enviando NETO"}
{"level":30,"time":1780657550075,"pid":10632,"hostname":"TS-SURAGRA","to":["naedo@fieldsfruits.com","aracelli@suragra.com","marcoantonio@suragra.com","cinthia@suragra.com","jadcve@gmail.com","tesoreria@suragra.com"],"cc":["aracelli@suragra.com","marcoantonio@suragra.com","cinthia@suragra.com","jadcve@gmail.com","tesoreria@suragra.com"],"subject":"Resumen Neto Vencido SURAGRA","id":"0101019e9775f25d-29e9751c-5f33-4bfe-af73-66fc76489797-000000","msg":"📎 Correo con logo inline enviado por SES"}
{"level":30,"time":1780657566830,"pid":10632,"hostname":"TS-SURAGRA","to":["jcastro@geofrut.cl","aracelli@suragra.com","marcoantonio@suragra.com","cinthia@suragra.com","jadcve@gmail.com","tesoreria@suragra.com"],"codIdtSap":"C96609410","msg":"Enviando NETO"}
{"level":30,"time":1780657567127,"pid":10632,"hostname":"TS-SURAGRA","to":["jcastro@geofrut.cl","aracelli@suragra.com","marcoantonio@suragra.com","cinthia@suragra.com","jadcve@gmail.com","tesoreria@suragra.com"],"cc":["aracelli@suragra.com","marcoantonio@suragra.com","cinthia@suragra.com","jadcve@gmail.com","tesoreria@suragra.com"],"subject":"Resumen Neto Vencido SURAGRA","id":"0101019e977634f6-0faa1110-dceb-4619-8191-1fe9ff1743b0-000000","msg":"📎 Correo con logo inline enviado por SES"}
{"level":30,"time":1780657588190,"pid":10632,"hostname":"TS-SURAGRA","to":["paula.munoz@santa-rosario.com","aracelli@suragra.com","marcoantonio@suragra.com","cinthia@suragra.com","jadcve@gmail.com","tesoreria@suragra.com"],"codIdtSap":"C77757654","msg":"Enviando NETO"}
{"level":30,"time":1780657588491,"pid":10632,"hostname":"TS-SURAGRA","to":["paula.munoz@santa-rosario.com","aracelli@suragra.com","marcoantonio@suragra.com","cinthia@suragra.com","jadcve@gmail.com","tesoreria@suragra.com"],"cc":["aracelli@suragra.com","marcoantonio@suragra.com","cinthia@suragra.com","jadcve@gmail.com","tesoreria@suragra.com"],"subject":"Resumen Neto Vencido SURAGRA","id":"0101019e97768869-5895d064-8ded-4c39-b84a-ff720e3532af-000000","msg":"📎 Correo con logo inline enviado por SES"}
{"level":30,"time":1780657606199,"pid":10632,"hostname":"TS-SURAGRA","to":["frojas@norfrut.cl","aracelli@suragra.com","marcoantonio@suragra.com","cinthia@suragra.com","jadcve@gmail.com","tesoreria@suragra.com"],"codIdtSap":"C76056132","msg":"Enviando NETO"}
{"level":30,"time":1780657606494,"pid":10632,"hostname":"TS-SURAGRA","to":["frojas@norfrut.cl","aracelli@suragra.com","marcoantonio@suragra.com","cinthia@suragra.com","jadcve@gmail.com","tesoreria@suragra.com"],"cc":["aracelli@suragra.com","marcoantonio@suragra.com","cinthia@suragra.com","jadcve@gmail.com","tesoreria@suragra.com"],"subject":"Resumen Neto Vencido SURAGRA","id":"0101019e9776cec5-4a081021-830e-4193-a14d-a2b19a66e2da-000000","msg":"📎 Correo con logo inline enviado por SES"}
{"level":30,"time":1780657626374,"pid":10632,"hostname":"TS-SURAGRA","to":["ALEJANDRASM@QUINTAYFRUIT.CL","aracelli@suragra.com","marcoantonio@suragra.com","cinthia@suragra.com","jadcve@gmail.com","tesoreria@suragra.com"],"codIdtSap":"C99578700","msg":"Enviando NETO"}
{"level":30,"time":1780657626683,"pid":10632,"hostname":"TS-SURAGRA","to":["ALEJANDRASM@QUINTAYFRUIT.CL","aracelli@suragra.com","marcoantonio@suragra.com","cinthia@suragra.com","jadcve@gmail.com","tesoreria@suragra.com"],"cc":["aracelli@suragra.com","marcoantonio@suragra.com","cinthia@suragra.com","jadcve@gmail.com","tesoreria@suragra.com"],"subject":"Resumen Neto Vencido SURAGRA","id":"0101019e97771d88-380dd99f-d28b-4661-a0c9-d6ba87d2d574-000000","msg":"📎 Correo con logo inline enviado por SES"}
{"level":30,"time":1780657643711,"pid":10632,"hostname":"TS-SURAGRA","to":["cmanzor@gls.cl","aracelli@suragra.com","marcoantonio@suragra.com","cinthia@suragra.com","jadcve@gmail.com","tesoreria@suragra.com"],"codIdtSap":"C77772750","msg":"Enviando NETO"}
{"level":30,"time":1780657644012,"pid":10632,"hostname":"TS-SURAGRA","to":["cmanzor@gls.cl","aracelli@suragra.com","marcoantonio@suragra.com","cinthia@suragra.com","jadcve@gmail.com","tesoreria@suragra.com"],"cc":["aracelli@suragra.com","marcoantonio@suragra.com","cinthia@suragra.com","jadcve@gmail.com","tesoreria@suragra.com"],"subject":"Resumen Neto Vencido SURAGRA","id":"0101019e9777614b-e4072e6e-17a0-4b5d-ae8e-fd7c4a0f0465-000000","msg":"📎 Correo con logo inline enviado por SES"}
{"level":30,"time":1780657660536,"pid":10632,"hostname":"TS-SURAGRA","to":["storo@upacfruit.com","aracelli@suragra.com","marcoantonio@suragra.com","cinthia@suragra.com","jadcve@gmail.com","tesoreria@suragra.com"],"codIdtSap":"C76738610","msg":"Enviando NETO"}
{"level":30,"time":1780657660802,"pid":10632,"hostname":"TS-SURAGRA","to":["storo@upacfruit.com","aracelli@suragra.com","marcoantonio@suragra.com","cinthia@suragra.com","jadcve@gmail.com","tesoreria@suragra.com"],"cc":["aracelli@suragra.com","marcoantonio@suragra.com","cinthia@suragra.com","jadcve@gmail.com","tesoreria@suragra.com"],"subject":"Resumen Neto Vencido SURAGRA","id":"0101019e9777a2ed-bce341e6-8af4-4efa-898c-77b55fd22ecd-000000","msg":"📎 Correo con logo inline enviado por SES"}
{"level":30,"time":1780657677311,"pid":10632,"hostname":"TS-SURAGRA","to":["DTORO@PROVEXSA.COM","aracelli@suragra.com","marcoantonio@suragra.com","cinthia@suragra.com","jadcve@gmail.com","tesoreria@suragra.com"],"codIdtSap":"C77076859","msg":"Enviando NETO"}
{"level":30,"time":1780657677600,"pid":10632,"hostname":"TS-SURAGRA","to":["DTORO@PROVEXSA.COM","aracelli@suragra.com","marcoantonio@suragra.com","cinthia@suragra.com","jadcve@gmail.com","tesoreria@suragra.com"],"cc":["aracelli@suragra.com","marcoantonio@suragra.com","cinthia@suragra.com","jadcve@gmail.com","tesoreria@suragra.com"],"subject":"Resumen Neto Vencido SURAGRA","id":"0101019e9777e483-af1e0dbe-2a04-49f2-9064-79859e223a46-000000","msg":"📎 Correo con logo inline enviado por SES"}
{"level":30,"time":1780657694171,"pid":10632,"hostname":"TS-SURAGRA","to":["nibaldo@frioromeral.cl","aracelli@suragra.com","marcoantonio@suragra.com","cinthia@suragra.com","jadcve@gmail.com","tesoreria@suragra.com"],"codIdtSap":"C76053250","msg":"Enviando NETO"}
{"level":30,"time":1780657694481,"pid":10632,"hostname":"TS-SURAGRA","to":["nibaldo@frioromeral.cl","aracelli@suragra.com","marcoantonio@suragra.com","cinthia@suragra.com","jadcve@gmail.com","tesoreria@suragra.com"],"cc":["aracelli@suragra.com","marcoantonio@suragra.com","cinthia@suragra.com","jadcve@gmail.com","tesoreria@suragra.com"],"subject":"Resumen Neto Vencido SURAGRA","id":"0101019e97782662-7ba58250-b657-4a72-82de-fcca74eb310c-000000","msg":"📎 Correo con logo inline enviado por SES"}
{"level":30,"time":1780657711306,"pid":10632,"hostname":"TS-SURAGRA","to":["PANGELINI@SFC.CL","aracelli@suragra.com","marcoantonio@suragra.com","cinthia@suragra.com","jadcve@gmail.com","tesoreria@suragra.com"],"codIdtSap":"C76154796","msg":"Enviando NETO"}
{"level":30,"time":1780657711622,"pid":10632,"hostname":"TS-SURAGRA","to":["PANGELINI@SFC.CL","aracelli@suragra.com","marcoantonio@suragra.com","cinthia@suragra.com","jadcve@gmail.com","tesoreria@suragra.com"],"cc":["aracelli@suragra.com","marcoantonio@suragra.com","cinthia@suragra.com","jadcve@gmail.com","tesoreria@suragra.com"],"subject":"Resumen Neto Vencido SURAGRA","id":"0101019e9778694c-ad4243cc-b7c0-4a13-a240-aa8fa4475175-000000","msg":"📎 Correo con logo inline enviado por SES"}
{"level":30,"time":1780657728036,"pid":10632,"hostname":"TS-SURAGRA","to":["adquisicionescarsal@gmail.com","aracelli@suragra.com","marcoantonio@suragra.com","cinthia@suragra.com","jadcve@gmail.com","tesoreria@suragra.com"],"codIdtSap":"C78557210","msg":"Enviando NETO"}
{"level":30,"time":1780657728332,"pid":10632,"hostname":"TS-SURAGRA","to":["adquisicionescarsal@gmail.com","aracelli@suragra.com","marcoantonio@suragra.com","cinthia@suragra.com","jadcve@gmail.com","tesoreria@suragra.com"],"cc":["aracelli@suragra.com","marcoantonio@suragra.com","cinthia@suragra.com","jadcve@gmail.com","tesoreria@suragra.com"],"subject":"Resumen Neto Vencido SURAGRA","id":"0101019e9778aaad-5f830ab8-a07d-4da6-8537-74be5f786ea0-000000","msg":"📎 Correo con logo inline enviado por SES"}
{"level":30,"time":1780657745046,"pid":10632,"hostname":"TS-SURAGRA","to":["miguel.marquez@provalle.com","aracelli@suragra.com","marcoantonio@suragra.com","cinthia@suragra.com","jadcve@gmail.com","tesoreria@suragra.com"],"codIdtSap":"C99546180","msg":"Enviando NETO"}
{"level":30,"time":1780657745326,"pid":10632,"hostname":"TS-SURAGRA","to":["miguel.marquez@provalle.com","aracelli@suragra.com","marcoantonio@suragra.com","cinthia@suragra.com","jadcve@gmail.com","tesoreria@suragra.com"],"cc":["aracelli@suragra.com","marcoantonio@suragra.com","cinthia@suragra.com","jadcve@gmail.com","tesoreria@suragra.com"],"subject":"Resumen Neto Vencido SURAGRA","id":"0101019e9778ed0c-8f85e3f4-9c60-4491-a9b7-1ace4833e274-000000","msg":"📎 Correo con logo inline enviado por SES"}
{"level":30,"time":1780657761592,"pid":10632,"hostname":"TS-SURAGRA","to":["cbarrera@zurgroup.cl","aracelli@suragra.com","marcoantonio@suragra.com","cinthia@suragra.com","jadcve@gmail.com","tesoreria@suragra.com"],"codIdtSap":"C761625829","msg":"Enviando NETO"}
{"level":30,"time":1780657761892,"pid":10632,"hostname":"TS-SURAGRA","to":["cbarrera@zurgroup.cl","aracelli@suragra.com","marcoantonio@suragra.com","cinthia@suragra.com","jadcve@gmail.com","tesoreria@suragra.com"],"cc":["aracelli@suragra.com","marcoantonio@suragra.com","cinthia@suragra.com","jadcve@gmail.com","tesoreria@suragra.com"],"subject":"Resumen Neto Vencido SURAGRA","id":"0101019e97792dbe-8a3581d8-4631-460c-9faf-94b541bfcb27-000000","msg":"📎 Correo con logo inline enviado por SES"}
{"level":30,"time":1780657761895,"pid":10632,"hostname":"TS-SURAGRA","job":"NETO","msg":"job done"}
{"level":50,"time":1780718100673,"pid":10632,"hostname":"TS-SURAGRA","job":"HEARTBEAT","err":"sendEmail is not defined","msg":"Heartbeat failed"}
{"level":50,"time":1780804500663,"pid":10632,"hostname":"TS-SURAGRA","job":"HEARTBEAT","err":"sendEmail is not defined","msg":"Heartbeat failed"}
{"level":50,"time":1780890900657,"pid":10632,"hostname":"TS-SURAGRA","job":"HEARTBEAT","err":"sendEmail is not defined","msg":"Heartbeat failed"}
{"level":50,"time":1780977300656,"pid":10632,"hostname":"TS-SURAGRA","job":"HEARTBEAT","err":"sendEmail is not defined","msg":"Heartbeat failed"}
{"level":50,"time":1781063700661,"pid":10632,"hostname":"TS-SURAGRA","job":"HEARTBEAT","err":"sendEmail is not defined","msg":"Heartbeat failed"}
{"level":50,"time":1781150100657,"pid":10632,"hostname":"TS-SURAGRA","job":"HEARTBEAT","err":"sendEmail is not defined","msg":"Heartbeat failed"}
{"level":50,"time":1781236500662,"pid":10632,"hostname":"TS-SURAGRA","job":"HEARTBEAT","err":"sendEmail is not defined","msg":"Heartbeat failed"}
{"level":30,"time":1781262000907,"pid":10632,"hostname":"TS-SURAGRA","subject":"Resumen Neto Vencido","msg":"Template cargado"}
{"level":30,"time":1781262035374,"pid":10632,"hostname":"TS-SURAGRA","to":["ADQUISICIONES@CRANA.CL","aracelli@suragra.com","marcoantonio@suragra.com","cinthia@suragra.com","jadcve@gmail.com","tesoreria@suragra.com"],"codIdtSap":"C79650240","msg":"Enviando NETO"}
{"level":30,"time":1781262036246,"pid":10632,"hostname":"TS-SURAGRA","to":["ADQUISICIONES@CRANA.CL","aracelli@suragra.com","marcoantonio@suragra.com","cinthia@suragra.com","jadcve@gmail.com","tesoreria@suragra.com"],"cc":["aracelli@suragra.com","marcoantonio@suragra.com","cinthia@suragra.com","jadcve@gmail.com","tesoreria@suragra.com"],"subject":"Resumen Neto Vencido SURAGRA","id":"0101019ebb7dac66-2835b96f-84a6-4126-a71b-d9b84da4af53-000000","msg":"📎 Correo con logo inline enviado por SES"}
{"level":30,"time":1781262052630,"pid":10632,"hostname":"TS-SURAGRA","to":["CMANZOR@GLS.CL","aracelli@suragra.com","marcoantonio@suragra.com","cinthia@suragra.com","jadcve@gmail.com","tesoreria@suragra.com"],"codIdtSap":"C99504220","msg":"Enviando NETO"}
{"level":30,"time":1781262052937,"pid":10632,"hostname":"TS-SURAGRA","to":["CMANZOR@GLS.CL","aracelli@suragra.com","marcoantonio@suragra.com","cinthia@suragra.com","jadcve@gmail.com","tesoreria@suragra.com"],"cc":["aracelli@suragra.com","marcoantonio@suragra.com","cinthia@suragra.com","jadcve@gmail.com","tesoreria@suragra.com"],"subject":"Resumen Neto Vencido SURAGRA","id":"0101019ebb7deda1-63170d05-6662-45c7-bb58-12e0e0dbb7cf-000000","msg":"📎 Correo con logo inline enviado por SES"}
{"level":30,"time":1781262073631,"pid":10632,"hostname":"TS-SURAGRA","to":["frojas@norfrut.cl","aracelli@suragra.com","marcoantonio@suragra.com","cinthia@suragra.com","jadcve@gmail.com","tesoreria@suragra.com"],"codIdtSap":"C78101430","msg":"Enviando NETO"}
{"level":30,"time":1781262073945,"pid":10632,"hostname":"TS-SURAGRA","to":["frojas@norfrut.cl","aracelli@suragra.com","marcoantonio@suragra.com","cinthia@suragra.com","jadcve@gmail.com","tesoreria@suragra.com"],"cc":["aracelli@suragra.com","marcoantonio@suragra.com","cinthia@suragra.com","jadcve@gmail.com","tesoreria@suragra.com"],"subject":"Resumen Neto Vencido SURAGRA","id":"0101019ebb7e3fa9-562f1a35-bfbf-48e9-a945-f201bb9d29de-000000","msg":"📎 Correo con logo inline enviado por SES"}
{"level":30,"time":1781262093624,"pid":10632,"hostname":"TS-SURAGRA","to":["Hercanagrolimitada.export@gmail.com","aracelli@suragra.com","marcoantonio@suragra.com","cinthia@suragra.com","jadcve@gmail.com","tesoreria@suragra.com"],"codIdtSap":"C76573605","msg":"Enviando NETO"}
{"level":30,"time":1781262093919,"pid":10632,"hostname":"TS-SURAGRA","to":["Hercanagrolimitada.export@gmail.com","aracelli@suragra.com","marcoantonio@suragra.com","cinthia@suragra.com","jadcve@gmail.com","tesoreria@suragra.com"],"cc":["aracelli@suragra.com","marcoantonio@suragra.com","cinthia@suragra.com","jadcve@gmail.com","tesoreria@suragra.com"],"subject":"Resumen Neto Vencido SURAGRA","id":"0101019ebb7e8dbe-d6a960be-0426-4cf8-a2a6-2d0441440952-000000","msg":"📎 Correo con logo inline enviado por SES"}
{"level":30,"time":1781262110418,"pid":10632,"hostname":"TS-SURAGRA","to":["alfredochimenti@gmail.com","aracelli@suragra.com","marcoantonio@suragra.com","cinthia@suragra.com","jadcve@gmail.com","tesoreria@suragra.com"],"codIdtSap":"C4344518","msg":"Enviando NETO"}
{"level":30,"time":1781262110708,"pid":10632,"hostname":"TS-SURAGRA","to":["alfredochimenti@gmail.com","aracelli@suragra.com","marcoantonio@suragra.com","cinthia@suragra.com","jadcve@gmail.com","tesoreria@suragra.com"],"cc":["aracelli@suragra.com","marcoantonio@suragra.com","cinthia@suragra.com","jadcve@gmail.com","tesoreria@suragra.com"],"subject":"Resumen Neto Vencido SURAGRA","id":"0101019ebb7ecf58-7434eae0-b24c-49fc-b1b6-7ddfbf702398-000000","msg":"📎 Correo con logo inline enviado por SES"}
{"level":30,"time":1781262127233,"pid":10632,"hostname":"TS-SURAGRA","to":["aracelli@suragra.com","marcoantonio@suragra.com","cinthia@suragra.com","jadcve@gmail.com","tesoreria@suragra.com"],"codIdtSap":"C77739754","msg":"Enviando NETO"}
{"level":30,"time":1781262127522,"pid":10632,"hostname":"TS-SURAGRA","to":["aracelli@suragra.com","marcoantonio@suragra.com","cinthia@suragra.com","jadcve@gmail.com","tesoreria@suragra.com"],"cc":["aracelli@suragra.com","marcoantonio@suragra.com","cinthia@suragra.com","jadcve@gmail.com","tesoreria@suragra.com"],"subject":"Resumen Neto Vencido SURAGRA","id":"0101019ebb7f1105-ebdb2103-3914-4139-98e4-b0d905a87ed8-000000","msg":"📎 Correo con logo inline enviado por SES"}
{"level":30,"time":1781262144052,"pid":10632,"hostname":"TS-SURAGRA","to":["FRANCISCO@ANDESBHUMI.COM","aracelli@suragra.com","marcoantonio@suragra.com","cinthia@suragra.com","jadcve@gmail.com","tesoreria@suragra.com"],"codIdtSap":"C77114643","msg":"Enviando NETO"}
{"level":30,"time":1781262144352,"pid":10632,"hostname":"TS-SURAGRA","to":["FRANCISCO@ANDESBHUMI.COM","aracelli@suragra.com","marcoantonio@suragra.com","cinthia@suragra.com","jadcve@gmail.com","tesoreria@suragra.com"],"cc":["aracelli@suragra.com","marcoantonio@suragra.com","cinthia@suragra.com","jadcve@gmail.com","tesoreria@suragra.com"],"subject":"Resumen Neto Vencido SURAGRA","id":"0101019ebb7f52bb-29a841cf-ea6c-4eb2-90e5-59a0bf34fac7-000000","msg":"📎 Correo con logo inline enviado por SES"}
{"level":30,"time":1781262160948,"pid":10632,"hostname":"TS-SURAGRA","to":["manuelbrevis@entelchile.net","aracelli@suragra.com","marcoantonio@suragra.com","cinthia@suragra.com","jadcve@gmail.com","tesoreria@suragra.com"],"codIdtSap":"C77548090","msg":"Enviando NETO"}
{"level":30,"time":1781262161245,"pid":10632,"hostname":"TS-SURAGRA","to":["manuelbrevis@entelchile.net","aracelli@suragra.com","marcoantonio@suragra.com","cinthia@suragra.com","jadcve@gmail.com","tesoreria@suragra.com"],"cc":["aracelli@suragra.com","marcoantonio@suragra.com","cinthia@suragra.com","jadcve@gmail.com","tesoreria@suragra.com"],"subject":"Resumen Neto Vencido SURAGRA","id":"0101019ebb7f94ba-e5abdcd1-1da1-48b9-9672-559daadce744-000000","msg":"📎 Correo con logo inline enviado por SES"}
{"level":30,"time":1781262177512,"pid":10632,"hostname":"TS-SURAGRA","to":["alopez@elcaminospa.cl","aracelli@suragra.com","marcoantonio@suragra.com","cinthia@suragra.com","jadcve@gmail.com","tesoreria@suragra.com"],"codIdtSap":"C76180781","msg":"Enviando NETO"}
{"level":30,"time":1781262177772,"pid":10632,"hostname":"TS-SURAGRA","to":["alopez@elcaminospa.cl","aracelli@suragra.com","marcoantonio@suragra.com","cinthia@suragra.com","jadcve@gmail.com","tesoreria@suragra.com"],"cc":["aracelli@suragra.com","marcoantonio@suragra.com","cinthia@suragra.com","jadcve@gmail.com","tesoreria@suragra.com"],"subject":"Resumen Neto Vencido SURAGRA","id":"0101019ebb7fd55a-f9dcb8d4-4a76-4569-b28d-8d987d17682a-000000","msg":"📎 Correo con logo inline enviado por SES"}
{"level":30,"time":1781262194849,"pid":10632,"hostname":"TS-SURAGRA","to":["ksalazar@greenpack.cl","aracelli@suragra.com","marcoantonio@suragra.com","cinthia@suragra.com","jadcve@gmail.com","tesoreria@suragra.com"],"codIdtSap":"C76213723","msg":"Enviando NETO"}
{"level":30,"time":1781262195142,"pid":10632,"hostname":"TS-SURAGRA","to":["ksalazar@greenpack.cl","aracelli@suragra.com","marcoantonio@suragra.com","cinthia@suragra.com","jadcve@gmail.com","tesoreria@suragra.com"],"cc":["aracelli@suragra.com","marcoantonio@suragra.com","cinthia@suragra.com","jadcve@gmail.com","tesoreria@suragra.com"],"subject":"Resumen Neto Vencido SURAGRA","id":"0101019ebb80192c-9d12120f-4691-429f-b479-833acbb7926a-000000","msg":"📎 Correo con logo inline enviado por SES"}
{"level":30,"time":1781262211620,"pid":10632,"hostname":"TS-SURAGRA","to":["pablojohow@yahoo.com","aracelli@suragra.com","marcoantonio@suragra.com","cinthia@suragra.com","jadcve@gmail.com","tesoreria@suragra.com"],"codIdtSap":"C78808520","msg":"Enviando NETO"}
{"level":30,"time":1781262211917,"pid":10632,"hostname":"TS-SURAGRA","to":["pablojohow@yahoo.com","aracelli@suragra.com","marcoantonio@suragra.com","cinthia@suragra.com","jadcve@gmail.com","tesoreria@suragra.com"],"cc":["aracelli@suragra.com","marcoantonio@suragra.com","cinthia@suragra.com","jadcve@gmail.com","tesoreria@suragra.com"],"subject":"Resumen Neto Vencido SURAGRA","id":"0101019ebb805aaa-d97a2d96-ae3d-4284-93d7-fb927b7c5834-000000","msg":"📎 Correo con logo inline enviado por SES"}
{"level":30,"time":1781262228379,"pid":10632,"hostname":"TS-SURAGRA","to":["ALAN@CFSM.CL","aracelli@suragra.com","marcoantonio@suragra.com","cinthia@suragra.com","jadcve@gmail.com","tesoreria@suragra.com"],"codIdtSap":"C96567890","msg":"Enviando NETO"}
{"level":30,"time":1781262228671,"pid":10632,"hostname":"TS-SURAGRA","to":["ALAN@CFSM.CL","aracelli@suragra.com","marcoantonio@suragra.com","cinthia@suragra.com","jadcve@gmail.com","tesoreria@suragra.com"],"cc":["aracelli@suragra.com","marcoantonio@suragra.com","cinthia@suragra.com","jadcve@gmail.com","tesoreria@suragra.com"],"subject":"Resumen Neto Vencido SURAGRA","id":"0101019ebb809c22-b0c2321d-ea40-48fc-8377-7df2a326eb4c-000000","msg":"📎 Correo con logo inline enviado por SES"}
{"level":30,"time":1781262245042,"pid":10632,"hostname":"TS-SURAGRA","to":["mc.gumucio@consultorathinking.com","aracelli@suragra.com","marcoantonio@suragra.com","cinthia@suragra.com","jadcve@gmail.com","tesoreria@suragra.com"],"codIdtSap":"C77350529","msg":"Enviando NETO"}
{"level":30,"time":1781262245334,"pid":10632,"hostname":"TS-SURAGRA","to":["mc.gumucio@consultorathinking.com","aracelli@suragra.com","marcoantonio@suragra.com","cinthia@suragra.com","jadcve@gmail.com","tesoreria@suragra.com"],"cc":["aracelli@suragra.com","marcoantonio@suragra.com","cinthia@suragra.com","jadcve@gmail.com","tesoreria@suragra.com"],"subject":"Resumen Neto Vencido SURAGRA","id":"0101019ebb80dd34-311d6e57-a490-488b-9020-bed8bc17872b-000000","msg":"📎 Correo con logo inline enviado por SES"}
{"level":30,"time":1781262261677,"pid":10632,"hostname":"TS-SURAGRA","to":["vivian.baeza@core-export.cl","aracelli@suragra.com","marcoantonio@suragra.com","cinthia@suragra.com","jadcve@gmail.com","tesoreria@suragra.com"],"codIdtSap":"C76389543-2","msg":"Enviando NETO"}
{"level":30,"time":1781262261974,"pid":10632,"hostname":"TS-SURAGRA","to":["vivian.baeza@core-export.cl","aracelli@suragra.com","marcoantonio@suragra.com","cinthia@suragra.com","jadcve@gmail.com","tesoreria@suragra.com"],"cc":["aracelli@suragra.com","marcoantonio@suragra.com","cinthia@suragra.com","jadcve@gmail.com","tesoreria@suragra.com"],"subject":"Resumen Neto Vencido SURAGRA","id":"0101019ebb811e31-e680004b-2cac-4bf2-bed0-5bd2dc834565-000000","msg":"📎 Correo con logo inline enviado por SES"}
{"level":30,"time":1781262278224,"pid":10632,"hostname":"TS-SURAGRA","to":["fernanda@espejofruits.com","aracelli@suragra.com","marcoantonio@suragra.com","cinthia@suragra.com","jadcve@gmail.com","tesoreria@suragra.com"],"codIdtSap":"C77280637","msg":"Enviando NETO"}
{"level":30,"time":1781262278536,"pid":10632,"hostname":"TS-SURAGRA","to":["fernanda@espejofruits.com","aracelli@suragra.com","marcoantonio@suragra.com","cinthia@suragra.com","jadcve@gmail.com","tesoreria@suragra.com"],"cc":["aracelli@suragra.com","marcoantonio@suragra.com","cinthia@suragra.com","jadcve@gmail.com","tesoreria@suragra.com"],"subject":"Resumen Neto Vencido SURAGRA","id":"0101019ebb815ed4-89bc77cb-3e22-4bed-88d1-49ec3fe0b2e0-000000","msg":"📎 Correo con logo inline enviado por SES"}
{"level":30,"time":1781262294785,"pid":10632,"hostname":"TS-SURAGRA","to":["r.jimenez@exportadoradisfruta.cl","aracelli@suragra.com","marcoantonio@suragra.com","cinthia@suragra.com","jadcve@gmail.com","tesoreria@suragra.com"],"codIdtSap":"C76429771","msg":"Enviando NETO"}
{"level":30,"time":1781262295087,"pid":10632,"hostname":"TS-SURAGRA","to":["r.jimenez@exportadoradisfruta.cl","aracelli@suragra.com","marcoantonio@suragra.com","cinthia@suragra.com","jadcve@gmail.com","tesoreria@suragra.com"],"cc":["aracelli@suragra.com","marcoantonio@suragra.com","cinthia@suragra.com","jadcve@gmail.com","tesoreria@suragra.com"],"subject":"Resumen Neto Vencido SURAGRA","id":"0101019ebb819f88-25d5e75e-8f9b-44da-b115-999c4fa4c30b-000000","msg":"📎 Correo con logo inline enviado por SES"}
{"level":30,"time":1781262311684,"pid":10632,"hostname":"TS-SURAGRA","to":["lpinto@fundolacampana.cl","aracelli@suragra.com","marcoantonio@suragra.com","cinthia@suragra.com","jadcve@gmail.com","tesoreria@suragra.com"],"codIdtSap":"C76979390","msg":"Enviando NETO"}
{"level":30,"time":1781262311986,"pid":10632,"hostname":"TS-SURAGRA","to":["lpinto@fundolacampana.cl","aracelli@suragra.com","marcoantonio@suragra.com","cinthia@suragra.com","jadcve@gmail.com","tesoreria@suragra.com"],"cc":["aracelli@suragra.com","marcoantonio@suragra.com","cinthia@suragra.com","jadcve@gmail.com","tesoreria@suragra.com"],"subject":"Resumen Neto Vencido SURAGRA","id":"0101019ebb81e186-391322d4-6637-4761-9195-5f8993ebe1b9-000000","msg":"📎 Correo con logo inline enviado por SES"}
{"level":30,"time":1781262328474,"pid":10632,"hostname":"TS-SURAGRA","to":["JCORTEZ@GROUPVALLEY.CL","aracelli@suragra.com","marcoantonio@suragra.com","cinthia@suragra.com","jadcve@gmail.com","tesoreria@suragra.com"],"codIdtSap":"C76885621","msg":"Enviando NETO"}
{"level":30,"time":1781262328766,"pid":10632,"hostname":"TS-SURAGRA","to":["JCORTEZ@GROUPVALLEY.CL","aracelli@suragra.com","marcoantonio@suragra.com","cinthia@suragra.com","jadcve@gmail.com","tesoreria@suragra.com"],"cc":["aracelli@suragra.com","marcoantonio@suragra.com","cinthia@suragra.com","jadcve@gmail.com","tesoreria@suragra.com"],"subject":"Resumen Neto Vencido SURAGRA","id":"0101019ebb822321-9423981d-41b5-4c25-afae-af4dc576deab-000000","msg":"📎 Correo con logo inline enviado por SES"}
{"level":30,"time":1781262345181,"pid":10632,"hostname":"TS-SURAGRA","to":["jherrera@laberintospa.cl","aracelli@suragra.com","marcoantonio@suragra.com","cinthia@suragra.com","jadcve@gmail.com","tesoreria@suragra.com"],"codIdtSap":"C76514077","msg":"Enviando NETO"}
{"level":30,"time":1781262345464,"pid":10632,"hostname":"TS-SURAGRA","to":["jherrera@laberintospa.cl","aracelli@suragra.com","marcoantonio@suragra.com","cinthia@suragra.com","jadcve@gmail.com","tesoreria@suragra.com"],"cc":["aracelli@suragra.com","marcoantonio@suragra.com","cinthia@suragra.com","jadcve@gmail.com","tesoreria@suragra.com"],"subject":"Resumen Neto Vencido SURAGRA","id":"0101019ebb82645f-3d08f683-5ae2-4653-acd4-97598c0fdb36-000000","msg":"📎 Correo con logo inline enviado por SES"}
{"level":30,"time":1781262361813,"pid":10632,"hostname":"TS-SURAGRA","to":["naedo@fieldsfruits.com","aracelli@suragra.com","marcoantonio@suragra.com","cinthia@suragra.com","jadcve@gmail.com","tesoreria@suragra.com"],"codIdtSap":"C76304361","msg":"Enviando NETO"}
{"level":30,"time":1781262362118,"pid":10632,"hostname":"TS-SURAGRA","to":["naedo@fieldsfruits.com","aracelli@suragra.com","marcoantonio@suragra.com","cinthia@suragra.com","jadcve@gmail.com","tesoreria@suragra.com"],"cc":["aracelli@suragra.com","marcoantonio@suragra.com","cinthia@suragra.com","jadcve@gmail.com","tesoreria@suragra.com"],"subject":"Resumen Neto Vencido SURAGRA","id":"0101019ebb82a559-aa0586aa-857e-476a-972c-fdb005525893-000000","msg":"📎 Correo con logo inline enviado por SES"}
{"level":30,"time":1781262378603,"pid":10632,"hostname":"TS-SURAGRA","to":["jcastro@geofrut.cl","aracelli@suragra.com","marcoantonio@suragra.com","cinthia@suragra.com","jadcve@gmail.com","tesoreria@suragra.com"],"codIdtSap":"C96609410","msg":"Enviando NETO"}
{"level":30,"time":1781262378939,"pid":10632,"hostname":"TS-SURAGRA","to":["jcastro@geofrut.cl","aracelli@suragra.com","marcoantonio@suragra.com","cinthia@suragra.com","jadcve@gmail.com","tesoreria@suragra.com"],"cc":["aracelli@suragra.com","marcoantonio@suragra.com","cinthia@suragra.com","jadcve@gmail.com","tesoreria@suragra.com"],"subject":"Resumen Neto Vencido SURAGRA","id":"0101019ebb82e6f0-1d2a3779-6cce-4632-8e53-1a71c05deabe-000000","msg":"📎 Correo con logo inline enviado por SES"}
{"level":30,"time":1781262399882,"pid":10632,"hostname":"TS-SURAGRA","to":["paula.munoz@santa-rosario.com","aracelli@suragra.com","marcoantonio@suragra.com","cinthia@suragra.com","jadcve@gmail.com","tesoreria@suragra.com"],"codIdtSap":"C77757654","msg":"Enviando NETO"}
{"level":30,"time":1781262400165,"pid":10632,"hostname":"TS-SURAGRA","to":["paula.munoz@santa-rosario.com","aracelli@suragra.com","marcoantonio@suragra.com","cinthia@suragra.com","jadcve@gmail.com","tesoreria@suragra.com"],"cc":["aracelli@suragra.com","marcoantonio@suragra.com","cinthia@suragra.com","jadcve@gmail.com","tesoreria@suragra.com"],"subject":"Resumen Neto Vencido SURAGRA","id":"0101019ebb833a0a-1d27b354-c9ac-47cb-bd40-1d1b4617e740-000000","msg":"📎 Correo con logo inline enviado por SES"}
{"level":30,"time":1781262417251,"pid":10632,"hostname":"TS-SURAGRA","to":["MATERIALES@LOSOLMOS.CL","aracelli@suragra.com","marcoantonio@suragra.com","cinthia@suragra.com","jadcve@gmail.com","tesoreria@suragra.com"],"codIdtSap":"C76081733","msg":"Enviando NETO"}
{"level":30,"time":1781262417547,"pid":10632,"hostname":"TS-SURAGRA","to":["MATERIALES@LOSOLMOS.CL","aracelli@suragra.com","marcoantonio@suragra.com","cinthia@suragra.com","jadcve@gmail.com","tesoreria@suragra.com"],"cc":["aracelli@suragra.com","marcoantonio@suragra.com","cinthia@suragra.com","jadcve@gmail.com","tesoreria@suragra.com"],"subject":"Resumen Neto Vencido SURAGRA","id":"0101019ebb837de6-fbda4ba8-c66e-4761-8c57-e808a8ab96b2-000000","msg":"📎 Correo con logo inline enviado por SES"}
{"level":30,"time":1781262434178,"pid":10632,"hostname":"TS-SURAGRA","to":["frojas@norfrut.cl","aracelli@suragra.com","marcoantonio@suragra.com","cinthia@suragra.com","jadcve@gmail.com","tesoreria@suragra.com"],"codIdtSap":"C76056132","msg":"Enviando NETO"}
{"level":30,"time":1781262434544,"pid":10632,"hostname":"TS-SURAGRA","to":["frojas@norfrut.cl","aracelli@suragra.com","marcoantonio@suragra.com","cinthia@suragra.com","jadcve@gmail.com","tesoreria@suragra.com"],"cc":["aracelli@suragra.com","marcoantonio@suragra.com","cinthia@suragra.com","jadcve@gmail.com","tesoreria@suragra.com"],"subject":"Resumen Neto Vencido SURAGRA","id":"0101019ebb83c00a-08407dab-93c2-41c8-ac8e-4d90abad6af8-000000","msg":"📎 Correo con logo inline enviado por SES"}
{"level":30,"time":1781262450787,"pid":10632,"hostname":"TS-SURAGRA","to":["ALEJANDRASM@QUINTAYFRUIT.CL","aracelli@suragra.com","marcoantonio@suragra.com","cinthia@suragra.com","jadcve@gmail.com","tesoreria@suragra.com"],"codIdtSap":"C99578700","msg":"Enviando NETO"}
{"level":30,"time":1781262451069,"pid":10632,"hostname":"TS-SURAGRA","to":["ALEJANDRASM@QUINTAYFRUIT.CL","aracelli@suragra.com","marcoantonio@suragra.com","cinthia@suragra.com","jadcve@gmail.com","tesoreria@suragra.com"],"cc":["aracelli@suragra.com","marcoantonio@suragra.com","cinthia@suragra.com","jadcve@gmail.com","tesoreria@suragra.com"],"subject":"Resumen Neto Vencido SURAGRA","id":"0101019ebb8400eb-0654f1e3-3ed2-465a-8bac-32538ac0e6a2-000000","msg":"📎 Correo con logo inline enviado por SES"}
{"level":30,"time":1781262467293,"pid":10632,"hostname":"TS-SURAGRA","to":["cmanzor@gls.cl","aracelli@suragra.com","marcoantonio@suragra.com","cinthia@suragra.com","jadcve@gmail.com","tesoreria@suragra.com"],"codIdtSap":"C77772750","msg":"Enviando NETO"}
{"level":30,"time":1781262467595,"pid":10632,"hostname":"TS-SURAGRA","to":["cmanzor@gls.cl","aracelli@suragra.com","marcoantonio@suragra.com","cinthia@suragra.com","jadcve@gmail.com","tesoreria@suragra.com"],"cc":["aracelli@suragra.com","marcoantonio@suragra.com","cinthia@suragra.com","jadcve@gmail.com","tesoreria@suragra.com"],"subject":"Resumen Neto Vencido SURAGRA","id":"0101019ebb844163-4d9d7ad2-8aaf-46cb-90f4-8ef8bd988bca-000000","msg":"📎 Correo con logo inline enviado por SES"}
{"level":30,"time":1781262484255,"pid":10632,"hostname":"TS-SURAGRA","to":["storo@upacfruit.com","aracelli@suragra.com","marcoantonio@suragra.com","cinthia@suragra.com","jadcve@gmail.com","tesoreria@suragra.com"],"codIdtSap":"C76738610","msg":"Enviando NETO"}
{"level":30,"time":1781262484692,"pid":10632,"hostname":"TS-SURAGRA","to":["storo@upacfruit.com","aracelli@suragra.com","marcoantonio@suragra.com","cinthia@suragra.com","jadcve@gmail.com","tesoreria@suragra.com"],"cc":["aracelli@suragra.com","marcoantonio@suragra.com","cinthia@suragra.com","jadcve@gmail.com","tesoreria@suragra.com"],"subject":"Resumen Neto Vencido SURAGRA","id":"0101019ebb8483a9-2303dc93-158b-4938-8a0d-3389517d0fd9-000000","msg":"📎 Correo con logo inline enviado por SES"}
{"level":30,"time":1781262501372,"pid":10632,"hostname":"TS-SURAGRA","to":["adquisicionescarsal@gmail.com","aracelli@suragra.com","marcoantonio@suragra.com","cinthia@suragra.com","jadcve@gmail.com","tesoreria@suragra.com"],"codIdtSap":"C78557210","msg":"Enviando NETO"}
{"level":30,"time":1781262501729,"pid":10632,"hostname":"TS-SURAGRA","to":["adquisicionescarsal@gmail.com","aracelli@suragra.com","marcoantonio@suragra.com","cinthia@suragra.com","jadcve@gmail.com","tesoreria@suragra.com"],"cc":["aracelli@suragra.com","marcoantonio@suragra.com","cinthia@suragra.com","jadcve@gmail.com","tesoreria@suragra.com"],"subject":"Resumen Neto Vencido SURAGRA","id":"0101019ebb84c680-a31fdc52-1c28-4d57-877c-b5c5e8a3a32d-000000","msg":"📎 Correo con logo inline enviado por SES"}
{"level":30,"time":1781262518076,"pid":10632,"hostname":"TS-SURAGRA","to":["miguel.marquez@provalle.com","aracelli@suragra.com","marcoantonio@suragra.com","cinthia@suragra.com","jadcve@gmail.com","tesoreria@suragra.com"],"codIdtSap":"C99546180","msg":"Enviando NETO"}
{"level":30,"time":1781262518363,"pid":10632,"hostname":"TS-SURAGRA","to":["miguel.marquez@provalle.com","aracelli@suragra.com","marcoantonio@suragra.com","cinthia@suragra.com","jadcve@gmail.com","tesoreria@suragra.com"],"cc":["aracelli@suragra.com","marcoantonio@suragra.com","cinthia@suragra.com","jadcve@gmail.com","tesoreria@suragra.com"],"subject":"Resumen Neto Vencido SURAGRA","id":"0101019ebb8507c0-77e78463-78a8-441a-815d-119ec2569bc3-000000","msg":"📎 Correo con logo inline enviado por SES"}
{"level":30,"time":1781262534587,"pid":10632,"hostname":"TS-SURAGRA","to":["GHERNANDEZ@SALC.CL","aracelli@suragra.com","marcoantonio@suragra.com","cinthia@suragra.com","jadcve@gmail.com","tesoreria@suragra.com"],"codIdtSap":"C77221510","msg":"Enviando NETO"}
{"level":30,"time":1781262534878,"pid":10632,"hostname":"TS-SURAGRA","to":["GHERNANDEZ@SALC.CL","aracelli@suragra.com","marcoantonio@suragra.com","cinthia@suragra.com","jadcve@gmail.com","tesoreria@suragra.com"],"cc":["aracelli@suragra.com","marcoantonio@suragra.com","cinthia@suragra.com","jadcve@gmail.com","tesoreria@suragra.com"],"subject":"Resumen Neto Vencido SURAGRA","id":"0101019ebb85483f-4f6d6b3b-ed85-43a0-8893-236a7264ce76-000000","msg":"📎 Correo con logo inline enviado por SES"}
{"level":30,"time":1781262551428,"pid":10632,"hostname":"TS-SURAGRA","to":["cbarrera@zurgroup.cl","aracelli@suragra.com","marcoantonio@suragra.com","cinthia@suragra.com","jadcve@gmail.com","tesoreria@suragra.com"],"codIdtSap":"C761625829","msg":"Enviando NETO"}
{"level":30,"time":1781262551711,"pid":10632,"hostname":"TS-SURAGRA","to":["cbarrera@zurgroup.cl","aracelli@suragra.com","marcoantonio@suragra.com","cinthia@suragra.com","jadcve@gmail.com","tesoreria@suragra.com"],"cc":["aracelli@suragra.com","marcoantonio@suragra.com","cinthia@suragra.com","jadcve@gmail.com","tesoreria@suragra.com"],"subject":"Resumen Neto Vencido SURAGRA","id":"0101019ebb858a06-9ce0403d-ffac-4937-84c6-743abdb8902b-000000","msg":"📎 Correo con logo inline enviado por SES"}
{"level":30,"time":1781262551713,"pid":10632,"hostname":"TS-SURAGRA","job":"NETO","msg":"job done"}
{"level":50,"time":1781322900675,"pid":10632,"hostname":"TS-SURAGRA","job":"HEARTBEAT","err":"sendEmail is not defined","msg":"Heartbeat failed"}
{"level":50,"time":1781409300653,"pid":10632,"hostname":"TS-SURAGRA","job":"HEARTBEAT","err":"sendEmail is not defined","msg":"Heartbeat failed"}
{"level":50,"time":1781495700655,"pid":10632,"hostname":"TS-SURAGRA","job":"HEARTBEAT","err":"sendEmail is not defined","msg":"Heartbeat failed"}
{"level":30,"time":1781524800839,"pid":10632,"hostname":"TS-SURAGRA","subject":"Resumen IVA Vencido","msg":"Template IMOR cargado"}
{"level":30,"time":1781525108221,"pid":10632,"hostname":"TS-SURAGRA","to":["TESORERIA@AGROFRUTA.CL","aracelli@suragra.com","marcoantonio@suragra.com","cinthia@suragra.com","jadcve@gmail.com","tesoreria@suragra.com"],"codIdtSap":"C96771340","msg":"Enviando IMOR"}
{"level":30,"time":1781525108986,"pid":10632,"hostname":"TS-SURAGRA","to":["TESORERIA@AGROFRUTA.CL","aracelli@suragra.com","marcoantonio@suragra.com","cinthia@suragra.com","jadcve@gmail.com","tesoreria@suragra.com"],"cc":["aracelli@suragra.com","marcoantonio@suragra.com","cinthia@suragra.com","jadcve@gmail.com","tesoreria@suragra.com"],"subject":"Resumen IVA Vencido SURAGRA","id":"0101019ecb2bd853-ef01d908-6abb-4077-ae83-385658ad162d-000000","msg":"✉️ Correo enviado por SES"}
{"level":30,"time":1781525123376,"pid":10632,"hostname":"TS-SURAGRA","to":["diego.correa@ddc.cl","aracelli@suragra.com","marcoantonio@suragra.com","cinthia@suragra.com","jadcve@gmail.com","tesoreria@suragra.com"],"codIdtSap":"C93329000","msg":"Enviando IMOR"}
{"level":30,"time":1781525123664,"pid":10632,"hostname":"TS-SURAGRA","to":["diego.correa@ddc.cl","aracelli@suragra.com","marcoantonio@suragra.com","cinthia@suragra.com","jadcve@gmail.com","tesoreria@suragra.com"],"cc":["aracelli@suragra.com","marcoantonio@suragra.com","cinthia@suragra.com","jadcve@gmail.com","tesoreria@suragra.com"],"subject":"Resumen IVA Vencido SURAGRA","id":"0101019ecb2c11b1-dfdf3e35-c93b-4ee0-bbf1-24ac59374aaa-000000","msg":"✉️ Correo enviado por SES"}
{"level":30,"time":1781525137792,"pid":10632,"hostname":"TS-SURAGRA","to":["ialbarado@boufruits.cl","aracelli@suragra.com","marcoantonio@suragra.com","cinthia@suragra.com","jadcve@gmail.com","tesoreria@suragra.com"],"codIdtSap":"C76407066","msg":"Enviando IMOR"}
{"level":30,"time":1781525138085,"pid":10632,"hostname":"TS-SURAGRA","to":["ialbarado@boufruits.cl","aracelli@suragra.com","marcoantonio@suragra.com","cinthia@suragra.com","jadcve@gmail.com","tesoreria@suragra.com"],"cc":["aracelli@suragra.com","marcoantonio@suragra.com","cinthia@suragra.com","jadcve@gmail.com","tesoreria@suragra.com"],"subject":"Resumen IVA Vencido SURAGRA","id":"0101019ecb2c49f9-671f7af2-0fa3-46cb-85b4-27454ecd0b9a-000000","msg":"✉️ Correo enviado por SES"}
{"level":30,"time":1781525152387,"pid":10632,"hostname":"TS-SURAGRA","to":["MATERIALES@LOSOLMOS.CL","aracelli@suragra.com","marcoantonio@suragra.com","cinthia@suragra.com","jadcve@gmail.com","tesoreria@suragra.com"],"codIdtSap":"C76081733","msg":"Enviando IMOR"}
{"level":30,"time":1781525152700,"pid":10632,"hostname":"TS-SURAGRA","to":["MATERIALES@LOSOLMOS.CL","aracelli@suragra.com","marcoantonio@suragra.com","cinthia@suragra.com","jadcve@gmail.com","tesoreria@suragra.com"],"cc":["aracelli@suragra.com","marcoantonio@suragra.com","cinthia@suragra.com","jadcve@gmail.com","tesoreria@suragra.com"],"subject":"Resumen IVA Vencido SURAGRA","id":"0101019ecb2c8304-b493c77a-b48a-4ce6-865b-ed3ebba9da73-000000","msg":"✉️ Correo enviado por SES"}
{"level":30,"time":1781525175017,"pid":10632,"hostname":"TS-SURAGRA","to":["fernanda@espejofruits.com","aracelli@suragra.com","marcoantonio@suragra.com","cinthia@suragra.com","jadcve@gmail.com","tesoreria@suragra.com"],"codIdtSap":"C77280637","msg":"Enviando IMOR"}
{"level":30,"time":1781525175326,"pid":10632,"hostname":"TS-SURAGRA","to":["fernanda@espejofruits.com","aracelli@suragra.com","marcoantonio@suragra.com","cinthia@suragra.com","jadcve@gmail.com","tesoreria@suragra.com"],"cc":["aracelli@suragra.com","marcoantonio@suragra.com","cinthia@suragra.com","jadcve@gmail.com","tesoreria@suragra.com"],"subject":"Resumen IVA Vencido SURAGRA","id":"0101019ecb2cdb67-236ac8c7-ca1b-4ad1-ab7c-03fac9e7abd1-000000","msg":"✉️ Correo enviado por SES"}
{"level":30,"time":1781525184462,"pid":10632,"hostname":"TS-SURAGRA","to":["felipe@utilitas.cl","aracelli@suragra.com","marcoantonio@suragra.com","cinthia@suragra.com","jadcve@gmail.com","tesoreria@suragra.com"],"codIdtSap":"C77884228","msg":"Enviando IMOR"}
{"level":30,"time":1781525184753,"pid":10632,"hostname":"TS-SURAGRA","to":["felipe@utilitas.cl","aracelli@suragra.com","marcoantonio@suragra.com","cinthia@suragra.com","jadcve@gmail.com","tesoreria@suragra.com"],"cc":["aracelli@suragra.com","marcoantonio@suragra.com","cinthia@suragra.com","jadcve@gmail.com","tesoreria@suragra.com"],"subject":"Resumen IVA Vencido SURAGRA","id":"0101019ecb2d004b-3631ef3c-a5af-48dc-8c7a-3f8eb84a663b-000000","msg":"✉️ Correo enviado por SES"}
{"level":30,"time":1781525199009,"pid":10632,"hostname":"TS-SURAGRA","to":["mherrera@rucaray.cl","aracelli@suragra.com","marcoantonio@suragra.com","cinthia@suragra.com","jadcve@gmail.com","tesoreria@suragra.com"],"codIdtSap":"C96988350","msg":"Enviando IMOR"}
{"level":30,"time":1781525199294,"pid":10632,"hostname":"TS-SURAGRA","to":["mherrera@rucaray.cl","aracelli@suragra.com","marcoantonio@suragra.com","cinthia@suragra.com","jadcve@gmail.com","tesoreria@suragra.com"],"cc":["aracelli@suragra.com","marcoantonio@suragra.com","cinthia@suragra.com","jadcve@gmail.com","tesoreria@suragra.com"],"subject":"Resumen IVA Vencido SURAGRA","id":"0101019ecb2d3921-45fd9ac2-98d0-49f1-967c-b3b6377782b9-000000","msg":"✉️ Correo enviado por SES"}
{"level":30,"time":1781525217586,"pid":10632,"hostname":"TS-SURAGRA","to":["alfredochimenti@gmail.com","aracelli@suragra.com","marcoantonio@suragra.com","cinthia@suragra.com","jadcve@gmail.com","tesoreria@suragra.com"],"codIdtSap":"C4344518","msg":"Enviando IMOR"}
{"level":30,"time":1781525217882,"pid":10632,"hostname":"TS-SURAGRA","to":["alfredochimenti@gmail.com","aracelli@suragra.com","marcoantonio@suragra.com","cinthia@suragra.com","jadcve@gmail.com","tesoreria@suragra.com"],"cc":["aracelli@suragra.com","marcoantonio@suragra.com","cinthia@suragra.com","jadcve@gmail.com","tesoreria@suragra.com"],"subject":"Resumen IVA Vencido SURAGRA","id":"0101019ecb2d81b0-8c835133-2671-44ab-bde6-eab3ea4c2b4d-000000","msg":"✉️ Correo enviado por SES"}
{"level":30,"time":1781525232094,"pid":10632,"hostname":"TS-SURAGRA","to":["FELIPE@UTILITAS.CL","aracelli@suragra.com","marcoantonio@suragra.com","cinthia@suragra.com","jadcve@gmail.com","tesoreria@suragra.com"],"codIdtSap":"C76069607","msg":"Enviando IMOR"}
{"level":30,"time":1781525232380,"pid":10632,"hostname":"TS-SURAGRA","to":["FELIPE@UTILITAS.CL","aracelli@suragra.com","marcoantonio@suragra.com","cinthia@suragra.com","jadcve@gmail.com","tesoreria@suragra.com"],"cc":["aracelli@suragra.com","marcoantonio@suragra.com","cinthia@suragra.com","jadcve@gmail.com","tesoreria@suragra.com"],"subject":"Resumen IVA Vencido SURAGRA","id":"0101019ecb2dba60-cfca1b2e-92fc-4d1e-ac8d-996f48796c9d-000000","msg":"✉️ Correo enviado por SES"}
{"level":30,"time":1781525250610,"pid":10632,"hostname":"TS-SURAGRA","to":["maria.nahuel@geexsa.com","aracelli@suragra.com","marcoantonio@suragra.com","cinthia@suragra.com","jadcve@gmail.com","tesoreria@suragra.com"],"codIdtSap":"C96867620","msg":"Enviando IMOR"}
{"level":30,"time":1781525250895,"pid":10632,"hostname":"TS-SURAGRA","to":["maria.nahuel@geexsa.com","aracelli@suragra.com","marcoantonio@suragra.com","cinthia@suragra.com","jadcve@gmail.com","tesoreria@suragra.com"],"cc":["aracelli@suragra.com","marcoantonio@suragra.com","cinthia@suragra.com","jadcve@gmail.com","tesoreria@suragra.com"],"subject":"Resumen IVA Vencido SURAGRA","id":"0101019ecb2e02b5-0a0dc702-9c68-43ac-a679-d71b95a19bc3-000000","msg":"✉️ Correo enviado por SES"}
{"level":30,"time":1781525269023,"pid":10632,"hostname":"TS-SURAGRA","to":["ADMINISTRACION@CMXGROUP.NET","aracelli@suragra.com","marcoantonio@suragra.com","cinthia@suragra.com","jadcve@gmail.com","tesoreria@suragra.com"],"codIdtSap":"C76446121","msg":"Enviando IMOR"}
{"level":30,"time":1781525269297,"pid":10632,"hostname":"TS-SURAGRA","to":["ADMINISTRACION@CMXGROUP.NET","aracelli@suragra.com","marcoantonio@suragra.com","cinthia@suragra.com","jadcve@gmail.com","tesoreria@suragra.com"],"cc":["aracelli@suragra.com","marcoantonio@suragra.com","cinthia@suragra.com","jadcve@gmail.com","tesoreria@suragra.com"],"subject":"Resumen IVA Vencido SURAGRA","id":"0101019ecb2e4a9c-b04c4737-85be-4e6e-8a74-27a3c0509f62-000000","msg":"✉️ Correo enviado por SES"}
{"level":30,"time":1781525287567,"pid":10632,"hostname":"TS-SURAGRA","to":["lmiranda@cylfrut.cl","aracelli@suragra.com","marcoantonio@suragra.com","cinthia@suragra.com","jadcve@gmail.com","tesoreria@suragra.com"],"codIdtSap":"C76904417","msg":"Enviando IMOR"}
{"level":30,"time":1781525287852,"pid":10632,"hostname":"TS-SURAGRA","to":["lmiranda@cylfrut.cl","aracelli@suragra.com","marcoantonio@suragra.com","cinthia@suragra.com","jadcve@gmail.com","tesoreria@suragra.com"],"cc":["aracelli@suragra.com","marcoantonio@suragra.com","cinthia@suragra.com","jadcve@gmail.com","tesoreria@suragra.com"],"subject":"Resumen IVA Vencido SURAGRA","id":"0101019ecb2e930c-c2b29602-6ee3-4d00-8398-639afd1d9d0c-000000","msg":"✉️ Correo enviado por SES"}
{"level":30,"time":1781525302195,"pid":10632,"hostname":"TS-SURAGRA","to":["fcm@johnsonfruit.cl","aracelli@suragra.com","marcoantonio@suragra.com","cinthia@suragra.com","jadcve@gmail.com","tesoreria@suragra.com"],"codIdtSap":"C77341510","msg":"Enviando IMOR"}
{"level":30,"time":1781525302445,"pid":10632,"hostname":"TS-SURAGRA","to":["fcm@johnsonfruit.cl","aracelli@suragra.com","marcoantonio@suragra.com","cinthia@suragra.com","jadcve@gmail.com","tesoreria@suragra.com"],"cc":["aracelli@suragra.com","marcoantonio@suragra.com","cinthia@suragra.com","jadcve@gmail.com","tesoreria@suragra.com"],"subject":"Resumen IVA Vencido SURAGRA","id":"0101019ecb2ecc1b-c6128951-69d6-45d6-bda6-ea5eccf1d85a-000000","msg":"✉️ Correo enviado por SES"}
{"level":30,"time":1781525316490,"pid":10632,"hostname":"TS-SURAGRA","to":["felipe@utilitas.cl","aracelli@suragra.com","marcoantonio@suragra.com","cinthia@suragra.com","jadcve@gmail.com","tesoreria@suragra.com"],"codIdtSap":"C79686480","msg":"Enviando IMOR"}
{"level":30,"time":1781525316788,"pid":10632,"hostname":"TS-SURAGRA","to":["felipe@utilitas.cl","aracelli@suragra.com","marcoantonio@suragra.com","cinthia@suragra.com","jadcve@gmail.com","tesoreria@suragra.com"],"cc":["aracelli@suragra.com","marcoantonio@suragra.com","cinthia@suragra.com","jadcve@gmail.com","tesoreria@suragra.com"],"subject":"Resumen IVA Vencido SURAGRA","id":"0101019ecb2f040d-fa30a1ca-babe-486d-8040-93a8bb4e544b-000000","msg":"✉️ Correo enviado por SES"}
{"level":30,"time":1781525331015,"pid":10632,"hostname":"TS-SURAGRA","to":["storo@upacfruit.com","aracelli@suragra.com","marcoantonio@suragra.com","cinthia@suragra.com","jadcve@gmail.com","tesoreria@suragra.com"],"codIdtSap":"C76738610","msg":"Enviando IMOR"}
{"level":30,"time":1781525331284,"pid":10632,"hostname":"TS-SURAGRA","to":["storo@upacfruit.com","aracelli@suragra.com","marcoantonio@suragra.com","cinthia@suragra.com","jadcve@gmail.com","tesoreria@suragra.com"],"cc":["aracelli@suragra.com","marcoantonio@suragra.com","cinthia@suragra.com","jadcve@gmail.com","tesoreria@suragra.com"],"subject":"Resumen IVA Vencido SURAGRA","id":"0101019ecb2f3cc1-5f18bf8d-85fa-4c31-9334-1a17d99da482-000000","msg":"✉️ Correo enviado por SES"}
{"level":30,"time":1781525361758,"pid":10632,"hostname":"TS-SURAGRA","to":["paula.munoz@santa-rosario.com","aracelli@suragra.com","marcoantonio@suragra.com","cinthia@suragra.com","jadcve@gmail.com","tesoreria@suragra.com"],"codIdtSap":"C77757654","msg":"Enviando IMOR"}
{"level":30,"time":1781525362048,"pid":10632,"hostname":"TS-SURAGRA","to":["paula.munoz@santa-rosario.com","aracelli@suragra.com","marcoantonio@suragra.com","cinthia@suragra.com","jadcve@gmail.com","tesoreria@suragra.com"],"cc":["aracelli@suragra.com","marcoantonio@suragra.com","cinthia@suragra.com","jadcve@gmail.com","tesoreria@suragra.com"],"subject":"Resumen IVA Vencido SURAGRA","id":"0101019ecb2fb4df-fb3cfcf6-3987-45cf-b104-3588e37b35fd-000000","msg":"✉️ Correo enviado por SES"}
{"level":30,"time":1781525384392,"pid":10632,"hostname":"TS-SURAGRA","to":["lpinto@fundolacampana.cl","aracelli@suragra.com","marcoantonio@suragra.com","cinthia@suragra.com","jadcve@gmail.com","tesoreria@suragra.com"],"codIdtSap":"C76979390","msg":"Enviando IMOR"}
{"level":30,"time":1781525384693,"pid":10632,"hostname":"TS-SURAGRA","to":["lpinto@fundolacampana.cl","aracelli@suragra.com","marcoantonio@suragra.com","cinthia@suragra.com","jadcve@gmail.com","tesoreria@suragra.com"],"cc":["aracelli@suragra.com","marcoantonio@suragra.com","cinthia@suragra.com","jadcve@gmail.com","tesoreria@suragra.com"],"subject":"Resumen IVA Vencido SURAGRA","id":"0101019ecb300d44-443737cb-1977-4891-bef8-51188222e1c6-000000","msg":"✉️ Correo enviado por SES"}
{"level":30,"time":1781525456297,"pid":10632,"hostname":"TS-SURAGRA","to":["ksalazar@greenpack.cl","aracelli@suragra.com","marcoantonio@suragra.com","cinthia@suragra.com","jadcve@gmail.com","tesoreria@suragra.com"],"codIdtSap":"C76213723","msg":"Enviando IMOR"}
{"level":30,"time":1781525457118,"pid":10632,"hostname":"TS-SURAGRA","to":["ksalazar@greenpack.cl","aracelli@suragra.com","marcoantonio@suragra.com","cinthia@suragra.com","jadcve@gmail.com","tesoreria@suragra.com"],"cc":["aracelli@suragra.com","marcoantonio@suragra.com","cinthia@suragra.com","jadcve@gmail.com","tesoreria@suragra.com"],"subject":"Resumen IVA Vencido SURAGRA","id":"0101019ecb312839-19aaac93-96b8-433f-9c31-f4dec14bd0a1-000000","msg":"✉️ Correo enviado por SES"}
{"level":30,"time":1781525471593,"pid":10632,"hostname":"TS-SURAGRA","to":["felipe@utilitas.cl","aracelli@suragra.com","marcoantonio@suragra.com","cinthia@suragra.com","jadcve@gmail.com","tesoreria@suragra.com"],"codIdtSap":"C77702702","msg":"Enviando IMOR"}
{"level":30,"time":1781525471871,"pid":10632,"hostname":"TS-SURAGRA","to":["felipe@utilitas.cl","aracelli@suragra.com","marcoantonio@suragra.com","cinthia@suragra.com","jadcve@gmail.com","tesoreria@suragra.com"],"cc":["aracelli@suragra.com","marcoantonio@suragra.com","cinthia@suragra.com","jadcve@gmail.com","tesoreria@suragra.com"],"subject":"Resumen IVA Vencido SURAGRA","id":"0101019ecb3161e3-c208c8c3-0aa5-401e-93af-399b32efb7d6-000000","msg":"✉️ Correo enviado por SES"}
{"level":30,"time":1781525471874,"pid":10632,"hostname":"TS-SURAGRA","job":"IVA","msg":"job done"}
{"level":50,"time":1781582100726,"pid":10632,"hostname":"TS-SURAGRA","job":"HEARTBEAT","err":"sendEmail is not defined","msg":"Heartbeat failed"}
{"level":50,"time":1781668500659,"pid":10632,"hostname":"TS-SURAGRA","job":"HEARTBEAT","err":"sendEmail is not defined","msg":"Heartbeat failed"}
{"level":50,"time":1781754900659,"pid":10632,"hostname":"TS-SURAGRA","job":"HEARTBEAT","err":"sendEmail is not defined","msg":"Heartbeat failed"}
{"level":50,"time":1781841300711,"pid":10632,"hostname":"TS-SURAGRA","job":"HEARTBEAT","err":"sendEmail is not defined","msg":"Heartbeat failed"}
{"level":30,"time":1781866800931,"pid":10632,"hostname":"TS-SURAGRA","subject":"Resumen Neto Vencido","msg":"Template cargado"}
{"level":30,"time":1781866835480,"pid":10632,"hostname":"TS-SURAGRA","to":["RAMON.ACOSTA@ACOSTAHNOS.CL","aracelli@suragra.com","marcoantonio@suragra.com","cinthia@suragra.com","jadcve@gmail.com","tesoreria@suragra.com"],"codIdtSap":"C77142343","msg":"Enviando NETO"}
{"level":30,"time":1781866836349,"pid":10632,"hostname":"TS-SURAGRA","to":["RAMON.ACOSTA@ACOSTAHNOS.CL","aracelli@suragra.com","marcoantonio@suragra.com","cinthia@suragra.com","jadcve@gmail.com","tesoreria@suragra.com"],"cc":["aracelli@suragra.com","marcoantonio@suragra.com","cinthia@suragra.com","jadcve@gmail.com","tesoreria@suragra.com"],"subject":"Resumen Neto Vencido SURAGRA","id":"0101019edf8a30d9-963159fc-1b32-45d5-a13e-28947e0cd1f5-000000","msg":"📎 Correo con logo inline enviado por SES"}
{"level":30,"time":1781866852648,"pid":10632,"hostname":"TS-SURAGRA","to":["ADQUISICIONES@CRANA.CL","aracelli@suragra.com","marcoantonio@suragra.com","cinthia@suragra.com","jadcve@gmail.com","tesoreria@suragra.com"],"codIdtSap":"C79650240","msg":"Enviando NETO"}
{"level":30,"time":1781866852954,"pid":10632,"hostname":"TS-SURAGRA","to":["ADQUISICIONES@CRANA.CL","aracelli@suragra.com","marcoantonio@suragra.com","cinthia@suragra.com","jadcve@gmail.com","tesoreria@suragra.com"],"cc":["aracelli@suragra.com","marcoantonio@suragra.com","cinthia@suragra.com","jadcve@gmail.com","tesoreria@suragra.com"],"subject":"Resumen Neto Vencido SURAGRA","id":"0101019edf8a71af-1f8f7693-6ad6-4b61-9145-53b6acc91910-000000","msg":"📎 Correo con logo inline enviado por SES"}
{"level":30,"time":1781866869615,"pid":10632,"hostname":"TS-SURAGRA","to":["fcm@johnsonfruit.cl","aracelli@suragra.com","marcoantonio@suragra.com","cinthia@suragra.com","jadcve@gmail.com","tesoreria@suragra.com"],"codIdtSap":"C77341510","msg":"Enviando NETO"}
{"level":30,"time":1781866869950,"pid":10632,"hostname":"TS-SURAGRA","to":["fcm@johnsonfruit.cl","aracelli@suragra.com","marcoantonio@suragra.com","cinthia@suragra.com","jadcve@gmail.com","tesoreria@suragra.com"],"cc":["aracelli@suragra.com","marcoantonio@suragra.com","cinthia@suragra.com","jadcve@gmail.com","tesoreria@suragra.com"],"subject":"Resumen Neto Vencido SURAGRA","id":"0101019edf8ab3fa-f70bca01-d168-471f-96fd-1fe5f7ebdc55-000000","msg":"📎 Correo con logo inline enviado por SES"}
{"level":30,"time":1781866886649,"pid":10632,"hostname":"TS-SURAGRA","to":["frojas@norfrut.cl","aracelli@suragra.com","marcoantonio@suragra.com","cinthia@suragra.com","jadcve@gmail.com","tesoreria@suragra.com"],"codIdtSap":"C78101430","msg":"Enviando NETO"}
{"level":30,"time":1781866886982,"pid":10632,"hostname":"TS-SURAGRA","to":["frojas@norfrut.cl","aracelli@suragra.com","marcoantonio@suragra.com","cinthia@suragra.com","jadcve@gmail.com","tesoreria@suragra.com"],"cc":["aracelli@suragra.com","marcoantonio@suragra.com","cinthia@suragra.com","jadcve@gmail.com","tesoreria@suragra.com"],"subject":"Resumen Neto Vencido SURAGRA","id":"0101019edf8af681-8f25e6e2-6952-4adf-bbb7-5b7c529047fa-000000","msg":"📎 Correo con logo inline enviado por SES"}
{"level":30,"time":1781866906669,"pid":10632,"hostname":"TS-SURAGRA","to":["Hercanagrolimitada.export@gmail.com","aracelli@suragra.com","marcoantonio@suragra.com","cinthia@suragra.com","jadcve@gmail.com","tesoreria@suragra.com"],"codIdtSap":"C76573605","msg":"Enviando NETO"}
{"level":30,"time":1781866906963,"pid":10632,"hostname":"TS-SURAGRA","to":["Hercanagrolimitada.export@gmail.com","aracelli@suragra.com","marcoantonio@suragra.com","cinthia@suragra.com","jadcve@gmail.com","tesoreria@suragra.com"],"cc":["aracelli@suragra.com","marcoantonio@suragra.com","cinthia@suragra.com","jadcve@gmail.com","tesoreria@suragra.com"],"subject":"Resumen Neto Vencido SURAGRA","id":"0101019edf8b44b4-afc90936-a8a9-4c62-884e-8f1eb0b2f5ef-000000","msg":"📎 Correo con logo inline enviado por SES"}
{"level":30,"time":1781866923762,"pid":10632,"hostname":"TS-SURAGRA","to":["TESORERIA@AGROFRUTA.CL","aracelli@suragra.com","marcoantonio@suragra.com","cinthia@suragra.com","jadcve@gmail.com","tesoreria@suragra.com"],"codIdtSap":"C96771340","msg":"Enviando NETO"}
{"level":30,"time":1781866924054,"pid":10632,"hostname":"TS-SURAGRA","to":["TESORERIA@AGROFRUTA.CL","aracelli@suragra.com","marcoantonio@suragra.com","cinthia@suragra.com","jadcve@gmail.com","tesoreria@suragra.com"],"cc":["aracelli@suragra.com","marcoantonio@suragra.com","cinthia@suragra.com","jadcve@gmail.com","tesoreria@suragra.com"],"subject":"Resumen Neto Vencido SURAGRA","id":"0101019edf8b877c-19eaab35-9f94-4b49-b254-68dfd314167c-000000","msg":"📎 Correo con logo inline enviado por SES"}
{"level":30,"time":1781866940435,"pid":10632,"hostname":"TS-SURAGRA","to":["alfredochimenti@gmail.com","aracelli@suragra.com","marcoantonio@suragra.com","cinthia@suragra.com","jadcve@gmail.com","tesoreria@suragra.com"],"codIdtSap":"C4344518","msg":"Enviando NETO"}
{"level":30,"time":1781866940733,"pid":10632,"hostname":"TS-SURAGRA","to":["alfredochimenti@gmail.com","aracelli@suragra.com","marcoantonio@suragra.com","cinthia@suragra.com","jadcve@gmail.com","tesoreria@suragra.com"],"cc":["aracelli@suragra.com","marcoantonio@suragra.com","cinthia@suragra.com","jadcve@gmail.com","tesoreria@suragra.com"],"subject":"Resumen Neto Vencido SURAGRA","id":"0101019edf8bc89a-63465843-7edb-4878-966b-569fd78105fa-000000","msg":"📎 Correo con logo inline enviado por SES"}
{"level":30,"time":1781866957203,"pid":10632,"hostname":"TS-SURAGRA","to":["aracelli@suragra.com","marcoantonio@suragra.com","cinthia@suragra.com","jadcve@gmail.com","tesoreria@suragra.com"],"codIdtSap":"C77739754","msg":"Enviando NETO"}
{"level":30,"time":1781866957493,"pid":10632,"hostname":"TS-SURAGRA","to":["aracelli@suragra.com","marcoantonio@suragra.com","cinthia@suragra.com","jadcve@gmail.com","tesoreria@suragra.com"],"cc":["aracelli@suragra.com","marcoantonio@suragra.com","cinthia@suragra.com","jadcve@gmail.com","tesoreria@suragra.com"],"subject":"Resumen Neto Vencido SURAGRA","id":"0101019edf8c0a1d-13593ec6-2a0f-4d85-b662-571ca83903a8-000000","msg":"📎 Correo con logo inline enviado por SES"}
{"level":30,"time":1781866973862,"pid":10632,"hostname":"TS-SURAGRA","to":["FRANCISCO@ANDESBHUMI.COM","aracelli@suragra.com","marcoantonio@suragra.com","cinthia@suragra.com","jadcve@gmail.com","tesoreria@suragra.com"],"codIdtSap":"C77114643","msg":"Enviando NETO"}
{"level":30,"time":1781866974157,"pid":10632,"hostname":"TS-SURAGRA","to":["FRANCISCO@ANDESBHUMI.COM","aracelli@suragra.com","marcoantonio@suragra.com","cinthia@suragra.com","jadcve@gmail.com","tesoreria@suragra.com"],"cc":["aracelli@suragra.com","marcoantonio@suragra.com","cinthia@suragra.com","jadcve@gmail.com","tesoreria@suragra.com"],"subject":"Resumen Neto Vencido SURAGRA","id":"0101019edf8c4b2f-87afaa1a-7bb3-4f0a-a572-26a376e495b9-000000","msg":"📎 Correo con logo inline enviado por SES"}
{"level":30,"time":1781866990678,"pid":10632,"hostname":"TS-SURAGRA","to":["manuelbrevis@entelchile.net","aracelli@suragra.com","marcoantonio@suragra.com","cinthia@suragra.com","jadcve@gmail.com","tesoreria@suragra.com"],"codIdtSap":"C77548090","msg":"Enviando NETO"}
{"level":30,"time":1781866990965,"pid":10632,"hostname":"TS-SURAGRA","to":["manuelbrevis@entelchile.net","aracelli@suragra.com","marcoantonio@suragra.com","cinthia@suragra.com","jadcve@gmail.com","tesoreria@suragra.com"],"cc":["aracelli@suragra.com","marcoantonio@suragra.com","cinthia@suragra.com","jadcve@gmail.com","tesoreria@suragra.com"],"subject":"Resumen Neto Vencido SURAGRA","id":"0101019edf8c8cdf-2123b1ad-9009-4417-8a6c-3d369947e332-000000","msg":"📎 Correo con logo inline enviado por SES"}
{"level":30,"time":1781867007441,"pid":10632,"hostname":"TS-SURAGRA","to":["alopez@elcaminospa.cl","aracelli@suragra.com","marcoantonio@suragra.com","cinthia@suragra.com","jadcve@gmail.com","tesoreria@suragra.com"],"codIdtSap":"C76180781","msg":"Enviando NETO"}
{"level":30,"time":1781867007739,"pid":10632,"hostname":"TS-SURAGRA","to":["alopez@elcaminospa.cl","aracelli@suragra.com","marcoantonio@suragra.com","cinthia@suragra.com","jadcve@gmail.com","tesoreria@suragra.com"],"cc":["aracelli@suragra.com","marcoantonio@suragra.com","cinthia@suragra.com","jadcve@gmail.com","tesoreria@suragra.com"],"subject":"Resumen Neto Vencido SURAGRA","id":"0101019edf8cce54-0f7859e9-d24c-4acf-945b-4df5043eb68c-000000","msg":"📎 Correo con logo inline enviado por SES"}
{"level":30,"time":1781867024280,"pid":10632,"hostname":"TS-SURAGRA","to":["ksalazar@greenpack.cl","aracelli@suragra.com","marcoantonio@suragra.com","cinthia@suragra.com","jadcve@gmail.com","tesoreria@suragra.com"],"codIdtSap":"C76213723","msg":"Enviando NETO"}
{"level":30,"time":1781867024532,"pid":10632,"hostname":"TS-SURAGRA","to":["ksalazar@greenpack.cl","aracelli@suragra.com","marcoantonio@suragra.com","cinthia@suragra.com","jadcve@gmail.com","tesoreria@suragra.com"],"cc":["aracelli@suragra.com","marcoantonio@suragra.com","cinthia@suragra.com","jadcve@gmail.com","tesoreria@suragra.com"],"subject":"Resumen Neto Vencido SURAGRA","id":"0101019edf8d1006-34d893d6-7879-427b-af9c-96975b8a6ad0-000000","msg":"📎 Correo con logo inline enviado por SES"}
{"level":30,"time":1781867040882,"pid":10632,"hostname":"TS-SURAGRA","to":["pablojohow@yahoo.com","aracelli@suragra.com","marcoantonio@suragra.com","cinthia@suragra.com","jadcve@gmail.com","tesoreria@suragra.com"],"codIdtSap":"C78808520","msg":"Enviando NETO"}
{"level":30,"time":1781867041185,"pid":10632,"hostname":"TS-SURAGRA","to":["pablojohow@yahoo.com","aracelli@suragra.com","marcoantonio@suragra.com","cinthia@suragra.com","jadcve@gmail.com","tesoreria@suragra.com"],"cc":["aracelli@suragra.com","marcoantonio@suragra.com","cinthia@suragra.com","jadcve@gmail.com","tesoreria@suragra.com"],"subject":"Resumen Neto Vencido SURAGRA","id":"0101019edf8d5101-10206059-9bfc-4624-a390-29f6ce22aa1f-000000","msg":"📎 Correo con logo inline enviado por SES"}
{"level":30,"time":1781867057719,"pid":10632,"hostname":"TS-SURAGRA","to":["mc.gumucio@consultorathinking.com","aracelli@suragra.com","marcoantonio@suragra.com","cinthia@suragra.com","jadcve@gmail.com","tesoreria@suragra.com"],"codIdtSap":"C77350529","msg":"Enviando NETO"}
{"level":30,"time":1781867058026,"pid":10632,"hostname":"TS-SURAGRA","to":["mc.gumucio@consultorathinking.com","aracelli@suragra.com","marcoantonio@suragra.com","cinthia@suragra.com","jadcve@gmail.com","tesoreria@suragra.com"],"cc":["aracelli@suragra.com","marcoantonio@suragra.com","cinthia@suragra.com","jadcve@gmail.com","tesoreria@suragra.com"],"subject":"Resumen Neto Vencido SURAGRA","id":"0101019edf8d92be-63231f1b-8c20-4243-8b2e-0979096c7cd5-000000","msg":"📎 Correo con logo inline enviado por SES"}
{"level":30,"time":1781867074515,"pid":10632,"hostname":"TS-SURAGRA","to":["vivian.baeza@core-export.cl","aracelli@suragra.com","marcoantonio@suragra.com","cinthia@suragra.com","jadcve@gmail.com","tesoreria@suragra.com"],"codIdtSap":"C76389543-2","msg":"Enviando NETO"}
{"level":30,"time":1781867074819,"pid":10632,"hostname":"TS-SURAGRA","to":["vivian.baeza@core-export.cl","aracelli@suragra.com","marcoantonio@suragra.com","cinthia@suragra.com","jadcve@gmail.com","tesoreria@suragra.com"],"cc":["aracelli@suragra.com","marcoantonio@suragra.com","cinthia@suragra.com","jadcve@gmail.com","tesoreria@suragra.com"],"subject":"Resumen Neto Vencido SURAGRA","id":"0101019edf8dd45d-53b58e70-79c9-433d-a794-bdef37884b99-000000","msg":"📎 Correo con logo inline enviado por SES"}
{"level":30,"time":1781867091201,"pid":10632,"hostname":"TS-SURAGRA","to":["fernanda@espejofruits.com","aracelli@suragra.com","marcoantonio@suragra.com","cinthia@suragra.com","jadcve@gmail.com","tesoreria@suragra.com"],"codIdtSap":"C77280637","msg":"Enviando NETO"}
{"level":30,"time":1781867091511,"pid":10632,"hostname":"TS-SURAGRA","to":["fernanda@espejofruits.com","aracelli@suragra.com","marcoantonio@suragra.com","cinthia@suragra.com","jadcve@gmail.com","tesoreria@suragra.com"],"cc":["aracelli@suragra.com","marcoantonio@suragra.com","cinthia@suragra.com","jadcve@gmail.com","tesoreria@suragra.com"],"subject":"Resumen Neto Vencido SURAGRA","id":"0101019edf8e1598-b5d9714a-4b74-48f9-b747-a963df607a55-000000","msg":"📎 Correo con logo inline enviado por SES"}
{"level":30,"time":1781867108122,"pid":10632,"hostname":"TS-SURAGRA","to":["r.jimenez@exportadoradisfruta.cl","aracelli@suragra.com","marcoantonio@suragra.com","cinthia@suragra.com","jadcve@gmail.com","tesoreria@suragra.com"],"codIdtSap":"C76429771","msg":"Enviando NETO"}
{"level":30,"time":1781867108402,"pid":10632,"hostname":"TS-SURAGRA","to":["r.jimenez@exportadoradisfruta.cl","aracelli@suragra.com","marcoantonio@suragra.com","cinthia@suragra.com","jadcve@gmail.com","tesoreria@suragra.com"],"cc":["aracelli@suragra.com","marcoantonio@suragra.com","cinthia@suragra.com","jadcve@gmail.com","tesoreria@suragra.com"],"subject":"Resumen Neto Vencido SURAGRA","id":"0101019edf8e579e-355b236f-cf0c-4d98-bced-891fd41c2d28-000000","msg":"📎 Correo con logo inline enviado por SES"}
{"level":30,"time":1781867125127,"pid":10632,"hostname":"TS-SURAGRA","to":["lpinto@fundolacampana.cl","aracelli@suragra.com","marcoantonio@suragra.com","cinthia@suragra.com","jadcve@gmail.com","tesoreria@suragra.com"],"codIdtSap":"C76979390","msg":"Enviando NETO"}
{"level":30,"time":1781867125434,"pid":10632,"hostname":"TS-SURAGRA","to":["lpinto@fundolacampana.cl","aracelli@suragra.com","marcoantonio@suragra.com","cinthia@suragra.com","jadcve@gmail.com","tesoreria@suragra.com"],"cc":["aracelli@suragra.com","marcoantonio@suragra.com","cinthia@suragra.com","jadcve@gmail.com","tesoreria@suragra.com"],"subject":"Resumen Neto Vencido SURAGRA","id":"0101019edf8e9a0e-1783e10a-197f-42bf-a569-150ec9694823-000000","msg":"📎 Correo con logo inline enviado por SES"}
{"level":30,"time":1781867141908,"pid":10632,"hostname":"TS-SURAGRA","to":["JCORTEZ@GROUPVALLEY.CL","aracelli@suragra.com","marcoantonio@suragra.com","cinthia@suragra.com","jadcve@gmail.com","tesoreria@suragra.com"],"codIdtSap":"C76885621","msg":"Enviando NETO"}
{"level":30,"time":1781867142215,"pid":10632,"hostname":"TS-SURAGRA","to":["JCORTEZ@GROUPVALLEY.CL","aracelli@suragra.com","marcoantonio@suragra.com","cinthia@suragra.com","jadcve@gmail.com","tesoreria@suragra.com"],"cc":["aracelli@suragra.com","marcoantonio@suragra.com","cinthia@suragra.com","jadcve@gmail.com","tesoreria@suragra.com"],"subject":"Resumen Neto Vencido SURAGRA","id":"0101019edf8edba4-9d349d94-c9b8-4230-a6c4-3f3f77f927dc-000000","msg":"📎 Correo con logo inline enviado por SES"}
{"level":30,"time":1781867158576,"pid":10632,"hostname":"TS-SURAGRA","to":["naedo@fieldsfruits.com","aracelli@suragra.com","marcoantonio@suragra.com","cinthia@suragra.com","jadcve@gmail.com","tesoreria@suragra.com"],"codIdtSap":"C76304361","msg":"Enviando NETO"}
{"level":30,"time":1781867158850,"pid":10632,"hostname":"TS-SURAGRA","to":["naedo@fieldsfruits.com","aracelli@suragra.com","marcoantonio@suragra.com","cinthia@suragra.com","jadcve@gmail.com","tesoreria@suragra.com"],"cc":["aracelli@suragra.com","marcoantonio@suragra.com","cinthia@suragra.com","jadcve@gmail.com","tesoreria@suragra.com"],"subject":"Resumen Neto Vencido SURAGRA","id":"0101019edf8f1cb2-bc95742e-deb9-4880-aca2-feef2ff0a1d3-000000","msg":"📎 Correo con logo inline enviado por SES"}
{"level":30,"time":1781867175234,"pid":10632,"hostname":"TS-SURAGRA","to":["paula.munoz@santa-rosario.com","aracelli@suragra.com","marcoantonio@suragra.com","cinthia@suragra.com","jadcve@gmail.com","tesoreria@suragra.com"],"codIdtSap":"C77757654","msg":"Enviando NETO"}
{"level":30,"time":1781867175528,"pid":10632,"hostname":"TS-SURAGRA","to":["paula.munoz@santa-rosario.com","aracelli@suragra.com","marcoantonio@suragra.com","cinthia@suragra.com","jadcve@gmail.com","tesoreria@suragra.com"],"cc":["aracelli@suragra.com","marcoantonio@suragra.com","cinthia@suragra.com","jadcve@gmail.com","tesoreria@suragra.com"],"subject":"Resumen Neto Vencido SURAGRA","id":"0101019edf8f5dc6-7c486565-4458-4fca-abff-65dfeb491fe8-000000","msg":"📎 Correo con logo inline enviado por SES"}
{"level":30,"time":1781867191827,"pid":10632,"hostname":"TS-SURAGRA","to":["MATERIALES@LOSOLMOS.CL","aracelli@suragra.com","marcoantonio@suragra.com","cinthia@suragra.com","jadcve@gmail.com","tesoreria@suragra.com"],"codIdtSap":"C76081733","msg":"Enviando NETO"}
{"level":30,"time":1781867192127,"pid":10632,"hostname":"TS-SURAGRA","to":["MATERIALES@LOSOLMOS.CL","aracelli@suragra.com","marcoantonio@suragra.com","cinthia@suragra.com","jadcve@gmail.com","tesoreria@suragra.com"],"cc":["aracelli@suragra.com","marcoantonio@suragra.com","cinthia@suragra.com","jadcve@gmail.com","tesoreria@suragra.com"],"subject":"Resumen Neto Vencido SURAGRA","id":"0101019edf8f9e9e-0d57f425-ed01-4249-a16d-ad5305560c20-000000","msg":"📎 Correo con logo inline enviado por SES"}
{"level":30,"time":1781867208404,"pid":10632,"hostname":"TS-SURAGRA","to":["B.ORTIZ@MELIFEN.CL","aracelli@suragra.com","marcoantonio@suragra.com","cinthia@suragra.com","jadcve@gmail.com","tesoreria@suragra.com"],"codIdtSap":"C76429822","msg":"Enviando NETO"}
{"level":30,"time":1781867208688,"pid":10632,"hostname":"TS-SURAGRA","to":["B.ORTIZ@MELIFEN.CL","aracelli@suragra.com","marcoantonio@suragra.com","cinthia@suragra.com","jadcve@gmail.com","tesoreria@suragra.com"],"cc":["aracelli@suragra.com","marcoantonio@suragra.com","cinthia@suragra.com","jadcve@gmail.com","tesoreria@suragra.com"],"subject":"Resumen Neto Vencido SURAGRA","id":"0101019edf8fdf5b-920e0b4f-346a-48ba-b7ee-7f6d2777ff80-000000","msg":"📎 Correo con logo inline enviado por SES"}
{"level":30,"time":1781867225106,"pid":10632,"hostname":"TS-SURAGRA","to":["frojas@norfrut.cl","aracelli@suragra.com","marcoantonio@suragra.com","cinthia@suragra.com","jadcve@gmail.com","tesoreria@suragra.com"],"codIdtSap":"C76056132","msg":"Enviando NETO"}
{"level":30,"time":1781867225447,"pid":10632,"hostname":"TS-SURAGRA","to":["frojas@norfrut.cl","aracelli@suragra.com","marcoantonio@suragra.com","cinthia@suragra.com","jadcve@gmail.com","tesoreria@suragra.com"],"cc":["aracelli@suragra.com","marcoantonio@suragra.com","cinthia@suragra.com","jadcve@gmail.com","tesoreria@suragra.com"],"subject":"Resumen Neto Vencido SURAGRA","id":"0101019edf902098-91446821-5612-4b9e-a5a3-5de7957984be-000000","msg":"📎 Correo con logo inline enviado por SES"}
{"level":30,"time":1781867241945,"pid":10632,"hostname":"TS-SURAGRA","to":["ALEJANDRASM@QUINTAYFRUIT.CL","aracelli@suragra.com","marcoantonio@suragra.com","cinthia@suragra.com","jadcve@gmail.com","tesoreria@suragra.com"],"codIdtSap":"C99578700","msg":"Enviando NETO"}
{"level":30,"time":1781867242264,"pid":10632,"hostname":"TS-SURAGRA","to":["ALEJANDRASM@QUINTAYFRUIT.CL","aracelli@suragra.com","marcoantonio@suragra.com","cinthia@suragra.com","jadcve@gmail.com","tesoreria@suragra.com"],"cc":["aracelli@suragra.com","marcoantonio@suragra.com","cinthia@suragra.com","jadcve@gmail.com","tesoreria@suragra.com"],"subject":"Resumen Neto Vencido SURAGRA","id":"0101019edf90625d-93c47e54-e877-40d6-acbe-11089a3e2521-000000","msg":"📎 Correo con logo inline enviado por SES"}
{"level":30,"time":1781867258637,"pid":10632,"hostname":"TS-SURAGRA","to":["storo@upacfruit.com","aracelli@suragra.com","marcoantonio@suragra.com","cinthia@suragra.com","jadcve@gmail.com","tesoreria@suragra.com"],"codIdtSap":"C76738610","msg":"Enviando NETO"}
{"level":30,"time":1781867258954,"pid":10632,"hostname":"TS-SURAGRA","to":["storo@upacfruit.com","aracelli@suragra.com","marcoantonio@suragra.com","cinthia@suragra.com","jadcve@gmail.com","tesoreria@suragra.com"],"cc":["aracelli@suragra.com","marcoantonio@suragra.com","cinthia@suragra.com","jadcve@gmail.com","tesoreria@suragra.com"],"subject":"Resumen Neto Vencido SURAGRA","id":"0101019edf90a396-d295fced-3a7f-4f9c-8a47-461e5f48addb-000000","msg":"📎 Correo con logo inline enviado por SES"}
{"level":30,"time":1781867275597,"pid":10632,"hostname":"TS-SURAGRA","to":["DTORO@PROVEXSA.COM","aracelli@suragra.com","marcoantonio@suragra.com","cinthia@suragra.com","jadcve@gmail.com","tesoreria@suragra.com"],"codIdtSap":"C77076859","msg":"Enviando NETO"}
{"level":30,"time":1781867275921,"pid":10632,"hostname":"TS-SURAGRA","to":["DTORO@PROVEXSA.COM","aracelli@suragra.com","marcoantonio@suragra.com","cinthia@suragra.com","jadcve@gmail.com","tesoreria@suragra.com"],"cc":["aracelli@suragra.com","marcoantonio@suragra.com","cinthia@suragra.com","jadcve@gmail.com","tesoreria@suragra.com"],"subject":"Resumen Neto Vencido SURAGRA","id":"0101019edf90e5d7-78915852-44e4-4180-8a30-dbdbd87e5f46-000000","msg":"📎 Correo con logo inline enviado por SES"}
{"level":30,"time":1781867292309,"pid":10632,"hostname":"TS-SURAGRA","to":["adquisicionescarsal@gmail.com","aracelli@suragra.com","marcoantonio@suragra.com","cinthia@suragra.com","jadcve@gmail.com","tesoreria@suragra.com"],"codIdtSap":"C78557210","msg":"Enviando NETO"}
{"level":30,"time":1781867292632,"pid":10632,"hostname":"TS-SURAGRA","to":["adquisicionescarsal@gmail.com","aracelli@suragra.com","marcoantonio@suragra.com","cinthia@suragra.com","jadcve@gmail.com","tesoreria@suragra.com"],"cc":["aracelli@suragra.com","marcoantonio@suragra.com","cinthia@suragra.com","jadcve@gmail.com","tesoreria@suragra.com"],"subject":"Resumen Neto Vencido SURAGRA","id":"0101019edf912717-7c6aa8f2-76a5-41fd-af7f-4aa076f2dc6f-000000","msg":"📎 Correo con logo inline enviado por SES"}
{"level":30,"time":1781867309063,"pid":10632,"hostname":"TS-SURAGRA","to":["miguel.marquez@provalle.com","aracelli@suragra.com","marcoantonio@suragra.com","cinthia@suragra.com","jadcve@gmail.com","tesoreria@suragra.com"],"codIdtSap":"C99546180","msg":"Enviando NETO"}
{"level":30,"time":1781867309358,"pid":10632,"hostname":"TS-SURAGRA","to":["miguel.marquez@provalle.com","aracelli@suragra.com","marcoantonio@suragra.com","cinthia@suragra.com","jadcve@gmail.com","tesoreria@suragra.com"],"cc":["aracelli@suragra.com","marcoantonio@suragra.com","cinthia@suragra.com","jadcve@gmail.com","tesoreria@suragra.com"],"subject":"Resumen Neto Vencido SURAGRA","id":"0101019edf916887-9eab2086-a9e9-4436-a564-bee969fc0698-000000","msg":"📎 Correo con logo inline enviado por SES"}
{"level":30,"time":1781867325835,"pid":10632,"hostname":"TS-SURAGRA","to":["GHERNANDEZ@SALC.CL","aracelli@suragra.com","marcoantonio@suragra.com","cinthia@suragra.com","jadcve@gmail.com","tesoreria@suragra.com"],"codIdtSap":"C77221510","msg":"Enviando NETO"}
{"level":30,"time":1781867326152,"pid":10632,"hostname":"TS-SURAGRA","to":["GHERNANDEZ@SALC.CL","aracelli@suragra.com","marcoantonio@suragra.com","cinthia@suragra.com","jadcve@gmail.com","tesoreria@suragra.com"],"cc":["aracelli@suragra.com","marcoantonio@suragra.com","cinthia@suragra.com","jadcve@gmail.com","tesoreria@suragra.com"],"subject":"Resumen Neto Vencido SURAGRA","id":"0101019edf91aa16-25722711-3624-4d30-a3d2-c27742534d7a-000000","msg":"📎 Correo con logo inline enviado por SES"}
{"level":30,"time":1781867342494,"pid":10632,"hostname":"TS-SURAGRA","to":["cbarrera@zurgroup.cl","aracelli@suragra.com","marcoantonio@suragra.com","cinthia@suragra.com","jadcve@gmail.com","tesoreria@suragra.com"],"codIdtSap":"C761625829","msg":"Enviando NETO"}
{"level":30,"time":1781867342795,"pid":10632,"hostname":"TS-SURAGRA","to":["cbarrera@zurgroup.cl","aracelli@suragra.com","marcoantonio@suragra.com","cinthia@suragra.com","jadcve@gmail.com","tesoreria@suragra.com"],"cc":["aracelli@suragra.com","marcoantonio@suragra.com","cinthia@suragra.com","jadcve@gmail.com","tesoreria@suragra.com"],"subject":"Resumen Neto Vencido SURAGRA","id":"0101019edf91eb26-f083d469-573f-42d5-8cb0-9faeb215946c-000000","msg":"📎 Correo con logo inline enviado por SES"}
{"level":30,"time":1781867342798,"pid":10632,"hostname":"TS-SURAGRA","job":"NETO","msg":"job done"}
{"level":50,"time":1781927700730,"pid":10632,"hostname":"TS-SURAGRA","job":"HEARTBEAT","err":"sendEmail is not defined","msg":"Heartbeat failed"}
{"level":50,"time":1782014100666,"pid":10632,"hostname":"TS-SURAGRA","job":"HEARTBEAT","err":"sendEmail is not defined","msg":"Heartbeat failed"}
{"level":50,"time":1782100500661,"pid":10632,"hostname":"TS-SURAGRA","job":"HEARTBEAT","err":"sendEmail is not defined","msg":"Heartbeat failed"}
{"level":50,"time":1782186900658,"pid":10632,"hostname":"TS-SURAGRA","job":"HEARTBEAT","err":"sendEmail is not defined","msg":"Heartbeat failed"}
{"level":50,"time":1782273300661,"pid":10632,"hostname":"TS-SURAGRA","job":"HEARTBEAT","err":"sendEmail is not defined","msg":"Heartbeat failed"}
{"level":50,"time":1782359700667,"pid":10632,"hostname":"TS-SURAGRA","job":"HEARTBEAT","err":"sendEmail is not defined","msg":"Heartbeat failed"}
{"level":50,"time":1782446100654,"pid":10632,"hostname":"TS-SURAGRA","job":"HEARTBEAT","err":"sendEmail is not defined","msg":"Heartbeat failed"}
{"level":30,"time":1782471600953,"pid":10632,"hostname":"TS-SURAGRA","subject":"Resumen Neto Vencido","msg":"Template cargado"}
{"level":30,"time":1782471629504,"pid":10632,"hostname":"TS-SURAGRA","to":["RAMON.ACOSTA@ACOSTAHNOS.CL","aracelli@suragra.com","marcoantonio@suragra.com","cinthia@suragra.com","jadcve@gmail.com","tesoreria@suragra.com"],"codIdtSap":"C77142343","msg":"Enviando NETO"}
{"level":30,"time":1782471630334,"pid":10632,"hostname":"TS-SURAGRA","to":["RAMON.ACOSTA@ACOSTAHNOS.CL","aracelli@suragra.com","marcoantonio@suragra.com","cinthia@suragra.com","jadcve@gmail.com","tesoreria@suragra.com"],"cc":["aracelli@suragra.com","marcoantonio@suragra.com","cinthia@suragra.com","jadcve@gmail.com","tesoreria@suragra.com"],"subject":"Resumen Neto Vencido SURAGRA","id":"0101019f03969d5a-6845021d-e9e5-451f-ba61-6c8f4ea8b875-000000","msg":"📎 Correo con logo inline enviado por SES"}
{"level":30,"time":1782471646701,"pid":10632,"hostname":"TS-SURAGRA","to":["FELIPE@UTILITAS.CL","aracelli@suragra.com","marcoantonio@suragra.com","cinthia@suragra.com","jadcve@gmail.com","tesoreria@suragra.com"],"codIdtSap":"C96761800","msg":"Enviando NETO"}
{"level":30,"time":1782471646988,"pid":10632,"hostname":"TS-SURAGRA","to":["FELIPE@UTILITAS.CL","aracelli@suragra.com","marcoantonio@suragra.com","cinthia@suragra.com","jadcve@gmail.com","tesoreria@suragra.com"],"cc":["aracelli@suragra.com","marcoantonio@suragra.com","cinthia@suragra.com","jadcve@gmail.com","tesoreria@suragra.com"],"subject":"Resumen Neto Vencido SURAGRA","id":"0101019f0396de6d-7813a608-0f93-4a26-ba84-99a4a86486da-000000","msg":"📎 Correo con logo inline enviado por SES"}
{"level":30,"time":1782471664740,"pid":10632,"hostname":"TS-SURAGRA","to":["ADQUISICIONES@CRANA.CL","aracelli@suragra.com","marcoantonio@suragra.com","cinthia@suragra.com","jadcve@gmail.com","tesoreria@suragra.com"],"codIdtSap":"C79650240","msg":"Enviando NETO"}
{"level":30,"time":1782471665033,"pid":10632,"hostname":"TS-SURAGRA","to":["ADQUISICIONES@CRANA.CL","aracelli@suragra.com","marcoantonio@suragra.com","cinthia@suragra.com","jadcve@gmail.com","tesoreria@suragra.com"],"cc":["aracelli@suragra.com","marcoantonio@suragra.com","cinthia@suragra.com","jadcve@gmail.com","tesoreria@suragra.com"],"subject":"Resumen Neto Vencido SURAGRA","id":"0101019f039724e5-daa46ea0-bbd0-4e05-b395-6cca6e0eda58-000000","msg":"📎 Correo con logo inline enviado por SES"}
{"level":30,"time":1782471682438,"pid":10632,"hostname":"TS-SURAGRA","to":["fcm@johnsonfruit.cl","aracelli@suragra.com","marcoantonio@suragra.com","cinthia@suragra.com","jadcve@gmail.com","tesoreria@suragra.com"],"codIdtSap":"C77341510","msg":"Enviando NETO"}
{"level":30,"time":1782471682716,"pid":10632,"hostname":"TS-SURAGRA","to":["fcm@johnsonfruit.cl","aracelli@suragra.com","marcoantonio@suragra.com","cinthia@suragra.com","jadcve@gmail.com","tesoreria@suragra.com"],"cc":["aracelli@suragra.com","marcoantonio@suragra.com","cinthia@suragra.com","jadcve@gmail.com","tesoreria@suragra.com"],"subject":"Resumen Neto Vencido SURAGRA","id":"0101019f03976a00-1e652290-cfe0-46ec-b20e-fbc59e693968-000000","msg":"📎 Correo con logo inline enviado por SES"}
{"level":30,"time":1782471699151,"pid":10632,"hostname":"TS-SURAGRA","to":["frojas@norfrut.cl","aracelli@suragra.com","marcoantonio@suragra.com","cinthia@suragra.com","jadcve@gmail.com","tesoreria@suragra.com"],"codIdtSap":"C78101430","msg":"Enviando NETO"}
{"level":30,"time":1782471699437,"pid":10632,"hostname":"TS-SURAGRA","to":["frojas@norfrut.cl","aracelli@suragra.com","marcoantonio@suragra.com","cinthia@suragra.com","jadcve@gmail.com","tesoreria@suragra.com"],"cc":["aracelli@suragra.com","marcoantonio@suragra.com","cinthia@suragra.com","jadcve@gmail.com","tesoreria@suragra.com"],"subject":"Resumen Neto Vencido SURAGRA","id":"0101019f0397ab4f-2e9719bc-9a5a-4463-a660-7b9e5e35c91c-000000","msg":"📎 Correo con logo inline enviado por SES"}
{"level":30,"time":1782471715815,"pid":10632,"hostname":"TS-SURAGRA","to":["Hercanagrolimitada.export@gmail.com","aracelli@suragra.com","marcoantonio@suragra.com","cinthia@suragra.com","jadcve@gmail.com","tesoreria@suragra.com"],"codIdtSap":"C76573605","msg":"Enviando NETO"}
{"level":30,"time":1782471716121,"pid":10632,"hostname":"TS-SURAGRA","to":["Hercanagrolimitada.export@gmail.com","aracelli@suragra.com","marcoantonio@suragra.com","cinthia@suragra.com","jadcve@gmail.com","tesoreria@suragra.com"],"cc":["aracelli@suragra.com","marcoantonio@suragra.com","cinthia@suragra.com","jadcve@gmail.com","tesoreria@suragra.com"],"subject":"Resumen Neto Vencido SURAGRA","id":"0101019f0397ec6d-dfcd09aa-318a-4964-8b24-91db54658a0b-000000","msg":"📎 Correo con logo inline enviado por SES"}
{"level":30,"time":1782471732426,"pid":10632,"hostname":"TS-SURAGRA","to":["alfredochimenti@gmail.com","aracelli@suragra.com","marcoantonio@suragra.com","cinthia@suragra.com","jadcve@gmail.com","tesoreria@suragra.com"],"codIdtSap":"C4344518","msg":"Enviando NETO"}
{"level":30,"time":1782471732703,"pid":10632,"hostname":"TS-SURAGRA","to":["alfredochimenti@gmail.com","aracelli@suragra.com","marcoantonio@suragra.com","cinthia@suragra.com","jadcve@gmail.com","tesoreria@suragra.com"],"cc":["aracelli@suragra.com","marcoantonio@suragra.com","cinthia@suragra.com","jadcve@gmail.com","tesoreria@suragra.com"],"subject":"Resumen Neto Vencido SURAGRA","id":"0101019f03982d4e-0dfe87a0-9fba-4297-b629-84a143f8c31b-000000","msg":"📎 Correo con logo inline enviado por SES"}
{"level":30,"time":1782471749080,"pid":10632,"hostname":"TS-SURAGRA","to":["aracelli@suragra.com","marcoantonio@suragra.com","cinthia@suragra.com","jadcve@gmail.com","tesoreria@suragra.com"],"codIdtSap":"C77739754","msg":"Enviando NETO"}
{"level":30,"time":1782471749382,"pid":10632,"hostname":"TS-SURAGRA","to":["aracelli@suragra.com","marcoantonio@suragra.com","cinthia@suragra.com","jadcve@gmail.com","tesoreria@suragra.com"],"cc":["aracelli@suragra.com","marcoantonio@suragra.com","cinthia@suragra.com","jadcve@gmail.com","tesoreria@suragra.com"],"subject":"Resumen Neto Vencido SURAGRA","id":"0101019f03986e56-b5e7716c-6a7c-4dd3-9bf8-6abc8275f11e-000000","msg":"📎 Correo con logo inline enviado por SES"}
{"level":30,"time":1782471765721,"pid":10632,"hostname":"TS-SURAGRA","to":["GELAGOS_024@HOTMAIL.COM","aracelli@suragra.com","marcoantonio@suragra.com","cinthia@suragra.com","jadcve@gmail.com","tesoreria@suragra.com"],"codIdtSap":"C77484790","msg":"Enviando NETO"}
{"level":30,"time":1782471766017,"pid":10632,"hostname":"TS-SURAGRA","to":["GELAGOS_024@HOTMAIL.COM","aracelli@suragra.com","marcoantonio@suragra.com","cinthia@suragra.com","jadcve@gmail.com","tesoreria@suragra.com"],"cc":["aracelli@suragra.com","marcoantonio@suragra.com","cinthia@suragra.com","jadcve@gmail.com","tesoreria@suragra.com"],"subject":"Resumen Neto Vencido SURAGRA","id":"0101019f0398af56-278fd9e1-288f-48d0-849a-49967bd464d9-000000","msg":"📎 Correo con logo inline enviado por SES"}
{"level":30,"time":1782471782534,"pid":10632,"hostname":"TS-SURAGRA","to":["manuelbrevis@entelchile.net","aracelli@suragra.com","marcoantonio@suragra.com","cinthia@suragra.com","jadcve@gmail.com","tesoreria@suragra.com"],"codIdtSap":"C77548090","msg":"Enviando NETO"}
{"level":30,"time":1782471782829,"pid":10632,"hostname":"TS-SURAGRA","to":["manuelbrevis@entelchile.net","aracelli@suragra.com","marcoantonio@suragra.com","cinthia@suragra.com","jadcve@gmail.com","tesoreria@suragra.com"],"cc":["aracelli@suragra.com","marcoantonio@suragra.com","cinthia@suragra.com","jadcve@gmail.com","tesoreria@suragra.com"],"subject":"Resumen Neto Vencido SURAGRA","id":"0101019f0398f105-fd259f40-b0ad-4b2f-8b82-bd18be0816ef-000000","msg":"📎 Correo con logo inline enviado por SES"}
{"level":30,"time":1782471799309,"pid":10632,"hostname":"TS-SURAGRA","to":["ADMINISTRACION@CMXGROUP.NET","aracelli@suragra.com","marcoantonio@suragra.com","cinthia@suragra.com","jadcve@gmail.com","tesoreria@suragra.com"],"codIdtSap":"C76446121","msg":"Enviando NETO"}
{"level":30,"time":1782471799604,"pid":10632,"hostname":"TS-SURAGRA","to":["ADMINISTRACION@CMXGROUP.NET","aracelli@suragra.com","marcoantonio@suragra.com","cinthia@suragra.com","jadcve@gmail.com","tesoreria@suragra.com"],"cc":["aracelli@suragra.com","marcoantonio@suragra.com","cinthia@suragra.com","jadcve@gmail.com","tesoreria@suragra.com"],"subject":"Resumen Neto Vencido SURAGRA","id":"0101019f03993292-35780902-d63f-470d-9b67-399dddaa1f85-000000","msg":"📎 Correo con logo inline enviado por SES"}
{"level":30,"time":1782471816103,"pid":10632,"hostname":"TS-SURAGRA","to":["ksalazar@greenpack.cl","aracelli@suragra.com","marcoantonio@suragra.com","cinthia@suragra.com","jadcve@gmail.com","tesoreria@suragra.com"],"codIdtSap":"C76213723","msg":"Enviando NETO"}
{"level":30,"time":1782471816387,"pid":10632,"hostname":"TS-SURAGRA","to":["ksalazar@greenpack.cl","aracelli@suragra.com","marcoantonio@suragra.com","cinthia@suragra.com","jadcve@gmail.com","tesoreria@suragra.com"],"cc":["aracelli@suragra.com","marcoantonio@suragra.com","cinthia@suragra.com","jadcve@gmail.com","tesoreria@suragra.com"],"subject":"Resumen Neto Vencido SURAGRA","id":"0101019f0399742b-390e7401-62d6-42b5-a1f0-2c4fc061c8f3-000000","msg":"📎 Correo con logo inline enviado por SES"}
{"level":30,"time":1782471832866,"pid":10632,"hostname":"TS-SURAGRA","to":["mc.gumucio@consultorathinking.com","aracelli@suragra.com","marcoantonio@suragra.com","cinthia@suragra.com","jadcve@gmail.com","tesoreria@suragra.com"],"codIdtSap":"C77350529","msg":"Enviando NETO"}
{"level":30,"time":1782471833102,"pid":10632,"hostname":"TS-SURAGRA","to":["mc.gumucio@consultorathinking.com","aracelli@suragra.com","marcoantonio@suragra.com","cinthia@suragra.com","jadcve@gmail.com","tesoreria@suragra.com"],"cc":["aracelli@suragra.com","marcoantonio@suragra.com","cinthia@suragra.com","jadcve@gmail.com","tesoreria@suragra.com"],"subject":"Resumen Neto Vencido SURAGRA","id":"0101019f0399b588-e9ed3596-fcef-461f-a11c-2e6d3ca46de0-000000","msg":"📎 Correo con logo inline enviado por SES"}
{"level":30,"time":1782471849671,"pid":10632,"hostname":"TS-SURAGRA","to":["vivian.baeza@core-export.cl","aracelli@suragra.com","marcoantonio@suragra.com","cinthia@suragra.com","jadcve@gmail.com","tesoreria@suragra.com"],"codIdtSap":"C76389543-2","msg":"Enviando NETO"}
{"level":30,"time":1782471849951,"pid":10632,"hostname":"TS-SURAGRA","to":["vivian.baeza@core-export.cl","aracelli@suragra.com","marcoantonio@suragra.com","cinthia@suragra.com","jadcve@gmail.com","tesoreria@suragra.com"],"cc":["aracelli@suragra.com","marcoantonio@suragra.com","cinthia@suragra.com","jadcve@gmail.com","tesoreria@suragra.com"],"subject":"Resumen Neto Vencido SURAGRA","id":"0101019f0399f743-eacebd63-bd40-4ee9-9bf3-8f9cd6d35cc3-000000","msg":"📎 Correo con logo inline enviado por SES"}
{"level":30,"time":1782471866453,"pid":10632,"hostname":"TS-SURAGRA","to":["plopez@grupodelirio.cl","aracelli@suragra.com","marcoantonio@suragra.com","cinthia@suragra.com","jadcve@gmail.com","tesoreria@suragra.com"],"codIdtSap":"C76101146","msg":"Enviando NETO"}
{"level":30,"time":1782471866741,"pid":10632,"hostname":"TS-SURAGRA","to":["plopez@grupodelirio.cl","aracelli@suragra.com","marcoantonio@suragra.com","cinthia@suragra.com","jadcve@gmail.com","tesoreria@suragra.com"],"cc":["aracelli@suragra.com","marcoantonio@suragra.com","cinthia@suragra.com","jadcve@gmail.com","tesoreria@suragra.com"],"subject":"Resumen Neto Vencido SURAGRA","id":"0101019f039a38d5-069b498c-c725-4738-b279-51da38b1663f-000000","msg":"📎 Correo con logo inline enviado por SES"}
{"level":30,"time":1782471883329,"pid":10632,"hostname":"TS-SURAGRA","to":["fernanda@espejofruits.com","aracelli@suragra.com","marcoantonio@suragra.com","cinthia@suragra.com","jadcve@gmail.com","tesoreria@suragra.com"],"codIdtSap":"C77280637","msg":"Enviando NETO"}
{"level":30,"time":1782471883625,"pid":10632,"hostname":"TS-SURAGRA","to":["fernanda@espejofruits.com","aracelli@suragra.com","marcoantonio@suragra.com","cinthia@suragra.com","jadcve@gmail.com","tesoreria@suragra.com"],"cc":["aracelli@suragra.com","marcoantonio@suragra.com","cinthia@suragra.com","jadcve@gmail.com","tesoreria@suragra.com"],"subject":"Resumen Neto Vencido SURAGRA","id":"0101019f039a7ac0-bfda74af-92ff-4f5c-889c-fe07e5745b61-000000","msg":"📎 Correo con logo inline enviado por SES"}
{"level":30,"time":1782471900067,"pid":10632,"hostname":"TS-SURAGRA","to":["r.jimenez@exportadoradisfruta.cl","aracelli@suragra.com","marcoantonio@suragra.com","cinthia@suragra.com","jadcve@gmail.com","tesoreria@suragra.com"],"codIdtSap":"C76429771","msg":"Enviando NETO"}
{"level":30,"time":1782471900356,"pid":10632,"hostname":"TS-SURAGRA","to":["r.jimenez@exportadoradisfruta.cl","aracelli@suragra.com","marcoantonio@suragra.com","cinthia@suragra.com","jadcve@gmail.com","tesoreria@suragra.com"],"cc":["aracelli@suragra.com","marcoantonio@suragra.com","cinthia@suragra.com","jadcve@gmail.com","tesoreria@suragra.com"],"subject":"Resumen Neto Vencido SURAGRA","id":"0101019f039abc1f-b1f898e9-abc6-4f2a-a316-ecc732f77a52-000000","msg":"📎 Correo con logo inline enviado por SES"}
{"level":30,"time":1782471923802,"pid":10632,"hostname":"TS-SURAGRA","to":["lpinto@fundolacampana.cl","aracelli@suragra.com","marcoantonio@suragra.com","cinthia@suragra.com","jadcve@gmail.com","tesoreria@suragra.com"],"codIdtSap":"C76979390","msg":"Enviando NETO"}
{"level":30,"time":1782471924084,"pid":10632,"hostname":"TS-SURAGRA","to":["lpinto@fundolacampana.cl","aracelli@suragra.com","marcoantonio@suragra.com","cinthia@suragra.com","jadcve@gmail.com","tesoreria@suragra.com"],"cc":["aracelli@suragra.com","marcoantonio@suragra.com","cinthia@suragra.com","jadcve@gmail.com","tesoreria@suragra.com"],"subject":"Resumen Neto Vencido SURAGRA","id":"0101019f039b18d7-eb28571c-9f31-44bf-aa4a-2675d9f32664-000000","msg":"📎 Correo con logo inline enviado por SES"}
{"level":30,"time":1782471941247,"pid":10632,"hostname":"TS-SURAGRA","to":["JCORTEZ@GROUPVALLEY.CL","aracelli@suragra.com","marcoantonio@suragra.com","cinthia@suragra.com","jadcve@gmail.com","tesoreria@suragra.com"],"codIdtSap":"C76885621","msg":"Enviando NETO"}
{"level":30,"time":1782471941533,"pid":10632,"hostname":"TS-SURAGRA","to":["JCORTEZ@GROUPVALLEY.CL","aracelli@suragra.com","marcoantonio@suragra.com","cinthia@suragra.com","jadcve@gmail.com","tesoreria@suragra.com"],"cc":["aracelli@suragra.com","marcoantonio@suragra.com","cinthia@suragra.com","jadcve@gmail.com","tesoreria@suragra.com"],"subject":"Resumen Neto Vencido SURAGRA","id":"0101019f039b5cfd-2f0d5de5-8f1d-43c2-856f-64f47cdd5495-000000","msg":"📎 Correo con logo inline enviado por SES"}
{"level":30,"time":1782471958234,"pid":10632,"hostname":"TS-SURAGRA","to":["naedo@fieldsfruits.com","aracelli@suragra.com","marcoantonio@suragra.com","cinthia@suragra.com","jadcve@gmail.com","tesoreria@suragra.com"],"codIdtSap":"C76304361","msg":"Enviando NETO"}
{"level":30,"time":1782471958525,"pid":10632,"hostname":"TS-SURAGRA","to":["naedo@fieldsfruits.com","aracelli@suragra.com","marcoantonio@suragra.com","cinthia@suragra.com","jadcve@gmail.com","tesoreria@suragra.com"],"cc":["aracelli@suragra.com","marcoantonio@suragra.com","cinthia@suragra.com","jadcve@gmail.com","tesoreria@suragra.com"],"subject":"Resumen Neto Vencido SURAGRA","id":"0101019f039b9f5b-4e37791a-729b-40fc-ae47-9d7385688382-000000","msg":"📎 Correo con logo inline enviado por SES"}
{"level":30,"time":1782471975048,"pid":10632,"hostname":"TS-SURAGRA","to":["paula.munoz@santa-rosario.com","aracelli@suragra.com","marcoantonio@suragra.com","cinthia@suragra.com","jadcve@gmail.com","tesoreria@suragra.com"],"codIdtSap":"C77757654","msg":"Enviando NETO"}
{"level":30,"time":1782471975292,"pid":10632,"hostname":"TS-SURAGRA","to":["paula.munoz@santa-rosario.com","aracelli@suragra.com","marcoantonio@suragra.com","cinthia@suragra.com","jadcve@gmail.com","tesoreria@suragra.com"],"cc":["aracelli@suragra.com","marcoantonio@suragra.com","cinthia@suragra.com","jadcve@gmail.com","tesoreria@suragra.com"],"subject":"Resumen Neto Vencido SURAGRA","id":"0101019f039be0ef-04840eaa-58ae-4e0d-8fdd-a3f61668f94e-000000","msg":"📎 Correo con logo inline enviado por SES"}
{"level":30,"time":1782471991992,"pid":10632,"hostname":"TS-SURAGRA","to":["MATERIALES@LOSOLMOS.CL","aracelli@suragra.com","marcoantonio@suragra.com","cinthia@suragra.com","jadcve@gmail.com","tesoreria@suragra.com"],"codIdtSap":"C76081733","msg":"Enviando NETO"}
{"level":30,"time":1782471992277,"pid":10632,"hostname":"TS-SURAGRA","to":["MATERIALES@LOSOLMOS.CL","aracelli@suragra.com","marcoantonio@suragra.com","cinthia@suragra.com","jadcve@gmail.com","tesoreria@suragra.com"],"cc":["aracelli@suragra.com","marcoantonio@suragra.com","cinthia@suragra.com","jadcve@gmail.com","tesoreria@suragra.com"],"subject":"Resumen Neto Vencido SURAGRA","id":"0101019f039c2338-f39ee6d5-c5c2-4ef7-88f8-7fa937c42d54-000000","msg":"📎 Correo con logo inline enviado por SES"}
{"level":30,"time":1782472008824,"pid":10632,"hostname":"TS-SURAGRA","to":["ALEJANDRASM@QUINTAYFRUIT.CL","aracelli@suragra.com","marcoantonio@suragra.com","cinthia@suragra.com","jadcve@gmail.com","tesoreria@suragra.com"],"codIdtSap":"C99578700","msg":"Enviando NETO"}
{"level":30,"time":1782472009115,"pid":10632,"hostname":"TS-SURAGRA","to":["ALEJANDRASM@QUINTAYFRUIT.CL","aracelli@suragra.com","marcoantonio@suragra.com","cinthia@suragra.com","jadcve@gmail.com","tesoreria@suragra.com"],"cc":["aracelli@suragra.com","marcoantonio@suragra.com","cinthia@suragra.com","jadcve@gmail.com","tesoreria@suragra.com"],"subject":"Resumen Neto Vencido SURAGRA","id":"0101019f039c64f8-7ddb8bac-fd3d-4548-8b46-5e67b7bdd449-000000","msg":"📎 Correo con logo inline enviado por SES"}
{"level":30,"time":1782472025588,"pid":10632,"hostname":"TS-SURAGRA","to":["storo@upacfruit.com","aracelli@suragra.com","marcoantonio@suragra.com","cinthia@suragra.com","jadcve@gmail.com","tesoreria@suragra.com"],"codIdtSap":"C76738610","msg":"Enviando NETO"}
{"level":30,"time":1782472025839,"pid":10632,"hostname":"TS-SURAGRA","to":["storo@upacfruit.com","aracelli@suragra.com","marcoantonio@suragra.com","cinthia@suragra.com","jadcve@gmail.com","tesoreria@suragra.com"],"cc":["aracelli@suragra.com","marcoantonio@suragra.com","cinthia@suragra.com","jadcve@gmail.com","tesoreria@suragra.com"],"subject":"Resumen Neto Vencido SURAGRA","id":"0101019f039ca662-63b8b3bd-39fc-49e0-8f1e-4a466eb6110a-000000","msg":"📎 Correo con logo inline enviado por SES"}
{"level":30,"time":1782472042287,"pid":10632,"hostname":"TS-SURAGRA","to":["adquisicionescarsal@gmail.com","aracelli@suragra.com","marcoantonio@suragra.com","cinthia@suragra.com","jadcve@gmail.com","tesoreria@suragra.com"],"codIdtSap":"C78557210","msg":"Enviando NETO"}
{"level":30,"time":1782472042576,"pid":10632,"hostname":"TS-SURAGRA","to":["adquisicionescarsal@gmail.com","aracelli@suragra.com","marcoantonio@suragra.com","cinthia@suragra.com","jadcve@gmail.com","tesoreria@suragra.com"],"cc":["aracelli@suragra.com","marcoantonio@suragra.com","cinthia@suragra.com","jadcve@gmail.com","tesoreria@suragra.com"],"subject":"Resumen Neto Vencido SURAGRA","id":"0101019f039ce7b1-ea87619f-ac17-4235-bd60-c11235f1334f-000000","msg":"📎 Correo con logo inline enviado por SES"}
{"level":30,"time":1782472058897,"pid":10632,"hostname":"TS-SURAGRA","to":["GHERNANDEZ@SALC.CL","aracelli@suragra.com","marcoantonio@suragra.com","cinthia@suragra.com","jadcve@gmail.com","tesoreria@suragra.com"],"codIdtSap":"C77221510","msg":"Enviando NETO"}
{"level":30,"time":1782472059181,"pid":10632,"hostname":"TS-SURAGRA","to":["GHERNANDEZ@SALC.CL","aracelli@suragra.com","marcoantonio@suragra.com","cinthia@suragra.com","jadcve@gmail.com","tesoreria@suragra.com"],"cc":["aracelli@suragra.com","marcoantonio@suragra.com","cinthia@suragra.com","jadcve@gmail.com","tesoreria@suragra.com"],"subject":"Resumen Neto Vencido SURAGRA","id":"0101019f039d288c-a3f672da-725c-4819-aa85-29020435ff1d-000000","msg":"📎 Correo con logo inline enviado por SES"}
{"level":30,"time":1782472075855,"pid":10632,"hostname":"TS-SURAGRA","to":["cbarrera@zurgroup.cl","aracelli@suragra.com","marcoantonio@suragra.com","cinthia@suragra.com","jadcve@gmail.com","tesoreria@suragra.com"],"codIdtSap":"C761625829","msg":"Enviando NETO"}
{"level":30,"time":1782472076143,"pid":10632,"hostname":"TS-SURAGRA","to":["cbarrera@zurgroup.cl","aracelli@suragra.com","marcoantonio@suragra.com","cinthia@suragra.com","jadcve@gmail.com","tesoreria@suragra.com"],"cc":["aracelli@suragra.com","marcoantonio@suragra.com","cinthia@suragra.com","jadcve@gmail.com","tesoreria@suragra.com"],"subject":"Resumen Neto Vencido SURAGRA","id":"0101019f039d6ac9-180a6bbd-185a-42e7-96cc-2f22024ea6a6-000000","msg":"📎 Correo con logo inline enviado por SES"}
{"level":30,"time":1782472076145,"pid":10632,"hostname":"TS-SURAGRA","job":"NETO","msg":"job done"}
{"level":30,"time":1782492059048,"pid":6880,"hostname":"TS-SURAGRA","altTest":1,"dryRun":false,"testRecipients":["jadcve@gmail.com"],"cc":["aracelli@suragra.com","marcoantonio@suragra.com","cinthia@suragra.com","jadcve@gmail.com","tesoreria@suragra.com"],"tz":"America/Santiago","msg":"Mailer mode loaded"}
Alarms up. TZ: America/Santiago
{"level":50,"time":1782532500856,"pid":6880,"hostname":"TS-SURAGRA","job":"HEARTBEAT","err":"sendEmail is not defined","msg":"Heartbeat failed"}
{"level":50,"time":1782618900662,"pid":6880,"hostname":"TS-SURAGRA","job":"HEARTBEAT","err":"sendEmail is not defined","msg":"Heartbeat failed"}
{"level":50,"time":1782705300658,"pid":6880,"hostname":"TS-SURAGRA","job":"HEARTBEAT","err":"sendEmail is not defined","msg":"Heartbeat failed"}
{"level":50,"time":1782791700659,"pid":6880,"hostname":"TS-SURAGRA","job":"HEARTBEAT","err":"sendEmail is not defined","msg":"Heartbeat failed"}
{"level":50,"time":1782878100653,"pid":6880,"hostname":"TS-SURAGRA","job":"HEARTBEAT","err":"sendEmail is not defined","msg":"Heartbeat failed"}
{"level":50,"time":1782964500651,"pid":6880,"hostname":"TS-SURAGRA","job":"HEARTBEAT","err":"sendEmail is not defined","msg":"Heartbeat failed"}
{"level":50,"time":1783050900651,"pid":6880,"hostname":"TS-SURAGRA","job":"HEARTBEAT","err":"sendEmail is not defined","msg":"Heartbeat failed"}
{"level":30,"time":1783076400502,"pid":6880,"hostname":"TS-SURAGRA","msg":"Inicializando conexión MSSQL..."}
{"level":50,"time":1783076400515,"pid":6880,"hostname":"TS-SURAGRA","job":"NETO","err":"Failed to connect to localhost:1433 - Could not connect (sequence)","msg":"job failed"}
{"level":50,"time":1783137300651,"pid":6880,"hostname":"TS-SURAGRA","job":"HEARTBEAT","err":"sendEmail is not defined","msg":"Heartbeat failed"}
{"level":50,"time":1783166400526,"pid":6880,"hostname":"TS-SURAGRA","job":"RESUMEN","err":"Failed to connect to localhost:1433 - Could not connect (sequence)","msg":"job failed"}
{"level":50,"time":1783223700647,"pid":6880,"hostname":"TS-SURAGRA","job":"HEARTBEAT","err":"sendEmail is not defined","msg":"Heartbeat failed"}
{"level":50,"time":1783310100652,"pid":6880,"hostname":"TS-SURAGRA","job":"HEARTBEAT","err":"sendEmail is not defined","msg":"Heartbeat failed"}
{"level":50,"time":1783396500659,"pid":6880,"hostname":"TS-SURAGRA","job":"HEARTBEAT","err":"sendEmail is not defined","msg":"Heartbeat failed"}
{"level":50,"time":1783482900656,"pid":6880,"hostname":"TS-SURAGRA","job":"HEARTBEAT","err":"sendEmail is not defined","msg":"Heartbeat failed"}
{"level":50,"time":1783569300655,"pid":6880,"hostname":"TS-SURAGRA","job":"HEARTBEAT","err":"sendEmail is not defined","msg":"Heartbeat failed"}
{"level":50,"time":1783655700655,"pid":6880,"hostname":"TS-SURAGRA","job":"HEARTBEAT","err":"sendEmail is not defined","msg":"Heartbeat failed"}
{"level":50,"time":1783681200661,"pid":6880,"hostname":"TS-SURAGRA","job":"NETO","err":"Failed to connect to localhost:1433 - Could not connect (sequence)","msg":"job failed"}
{"level":50,"time":1783742100657,"pid":6880,"hostname":"TS-SURAGRA","job":"HEARTBEAT","err":"sendEmail is not defined","msg":"Heartbeat failed"}
{"level":50,"time":1783828500649,"pid":6880,"hostname":"TS-SURAGRA","job":"HEARTBEAT","err":"sendEmail is not defined","msg":"Heartbeat failed"}
{"level":50,"time":1783914900649,"pid":6880,"hostname":"TS-SURAGRA","job":"HEARTBEAT","err":"sendEmail is not defined","msg":"Heartbeat failed"}
{"level":50,"time":1784001300656,"pid":6880,"hostname":"TS-SURAGRA","job":"HEARTBEAT","err":"sendEmail is not defined","msg":"Heartbeat failed"}
{"level":50,"time":1784087700666,"pid":6880,"hostname":"TS-SURAGRA","job":"HEARTBEAT","err":"sendEmail is not defined","msg":"Heartbeat failed"}
{"level":50,"time":1784116800541,"pid":6880,"hostname":"TS-SURAGRA","job":"IVA","err":"Failed to connect to localhost:1433 - Could not connect (sequence)","msg":"job failed"}
